background_id,scenario_id,scenario_type,parent_scenario_id,design_note,rho,class1_share,slots_per_day,lambda_total,lambda_class1,lambda_class2,horizon_class1,horizon_class2,cancel_class1,cancel_class2,balk_threshold_class1,balk_threshold_class2,balk_low_class1,balk_low_class2,balk_high_class1,balk_high_class2,noshow_threshold_class1,noshow_threshold_class2,noshow_low_class1,noshow_low_class2,noshow_high_class1,noshow_high_class2,asymmetric_dimensions,source_scenario_id,source_scenario_ids,source_scenario_count,valid_h3_thresholds,h3_design_active,h3_design_inactive_reason,noshow_high_low_focal,noshow_high_high_focal
H3B0001,A001,anchor,,rho_capacity_grid_rho_0.8_capacity_16,0.8,0.1,16,12.8,1.2800000000000002,11.52,14,14,0.1,0.1,9,9,0.0,0.0,0.5,0.5,0,6,0.0,0.0,0.0,0.3,,A001,A001,1,4;6;9;12,True,,0.0,0.7
H3B0002,A002,anchor,,rho_capacity_grid_rho_0.8_capacity_32,0.8,0.3,32,25.6,7.68,17.919999999999998,14,14,0.1,0.1,9,9,0.0,0.0,0.5,0.5,0,6,0.0,0.0,0.0,0.3,,A002,A002,1,4;6;9;12,True,,0.0,0.7
H3B0003,A003,anchor,,rho_capacity_grid_rho_0.8_capacity_64,0.8,0.5,64,51.2,25.6,25.6,14,14,0.1,0.1,9,9,0.0,0.0,0.5,0.5,0,6,0.0,0.0,0.0,0.3,,A003,A003,1,4;6;9;12,True,,0.0,0.7
H3B0004,A004,anchor,,rho_capacity_grid_rho_1.25_capacity_16,1.25,0.7,16,20.0,14.0,6.000000000000001,14,14,0.1,0.1,9,9,0.0,0.0,0.5,0.5,0,6,0.0,0.0,0.0,0.3,,A004,A004,1,4;6;9;12,True,,0.0,0.7
H3B0005,A005,anchor,,rho_capacity_grid_rho_1.25_capacity_32,1.25,0.9,32,40.0,36.0,3.999999999999999,14,14,0.1,0.1,9,9,0.0,0.0,0.5,0.5,0,6,0.0,0.0,0.0,0.3,,A005,A005,1,4;6;9;12,True,,0.0,0.7
H3B0006,A006,anchor,,rho_capacity_grid_rho_1.25_capacity_64,1.25,0.1,64,80.0,8.0,72.0,14,14,0.1,0.1,9,9,0.0,0.0,0.5,0.5,0,6,0.0,0.0,0.0,0.3,,A006,A006,1,4;6;9;12,True,,0.0,0.7
H3B0007,A007,anchor,,rho_capacity_grid_rho_2.0_capacity_16,2.0,0.3,16,32.0,9.6,22.4,14,14,0.1,0.1,9,9,0.0,0.0,0.5,0.5,0,6,0.0,0.0,0.0,0.3,,A007,A007,1,4;6;9;12,True,,0.0,0.7
H3B0008,A008,anchor,,rho_capacity_grid_rho_2.0_capacity_32,2.0,0.5,32,64.0,32.0,32.0,14,14,0.1,0.1,9,9,0.0,0.0,0.5,0.5,0,6,0.0,0.0,0.0,0.3,,A008,A008,1,4;6;9;12,True,,0.0,0.7
H3B0009,A009,anchor,,rho_capacity_grid_rho_2.0_capacity_64,2.0,0.7,64,128.0,89.6,38.400000000000006,14,14,0.1,0.1,9,9,0.0,0.0,0.5,0.5,0,6,0.0,0.0,0.0,0.3,,A009,A009,1,4;6;9;12,True,,0.0,0.7
H3B0010,A010,anchor,,rho_capacity_grid_rho_3.1_capacity_16,3.1,0.9,16,49.6,44.64,4.959999999999999,14,14,0.1,0.1,9,9,0.0,0.0,0.5,0.5,0,6,0.0,0.0,0.0,0.3,,A010,A010,1,4;6;9;12,True,,0.0,0.7
H3B0011,A011,anchor,,rho_capacity_grid_rho_3.1_capacity_32,3.1,0.1,32,99.2,9.920000000000002,89.28,14,14,0.1,0.1,9,9,0.0,0.0,0.5,0.5,0,6,0.0,0.0,0.0,0.3,,A011,A011,1,4;6;9;12,True,,0.0,0.7
H3B0012,A012,anchor,,rho_capacity_grid_rho_3.1_capacity_64,3.1,0.3,64,198.4,59.52,138.88,14,14,0.1,0.1,9,9,0.0,0.0,0.5,0.5,0,6,0.0,0.0,0.0,0.3,,A012,A012,1,4;6;9;12,True,,0.0,0.7
H3B0013,A013,anchor,,rho_capacity_grid_rho_4.0_capacity_16,4.0,0.5,16,64.0,32.0,32.0,14,14,0.1,0.1,9,9,0.0,0.0,0.5,0.5,0,6,0.0,0.0,0.0,0.3,,A013,A013,1,4;6;9;12,True,,0.0,0.7
H3B0014,A014,anchor,,rho_capacity_grid_rho_4.0_capacity_32,4.0,0.7,32,128.0,89.6,38.400000000000006,14,14,0.1,0.1,9,9,0.0,0.0,0.5,0.5,0,6,0.0,0.0,0.0,0.3,,A014,A014,1,4;6;9;12,True,,0.0,0.7
H3B0015,A015,anchor,,rho_capacity_grid_rho_4.0_capacity_64,4.0,0.9,64,256.0,230.4,25.599999999999994,14,14,0.1,0.1,9,9,0.0,0.0,0.5,0.5,0,6,0.0,0.0,0.0,0.3,,A015,A015,1,4;6;9;12,True,,0.0,0.7
H3B0016,A016,anchor,,short_horizon_zero_risk,0.8,0.5,32,25.6,12.8,12.8,7,7,0.0,0.0,4,4,0.0,0.0,0.0,0.0,0,4,0.0,0.0,0.0,0.0,,A016,A016,1,4,False,fewer_than_two_valid_thresholds,0.0,0.7
H3B0017,A017,anchor,,long_horizon_low_step,1.25,0.3,64,80.0,24.0,56.0,21,21,0.3,0.3,6,6,0.1,0.1,0.1,0.1,0,9,0.0,0.0,0.0,0.1,,A017,A017,1,4;6;9;12,True,,0.0,0.7
H3B0018,A018,anchor,,longest_horizon_mid_risk,2.0,0.7,16,32.0,22.4,9.6,28,28,0.5,0.5,12,12,0.3,0.3,0.3,0.3,0,12,0.3,0.3,0.3,0.3,,A018,A018,1,4;6;9;12,True,,0.3,0.7
H3B0019,A019,anchor,,high_balk_low_threshold,3.1,0.5,32,99.2,49.6,49.6,14,14,0.0,0.0,4,4,0.5,0.5,0.7,0.7,0,4,0.5,0.5,0.5,0.5,,A019,A019,1,4;6;9;12,True,,0.5,0.7
H3B0020,A020,anchor,,maximum_common_risk,4.0,0.5,32,128.0,64.0,64.0,14,14,0.3,0.3,6,6,0.7,0.7,0.7,0.7,0,6,0.7,0.7,0.7,0.7,,A020,A020,1,4;6;9;12,False,no_valid_post_threshold_increase,0.7,0.7
H3B0021,A021,anchor,,low_pressure_long_horizon,0.8,0.1,64,51.2,5.120000000000001,46.080000000000005,28,28,0.1,0.1,12,12,0.0,0.0,0.1,0.1,0,12,0.0,0.0,0.0,0.1,,A021,A021,1,4;6;9;12,True,,0.0,0.7
H3B0022,A022,anchor,,high_pressure_short_horizon,4.0,0.9,16,64.0,57.6,6.399999999999999,7,7,0.5,0.5,4,4,0.5,0.5,0.7,0.7,0,4,0.5,0.5,0.5,0.7,,A022,A022,1,4,False,fewer_than_two_valid_thresholds,0.5,0.7
H3B0023,A023,anchor,,class1_minority_high_risk,3.1,0.1,32,99.2,9.920000000000002,89.28,21,21,0.3,0.3,9,9,0.3,0.3,0.7,0.7,0,6,0.3,0.3,0.3,0.7,,A023,A023,1,4;6;9;12,True,,0.3,0.7
H3B0024,A024,anchor,,class1_majority_high_risk,3.1,0.9,32,99.2,89.28,9.919999999999998,21,21,0.3,0.3,9,9,0.3,0.3,0.7,0.7,0,6,0.3,0.3,0.3,0.7,,A024,A024,1,4;6;9;12,True,,0.3,0.7
H3B0025,A025,anchor,,high_post_threshold_exposure,4.0,0.5,32,128.0,64.0,64.0,28,28,0.1,0.1,4,4,0.0,0.0,0.7,0.7,0,4,0.0,0.0,0.0,0.7,,A025,A025,1,4;6;9;12,True,,0.0,0.7
H3B0026,A026,anchor,,low_post_threshold_exposure,2.0,0.5,32,64.0,32.0,32.0,14,14,0.1,0.1,12,12,0.0,0.0,0.7,0.7,0,12,0.0,0.0,0.0,0.7,,A026,A026,1,4;6;9;12,True,,0.0,0.7
H3B0027,A027,anchor,,small_scale_balanced,1.25,0.5,16,20.0,10.0,10.0,21,21,0.0,0.0,6,6,0.0,0.0,0.3,0.3,0,9,0.0,0.0,0.0,0.3,,A027,A027,1,4;6;9;12,True,,0.0,0.7
H3B0028,A028,anchor,,large_scale_balanced,1.25,0.5,64,80.0,40.0,40.0,21,21,0.0,0.0,6,6,0.0,0.0,0.3,0.3,0,9,0.0,0.0,0.0,0.3,,A028,A028,1,4;6;9;12,True,,0.0,0.7
H3B0029,A029,anchor,,high_cancel_low_noshow,3.1,0.3,32,99.2,29.76,69.44,14,14,0.5,0.5,9,9,0.0,0.0,0.5,0.5,0,6,0.0,0.0,0.0,0.0,,A029,A029,1,4;6;9;12,True,,0.0,0.7
H3B0030,A030,anchor,,low_cancel_high_noshow,3.1,0.7,32,99.2,69.44,29.760000000000005,14,14,0.0,0.0,9,9,0.0,0.0,0.5,0.5,0,6,0.5,0.5,0.5,0.7,,A030,A030,1,4;6;9;12,True,,0.5,0.7
H3B0031,A031,anchor,,high_balk_low_noshow,3.1,0.5,32,99.2,49.6,49.6,14,14,0.1,0.1,6,6,0.3,0.3,0.7,0.7,0,9,0.0,0.0,0.0,0.1,,A031,A031,1,4;6;9;12,True,,0.0,0.7
H3B0032,A032,anchor,,low_balk_high_noshow,3.1,0.5,32,99.2,49.6,49.6,14,14,0.1,0.1,6,6,0.0,0.0,0.1,0.1,0,9,0.3,0.3,0.3,0.7,,A032,A032,1,4;6;9;12,True,,0.3,0.7
H3B0033,S001,sobol_symmetric,,scrambled_sobol,3.1,0.3,16,49.6,14.88,34.72,21,21,0.5,0.5,12,12,0.1,0.1,0.7,0.7,0,12,0.0,0.0,0.0,0.3,,S001,S001,1,4;6;9;12,True,,0.0,0.7
H3B0034,S002,sobol_symmetric,,scrambled_sobol,1.25,0.7,64,80.0,56.0,24.000000000000004,7,7,0.1,0.1,4,4,0.0,0.0,0.7,0.7,0,4,0.3,0.3,0.3,0.7,,S002,S002,1,4,False,fewer_than_two_valid_thresholds,0.3,0.7
H3B0035,S003,sobol_symmetric,,scrambled_sobol,2.0,0.1,16,32.0,3.2,28.8,28,28,0.0,0.0,6,6,0.3,0.3,0.7,0.7,0,4,0.7,0.7,0.7,0.7,,S003,S003,1,4;6;9;12,False,no_valid_post_threshold_increase,0.7,0.7
H3B0036,S004,sobol_symmetric,,scrambled_sobol,4.0,0.9,64,256.0,230.4,25.599999999999994,14,14,0.3,0.3,9,9,0.0,0.0,0.0,0.0,0,9,0.3,0.3,0.3,0.3,,S004,S004,1,4;6;9;12,True,,0.3,0.7
H3B0037,S005,sobol_symmetric,,scrambled_sobol,3.1,0.1,64,198.4,19.840000000000003,178.56,14,14,0.3,0.3,12,12,0.5,0.5,0.7,0.7,0,4,0.5,0.5,0.5,0.7,,S005,S005,1,4;6;9;12,True,,0.5,0.7
H3B0038,S006,sobol_symmetric,,scrambled_sobol,1.25,0.9,16,20.0,18.0,2.0,28,28,0.0,0.0,4,4,0.0,0.0,0.3,0.3,0,9,0.0,0.0,0.0,0.5,,S006,S006,1,4;6;9;12,True,,0.0,0.7
H3B0039,S007,sobol_symmetric,,scrambled_sobol,0.8,0.5,32,25.6,12.8,12.8,7,7,0.1,0.1,4,4,0.3,0.3,0.5,0.5,0,4,0.0,0.0,0.0,0.0,,S007,S007,1,4,False,fewer_than_two_valid_thresholds,0.0,0.7
H3B0040,S008,sobol_symmetric,,scrambled_sobol,3.1,0.7,32,99.2,69.44,29.760000000000005,21,21,0.5,0.5,9,9,0.1,0.1,0.3,0.3,0,6,0.3,0.3,0.3,0.5,,S008,S008,1,4;6;9;12,True,,0.3,0.7
H3B0041,S009,sobol_symmetric,,scrambled_sobol,2.0,0.3,32,64.0,19.2,44.8,28,28,0.1,0.1,9,9,0.7,0.7,0.7,0.7,0,4,0.5,0.5,0.5,0.5,,S009,S009,1,4;6;9;12,True,,0.5,0.7
H3B0042,S010,sobol_symmetric,,scrambled_sobol,0.8,0.9,32,25.6,23.040000000000003,2.56,14,14,0.5,0.5,6,6,0.0,0.0,0.3,0.3,0,9,0.0,0.0,0.0,0.7,,S010,S010,1,4;6;9;12,True,,0.0,0.7
H3B0043,S011,sobol_symmetric,,scrambled_sobol,1.25,0.3,64,80.0,24.0,56.0,21,21,0.3,0.3,4,4,0.3,0.3,0.7,0.7,0,12,0.0,0.0,0.0,0.0,,S011,S011,1,4;6;9;12,True,,0.0,0.7
H3B0044,S012,sobol_symmetric,,scrambled_sobol,4.0,0.7,16,64.0,44.8,19.200000000000003,7,7,0.0,0.0,4,4,0.1,0.1,0.5,0.5,0,4,0.3,0.3,0.3,0.5,,S012,S012,1,4,False,fewer_than_two_valid_thresholds,0.3,0.7
H3B0045,S013,sobol_symmetric,,scrambled_sobol,4.0,0.5,16,64.0,32.0,32.0,7,7,0.0,0.0,4,4,0.3,0.3,0.3,0.3,0,4,0.0,0.0,0.0,0.3,,S013,S013,1,4,False,fewer_than_two_valid_thresholds,0.0,0.7
H3B0046,S014,sobol_symmetric,,scrambled_sobol,2.0,0.5,64,128.0,64.0,64.0,21,21,0.3,0.3,6,6,0.1,0.1,0.1,0.1,0,6,0.3,0.3,0.3,0.7,,S014,S014,1,4;6;9;12,True,,0.3,0.7
H3B0047,S015,sobol_symmetric,,scrambled_sobol,0.8,0.1,16,12.8,1.2800000000000002,11.52,14,14,0.5,0.5,4,4,0.5,0.5,0.5,0.5,0,4,0.7,0.7,0.7,0.7,,S015,S015,1,4;6;9;12,False,no_valid_post_threshold_increase,0.7,0.7
H3B0048,S016,sobol_symmetric,,scrambled_sobol,3.1,0.9,64,198.4,178.56,19.84,28,28,0.1,0.1,12,12,0.0,0.0,0.1,0.1,0,9,0.0,0.0,0.0,0.7,,S016,S016,1,4;6;9;12,True,,0.0,0.7
H3B0049,S017,sobol_symmetric,,scrambled_sobol,3.1,0.1,32,99.2,9.920000000000002,89.28,7,7,0.3,0.3,4,4,0.0,0.0,0.7,0.7,0,4,0.0,0.0,0.0,0.5,,S017,S017,1,4,False,fewer_than_two_valid_thresholds,0.0,0.7
H3B0050,S018,sobol_symmetric,,scrambled_sobol,0.8,0.9,32,25.6,23.040000000000003,2.56,21,21,0.0,0.0,9,9,0.1,0.1,0.5,0.5,0,9,0.5,0.5,0.5,0.5,,S018,S018,1,4;6;9;12,True,,0.5,0.7
H3B0051,S019,sobol_symmetric,,scrambled_sobol,2.0,0.5,16,32.0,16.0,16.0,14,14,0.1,0.1,12,12,0.0,0.0,0.0,0.0,0,12,0.3,0.3,0.3,0.5,,S019,S019,1,4;6;9;12,True,,0.3,0.7
H3B0052,S020,sobol_symmetric,,scrambled_sobol,4.0,0.5,64,256.0,128.0,128.0,28,28,0.5,0.5,4,4,0.3,0.3,0.7,0.7,0,6,0.0,0.0,0.0,0.0,,S020,S020,1,4;6;9;12,True,,0.0,0.7
H3B0053,S021,sobol_symmetric,,scrambled_sobol,4.0,0.3,32,128.0,38.4,89.6,28,28,0.5,0.5,6,6,0.0,0.0,0.3,0.3,0,12,0.3,0.3,0.3,0.7,,S021,S021,1,4;6;9;12,True,,0.3,0.7
H3B0054,S022,sobol_symmetric,,scrambled_sobol,1.25,0.7,16,20.0,14.0,6.000000000000001,14,14,0.1,0.1,9,9,0.7,0.7,0.7,0.7,0,6,0.0,0.0,0.0,0.3,,S022,S022,1,4;6;9;12,True,,0.0,0.7
H3B0055,S023,sobol_symmetric,,scrambled_sobol,0.8,0.3,64,51.2,15.36,35.84,21,21,0.0,0.0,12,12,0.1,0.1,0.1,0.1,0,4,0.0,0.0,0.0,0.7,,S023,S023,1,4;6;9;12,True,,0.0,0.7
H3B0056,S024,sobol_symmetric,,scrambled_sobol,2.0,0.7,16,32.0,22.4,9.6,7,7,0.3,0.3,4,4,0.3,0.3,0.3,0.3,0,4,0.7,0.7,0.7,0.7,,S024,S024,1,4,False,fewer_than_two_valid_thresholds;no_valid_post_threshold_increase,0.7,0.7
H3B0057,S025,sobol_symmetric,,scrambled_sobol,2.0,0.3,64,128.0,38.4,89.6,14,14,0.0,0.0,4,4,0.0,0.0,0.5,0.5,0,12,0.3,0.3,0.3,0.7,,S025,S025,1,4;6;9;12,True,,0.3,0.7
H3B0058,S026,sobol_symmetric,,scrambled_sobol,0.8,0.5,16,12.8,6.4,6.4,28,28,0.3,0.3,12,12,0.7,0.7,0.7,0.7,0,6,0.0,0.0,0.0,0.1,,S026,S026,1,4;6;9;12,True,,0.0,0.7
H3B0059,S027,sobol_symmetric,,scrambled_sobol,1.25,0.1,64,80.0,8.0,72.0,7,7,0.5,0.5,4,4,0.1,0.1,0.3,0.3,0,4,0.3,0.3,0.3,0.3,,S027,S027,1,4,False,fewer_than_two_valid_thresholds,0.3,0.7
H3B0060,S028,sobol_symmetric,,scrambled_sobol,3.1,0.9,32,99.2,89.28,9.919999999999998,21,21,0.1,0.1,6,6,0.3,0.3,0.5,0.5,0,9,0.5,0.5,0.5,0.7,,S028,S028,1,4;6;9;12,True,,0.5,0.7
H3B0061,S029,sobol_symmetric,,scrambled_sobol,4.0,0.1,16,64.0,6.4,57.6,21,21,0.1,0.1,4,4,0.0,0.0,0.7,0.7,0,4,0.0,0.0,0.0,0.3,,S029,S029,1,4;6;9;12,True,,0.0,0.7
H3B0062,S030,sobol_symmetric,,scrambled_sobol,1.25,0.9,64,80.0,72.0,7.999999999999998,7,7,0.5,0.5,4,4,0.1,0.1,0.7,0.7,0,4,0.5,0.5,0.5,0.7,,S030,S030,1,4,False,fewer_than_two_valid_thresholds,0.5,0.7
H3B0063,S031,sobol_symmetric,,scrambled_sobol,1.25,0.3,32,40.0,12.0,28.0,28,28,0.3,0.3,9,9,0.0,0.0,0.1,0.1,0,12,0.3,0.3,0.3,0.3,,S031,S031,1,4;6;9;12,True,,0.3,0.7
H3B0064,S032,sobol_symmetric,,scrambled_sobol,3.1,0.7,32,99.2,69.44,29.760000000000005,14,14,0.0,0.0,6,6,0.5,0.5,0.7,0.7,0,6,0.0,0.0,0.0,0.1,,S032,S032,1,4;6;9;12,True,,0.0,0.7
H3B0065,S033,sobol_symmetric,,scrambled_sobol,3.1,0.1,64,198.4,19.840000000000003,178.56,7,7,0.5,0.5,4,4,0.0,0.0,0.0,0.0,0,4,0.5,0.5,0.5,0.5,,S033,S033,1,4,False,fewer_than_two_valid_thresholds,0.5,0.7
H3B0066,S034,sobol_symmetric,,scrambled_sobol,1.25,0.9,16,20.0,18.0,2.0,21,21,0.1,0.1,9,9,0.5,0.5,0.5,0.5,0,12,0.0,0.0,0.0,0.5,,S034,S034,1,4;6;9;12,True,,0.0,0.7
H3B0067,S035,sobol_symmetric,,scrambled_sobol,1.25,0.3,32,40.0,12.0,28.0,14,14,0.0,0.0,12,12,0.0,0.0,0.5,0.5,0,9,0.0,0.0,0.0,0.0,,S035,S035,1,4;6;9;12,True,,0.0,0.7
H3B0068,S036,sobol_symmetric,,scrambled_sobol,4.0,0.7,32,128.0,89.6,38.400000000000006,28,28,0.3,0.3,4,4,0.1,0.1,0.5,0.5,0,4,0.3,0.3,0.3,0.5,,S036,S036,1,4;6;9;12,True,,0.3,0.7
H3B0069,S037,sobol_symmetric,,scrambled_sobol,3.1,0.5,16,49.6,24.8,24.8,28,28,0.3,0.3,6,6,0.1,0.1,0.1,0.1,0,9,0.0,0.0,0.0,0.3,,S037,S037,1,4;6;9;12,True,,0.0,0.7
H3B0070,S038,sobol_symmetric,,scrambled_sobol,1.25,0.5,64,80.0,40.0,40.0,14,14,0.0,0.0,9,9,0.3,0.3,0.3,0.3,0,4,0.3,0.3,0.3,0.7,,S038,S038,1,4;6;9;12,True,,0.3,0.7
H3B0071,S039,sobol_symmetric,,scrambled_sobol,0.8,0.1,16,12.8,1.2800000000000002,11.52,21,21,0.1,0.1,12,12,0.0,0.0,0.3,0.3,0,6,0.7,0.7,0.7,0.7,,S039,S039,1,4;6;9;12,False,no_valid_post_threshold_increase,0.7,0.7
H3B0072,S040,sobol_symmetric,,scrambled_sobol,2.0,0.9,32,64.0,57.6,6.399999999999999,7,7,0.5,0.5,4,4,0.5,0.5,0.7,0.7,0,4,0.0,0.0,0.0,0.7,,S040,S040,1,4,False,fewer_than_two_valid_thresholds,0.0,0.7
H3B0073,S041,sobol_symmetric,,scrambled_sobol,2.0,0.3,16,32.0,9.6,22.4,14,14,0.1,0.1,4,4,0.1,0.1,0.3,0.3,0,9,0.0,0.0,0.0,0.1,,S041,S041,1,4;6;9;12,True,,0.0,0.7
H3B0074,S042,sobol_symmetric,,scrambled_sobol,0.8,0.7,64,51.2,35.84,15.360000000000005,28,28,0.5,0.5,12,12,0.3,0.3,0.5,0.5,0,4,0.5,0.5,0.5,0.5,,S042,S042,1,4;6;9;12,True,,0.5,0.7
H3B0075,S043,sobol_symmetric,,scrambled_sobol,1.25,0.3,16,20.0,6.0,14.0,7,7,0.3,0.3,4,4,0.0,0.0,0.5,0.5,0,4,0.5,0.5,0.5,0.7,,S043,S043,1,4,False,fewer_than_two_valid_thresholds,0.5,0.7
H3B0076,S044,sobol_symmetric,,scrambled_sobol,4.0,0.7,64,256.0,179.2,76.80000000000001,21,21,0.0,0.0,6,6,0.7,0.7,0.7,0.7,0,12,0.3,0.3,0.3,0.3,,S044,S044,1,4;6;9;12,True,,0.3,0.7
H3B0077,S045,sobol_symmetric,,scrambled_sobol,4.0,0.1,32,128.0,12.8,115.2,21,21,0.0,0.0,4,4,0.0,0.0,0.1,0.1,0,6,0.5,0.5,0.5,0.7,,S045,S045,1,4;6;9;12,True,,0.5,0.7
H3B0078,S046,sobol_symmetric,,scrambled_sobol,2.0,0.9,32,64.0,57.6,6.399999999999999,7,7,0.3,0.3,4,4,0.5,0.5,0.5,0.5,0,4,0.0,0.0,0.0,0.5,,S046,S046,1,4,False,fewer_than_two_valid_thresholds,0.0,0.7
H3B0079,S047,sobol_symmetric,,scrambled_sobol,0.8,0.5,64,51.2,25.6,25.6,28,28,0.5,0.5,9,9,0.0,0.0,0.7,0.7,0,9,0.0,0.0,0.0,0.1,,S047,S047,1,4;6;9;12,True,,0.0,0.7
H3B0080,S048,sobol_symmetric,,scrambled_sobol,3.1,0.5,16,49.6,24.8,24.8,14,14,0.1,0.1,6,6,0.1,0.1,0.7,0.7,0,4,0.3,0.3,0.3,0.3,,S048,S048,1,4;6;9;12,True,,0.3,0.7
H3B0081,S049,sobol_symmetric,,scrambled_sobol,3.1,0.5,64,198.4,99.2,99.2,21,21,0.3,0.3,12,12,0.3,0.3,0.7,0.7,0,9,0.3,0.3,0.3,0.7,,S049,S049,1,4;6;9;12,True,,0.3,0.7
H3B0082,S050,sobol_symmetric,,scrambled_sobol,0.8,0.5,32,25.6,12.8,12.8,7,7,0.0,0.0,4,4,0.0,0.0,0.0,0.0,0,4,0.0,0.0,0.0,0.1,,S050,S050,1,4,False,fewer_than_two_valid_thresholds,0.0,0.7
H3B0083,S051,sobol_symmetric,,scrambled_sobol,2.0,0.1,64,128.0,12.8,115.2,28,28,0.1,0.1,6,6,0.1,0.1,0.7,0.7,0,6,0.0,0.0,0.0,0.7,,S051,S051,1,4;6;9;12,True,,0.0,0.7
H3B0084,S052,sobol_symmetric,,scrambled_sobol,4.0,0.9,16,64.0,57.6,6.399999999999999,14,14,0.5,0.5,9,9,0.0,0.0,0.7,0.7,0,12,0.7,0.7,0.7,0.7,,S052,S052,1,4;6;9;12,False,no_valid_post_threshold_increase,0.7,0.7
H3B0085,S053,sobol_symmetric,,scrambled_sobol,4.0,0.1,32,128.0,12.8,115.2,14,14,0.5,0.5,12,12,0.3,0.3,0.5,0.5,0,6,0.0,0.0,0.0,0.5,,S053,S053,1,4;6;9;12,True,,0.0,0.7
H3B0086,S054,sobol_symmetric,,scrambled_sobol,1.25,0.7,32,40.0,28.0,12.000000000000002,28,28,0.1,0.1,4,4,0.1,0.1,0.3,0.3,0,12,0.5,0.5,0.5,0.5,,S054,S054,1,4;6;9;12,True,,0.5,0.7
H3B0087,S055,sobol_symmetric,,scrambled_sobol,0.8,0.3,16,12.8,3.84,8.959999999999999,7,7,0.0,0.0,4,4,0.5,0.5,0.7,0.7,0,4,0.3,0.3,0.3,0.3,,S055,S055,1,4,False,fewer_than_two_valid_thresholds,0.3,0.7
H3B0088,S056,sobol_symmetric,,scrambled_sobol,2.0,0.7,64,128.0,89.6,38.400000000000006,21,21,0.3,0.3,9,9,0.0,0.0,0.1,0.1,0,4,0.0,0.0,0.0,0.0,,S056,S056,1,4;6;9;12,True,,0.0,0.7
H3B0089,S057,sobol_symmetric,,scrambled_sobol,3.1,0.1,16,49.6,4.960000000000001,44.64,28,28,0.0,0.0,9,9,0.3,0.3,0.5,0.5,0,6,0.0,0.0,0.0,0.5,,S057,S057,1,4;6;9;12,True,,0.0,0.7
H3B0090,S058,sobol_symmetric,,scrambled_sobol,0.8,0.9,64,51.2,46.080000000000005,5.119999999999999,14,14,0.3,0.3,6,6,0.1,0.1,0.5,0.5,0,12,0.5,0.5,0.5,0.5,,S058,S058,1,4;6;9;12,True,,0.5,0.7
H3B0091,S059,sobol_symmetric,,scrambled_sobol,1.25,0.3,32,40.0,12.0,28.0,21,21,0.5,0.5,4,4,0.7,0.7,0.7,0.7,0,9,0.3,0.3,0.3,0.5,,S059,S059,1,4;6;9;12,True,,0.3,0.7
H3B0092,S060,sobol_symmetric,,scrambled_sobol,4.0,0.5,32,128.0,64.0,64.0,7,7,0.1,0.1,4,4,0.0,0.0,0.5,0.5,0,4,0.0,0.0,0.0,0.0,,S060,S060,1,4,False,fewer_than_two_valid_thresholds,0.0,0.7
H3B0093,S061,sobol_symmetric,,scrambled_sobol,4.0,0.3,64,256.0,76.8,179.2,7,7,0.1,0.1,4,4,0.5,0.5,0.5,0.5,0,4,0.3,0.3,0.3,0.5,,S061,S061,1,4,False,fewer_than_two_valid_thresholds,0.3,0.7
H3B0094,S062,sobol_symmetric,,scrambled_sobol,2.0,0.7,16,32.0,22.4,9.6,21,21,0.5,0.5,6,6,0.0,0.0,0.0,0.0,0,4,0.0,0.0,0.0,0.3,,S062,S062,1,4;6;9;12,True,,0.0,0.7
H3B0095,S063,sobol_symmetric,,scrambled_sobol,1.25,0.1,32,40.0,4.0,36.0,14,14,0.3,0.3,4,4,0.3,0.3,0.3,0.3,0,6,0.0,0.0,0.0,0.7,,S063,S063,1,4;6;9;12,True,,0.0,0.7
H3B0096,S064,sobol_symmetric,,scrambled_sobol,3.1,0.9,16,49.6,44.64,4.959999999999999,28,28,0.0,0.0,12,12,0.1,0.1,0.1,0.1,0,12,0.7,0.7,0.7,0.7,,S064,S064,1,4;6;9;12,False,no_valid_post_threshold_increase,0.7,0.7
H3B0097,S065,sobol_symmetric,,scrambled_sobol,3.1,0.1,64,198.4,19.840000000000003,178.56,14,14,0.1,0.1,9,9,0.1,0.1,0.1,0.1,0,12,0.3,0.3,0.3,0.5,,S065,S065,1,4;6;9;12,True,,0.3,0.7
H3B0098,S066,sobol_symmetric,,scrambled_sobol,1.25,0.9,16,20.0,18.0,2.0,28,28,0.5,0.5,6,6,0.3,0.3,0.3,0.3,0,6,0.0,0.0,0.0,0.0,,S066,S066,1,4;6;9;12,True,,0.0,0.7
H3B0099,S067,sobol_symmetric,,scrambled_sobol,2.0,0.5,64,128.0,64.0,64.0,7,7,0.3,0.3,4,4,0.0,0.0,0.3,0.3,0,4,0.0,0.0,0.0,0.5,,S067,S067,1,4,False,fewer_than_two_valid_thresholds,0.0,0.7
H3B0100,S068,sobol_symmetric,,scrambled_sobol,4.0,0.7,16,64.0,44.8,19.200000000000003,21,21,0.0,0.0,12,12,0.5,0.5,0.7,0.7,0,9,0.5,0.5,0.5,0.5,,S068,S068,1,4;6;9;12,True,,0.5,0.7
H3B0101,S069,sobol_symmetric,,scrambled_sobol,4.0,0.3,32,128.0,38.4,89.6,21,21,0.0,0.0,9,9,0.0,0.0,0.0,0.0,0,4,0.0,0.0,0.0,0.7,,S069,S069,1,4;6;9;12,True,,0.0,0.7
H3B0102,S070,sobol_symmetric,,scrambled_sobol,1.25,0.7,32,40.0,28.0,12.000000000000002,7,7,0.3,0.3,4,4,0.3,0.3,0.7,0.7,0,4,0.7,0.7,0.7,0.7,,S070,S070,1,4,False,fewer_than_two_valid_thresholds;no_valid_post_threshold_increase,0.7,0.7
H3B0103,S071,sobol_symmetric,,scrambled_sobol,0.8,0.1,16,12.8,1.2800000000000002,11.52,28,28,0.5,0.5,4,4,0.0,0.0,0.7,0.7,0,12,0.3,0.3,0.3,0.7,,S071,S071,1,4;6;9;12,True,,0.3,0.7
H3B0104,S072,sobol_symmetric,,scrambled_sobol,3.1,0.9,64,198.4,178.56,19.84,14,14,0.1,0.1,12,12,0.1,0.1,0.5,0.5,0,6,0.0,0.0,0.0,0.3,,S072,S072,1,4;6;9;12,True,,0.0,0.7
H3B0105,S073,sobol_symmetric,,scrambled_sobol,2.0,0.5,16,32.0,16.0,16.0,7,7,0.5,0.5,4,4,0.0,0.0,0.1,0.1,0,4,0.3,0.3,0.3,0.3,,S073,S073,1,4,False,fewer_than_two_valid_thresholds,0.3,0.7
H3B0106,S074,sobol_symmetric,,scrambled_sobol,0.8,0.5,64,51.2,25.6,25.6,21,21,0.1,0.1,4,4,0.5,0.5,0.5,0.5,0,9,0.5,0.5,0.5,0.7,,S074,S074,1,4;6;9;12,True,,0.5,0.7
H3B0107,S075,sobol_symmetric,,scrambled_sobol,1.25,0.1,32,40.0,4.0,36.0,14,14,0.0,0.0,6,6,0.0,0.0,0.7,0.7,0,12,0.5,0.5,0.5,0.5,,S075,S075,1,4;6;9;12,True,,0.5,0.7
H3B0108,S076,sobol_symmetric,,scrambled_sobol,4.0,0.9,32,128.0,115.2,12.799999999999995,28,28,0.3,0.3,9,9,0.1,0.1,0.7,0.7,0,6,0.0,0.0,0.0,0.1,,S076,S076,1,4;6;9;12,True,,0.0,0.7
H3B0109,S077,sobol_symmetric,,scrambled_sobol,4.0,0.3,64,256.0,76.8,179.2,28,28,0.3,0.3,12,12,0.1,0.1,0.3,0.3,0,12,0.3,0.3,0.3,0.3,,S077,S077,1,4;6;9;12,True,,0.3,0.7
H3B0110,S078,sobol_symmetric,,scrambled_sobol,2.0,0.7,16,32.0,22.4,9.6,14,14,0.0,0.0,4,4,0.3,0.3,0.5,0.5,0,6,0.0,0.0,0.0,0.1,,S078,S078,1,4;6;9;12,True,,0.0,0.7
H3B0111,S079,sobol_symmetric,,scrambled_sobol,0.8,0.3,64,51.2,15.36,35.84,21,21,0.1,0.1,6,6,0.0,0.0,0.5,0.5,0,4,0.0,0.0,0.0,0.3,,S079,S079,1,4;6;9;12,True,,0.0,0.7
H3B0112,S080,sobol_symmetric,,scrambled_sobol,3.1,0.7,32,99.2,69.44,29.760000000000005,7,7,0.5,0.5,4,4,0.7,0.7,0.7,0.7,0,4,0.5,0.5,0.5,0.7,,S080,S080,1,4,False,fewer_than_two_valid_thresholds,0.5,0.7
H3B0113,S081,sobol_symmetric,,scrambled_sobol,3.1,0.3,64,198.4,59.52,138.88,28,28,0.0,0.0,4,4,0.3,0.3,0.3,0.3,0,4,0.7,0.7,0.7,0.7,,S081,S081,1,4;6;9;12,False,no_valid_post_threshold_increase,0.7,0.7
H3B0114,S082,sobol_symmetric,,scrambled_sobol,0.8,0.7,16,12.8,8.959999999999999,3.8400000000000007,14,14,0.3,0.3,12,12,0.1,0.1,0.3,0.3,0,9,0.0,0.0,0.0,0.7,,S082,S082,1,4;6;9;12,True,,0.0,0.7
H3B0115,S083,sobol_symmetric,,scrambled_sobol,2.0,0.1,32,64.0,6.4,57.6,21,21,0.5,0.5,9,9,0.5,0.5,0.7,0.7,0,12,0.0,0.0,0.0,0.1,,S083,S083,1,4;6;9;12,True,,0.0,0.7
H3B0116,S084,sobol_symmetric,,scrambled_sobol,4.0,0.7,32,128.0,89.6,38.400000000000006,7,7,0.1,0.1,4,4,0.0,0.0,0.3,0.3,0,4,0.3,0.3,0.3,0.7,,S084,S084,1,4,False,fewer_than_two_valid_thresholds,0.3,0.7
H3B0117,S085,sobol_symmetric,,scrambled_sobol,4.0,0.1,16,64.0,6.4,57.6,7,7,0.1,0.1,4,4,0.3,0.3,0.7,0.7,0,4,0.0,0.0,0.0,0.1,,S085,S085,1,4,False,fewer_than_two_valid_thresholds,0.0,0.7
H3B0118,S086,sobol_symmetric,,scrambled_sobol,1.25,0.9,64,80.0,72.0,7.999999999999998,21,21,0.5,0.5,12,12,0.0,0.0,0.0,0.0,0,6,0.3,0.3,0.3,0.3,,S086,S086,1,4;6;9;12,True,,0.3,0.7
H3B0119,S087,sobol_symmetric,,scrambled_sobol,0.8,0.5,32,25.6,12.8,12.8,14,14,0.3,0.3,9,9,0.1,0.1,0.7,0.7,0,4,0.5,0.5,0.5,0.7,,S087,S087,1,4;6;9;12,True,,0.5,0.7
H3B0120,S088,sobol_symmetric,,scrambled_sobol,2.0,0.5,64,128.0,64.0,64.0,28,28,0.0,0.0,6,6,0.0,0.0,0.7,0.7,0,9,0.0,0.0,0.0,0.5,,S088,S088,1,4;6;9;12,True,,0.0,0.7
H3B0121,S089,sobol_symmetric,,scrambled_sobol,2.0,0.1,16,32.0,3.2,28.8,21,21,0.3,0.3,6,6,0.5,0.5,0.5,0.5,0,12,0.0,0.0,0.0,0.0,,S089,S089,1,4;6;9;12,True,,0.0,0.7
H3B0122,S090,sobol_symmetric,,scrambled_sobol,0.8,0.9,32,25.6,23.040000000000003,2.56,7,7,0.0,0.0,4,4,0.0,0.0,0.1,0.1,0,4,0.3,0.3,0.3,0.5,,S090,S090,1,4,False,fewer_than_two_valid_thresholds,0.3,0.7
H3B0123,S091,sobol_symmetric,,scrambled_sobol,1.25,0.3,16,20.0,6.0,14.0,28,28,0.1,0.1,12,12,0.1,0.1,0.7,0.7,0,4,0.5,0.5,0.5,0.5,,S091,S091,1,4;6;9;12,True,,0.5,0.7
H3B0124,S092,sobol_symmetric,,scrambled_sobol,3.1,0.7,64,198.4,138.88,59.52000000000001,14,14,0.5,0.5,4,4,0.1,0.1,0.1,0.1,0,9,0.0,0.0,0.0,0.5,,S092,S092,1,4;6;9;12,True,,0.0,0.7
H3B0125,S093,sobol_symmetric,,scrambled_sobol,4.0,0.3,32,128.0,38.4,89.6,14,14,0.5,0.5,6,6,0.3,0.3,0.7,0.7,0,4,0.7,0.7,0.7,0.7,,S093,S093,1,4;6;9;12,False,no_valid_post_threshold_increase,0.7,0.7
H3B0126,S094,sobol_symmetric,,scrambled_sobol,2.0,0.5,32,64.0,32.0,32.0,28,28,0.1,0.1,9,9,0.1,0.1,0.5,0.5,0,9,0.0,0.0,0.0,0.7,,S094,S094,1,4;6;9;12,True,,0.0,0.7
H3B0127,S095,sobol_symmetric,,scrambled_sobol,1.25,0.1,64,80.0,8.0,72.0,7,7,0.0,0.0,4,4,0.7,0.7,0.7,0.7,0,4,0.0,0.0,0.0,0.3,,S095,S095,1,4,False,fewer_than_two_valid_thresholds,0.0,0.7
H3B0128,S096,sobol_symmetric,,scrambled_sobol,3.1,0.9,16,49.6,44.64,4.959999999999999,21,21,0.3,0.3,4,4,0.0,0.0,0.3,0.3,0,6,0.3,0.3,0.3,0.7,,S096,S096,1,4;6;9;12,True,,0.3,0.7
H3B0129,S097,sobol_symmetric,,scrambled_sobol,3.1,0.5,32,99.2,49.6,49.6,28,28,0.1,0.1,4,4,0.5,0.5,0.7,0.7,0,6,0.3,0.3,0.3,0.3,,S097,S097,1,4;6;9;12,True,,0.3,0.7
H3B0130,S098,sobol_symmetric,,scrambled_sobol,0.8,0.7,32,25.6,17.919999999999998,7.6800000000000015,14,14,0.5,0.5,12,12,0.0,0.0,0.3,0.3,0,12,0.5,0.5,0.5,0.7,,S098,S098;X032,2,4;6;9;12,True,,0.5,0.7
H3B0131,S099,sobol_symmetric,,scrambled_sobol,1.25,0.1,16,20.0,2.0,18.0,21,21,0.3,0.3,9,9,0.3,0.3,0.5,0.5,0,9,0.3,0.3,0.3,0.7,,S099,S099,1,4;6;9;12,True,,0.3,0.7
H3B0132,S100,sobol_symmetric,,scrambled_sobol,4.0,0.9,64,256.0,230.4,25.599999999999994,7,7,0.0,0.0,4,4,0.1,0.1,0.3,0.3,0,4,0.0,0.0,0.0,0.1,,S100,S100,1,4,False,fewer_than_two_valid_thresholds,0.0,0.7
H3B0133,S101,sobol_symmetric,,scrambled_sobol,3.1,0.1,64,198.4,19.840000000000003,178.56,7,7,0.0,0.0,4,4,0.1,0.1,0.7,0.7,0,4,0.3,0.3,0.3,0.5,,S101,S101,1,4,False,fewer_than_two_valid_thresholds,0.3,0.7
H3B0134,S102,sobol_symmetric,,scrambled_sobol,1.25,0.9,16,20.0,18.0,2.0,21,21,0.3,0.3,12,12,0.0,0.0,0.7,0.7,0,4,0.0,0.0,0.0,0.0,,S102,S102,1,4;6;9;12,True,,0.0,0.7
H3B0135,S103,sobol_symmetric,,scrambled_sobol,0.8,0.3,64,51.2,15.36,35.84,14,14,0.5,0.5,9,9,0.3,0.3,0.7,0.7,0,6,0.0,0.0,0.0,0.5,,S103,S103,1,4;6;9;12,True,,0.0,0.7
H3B0136,S104,sobol_symmetric,,scrambled_sobol,2.0,0.7,16,32.0,22.4,9.6,28,28,0.1,0.1,6,6,0.0,0.0,0.0,0.0,0,12,0.5,0.5,0.5,0.7,,S104,S104,1,4;6;9;12,True,,0.5,0.7
H3B0137,S105,sobol_symmetric,,scrambled_sobol,2.0,0.1,64,128.0,12.8,115.2,21,21,0.5,0.5,6,6,0.3,0.3,0.3,0.3,0,9,0.3,0.3,0.3,0.5,,S105,S105,1,4;6;9;12,True,,0.3,0.7
H3B0138,S106,sobol_symmetric,,scrambled_sobol,0.8,0.9,16,12.8,11.52,1.2799999999999998,7,7,0.1,0.1,4,4,0.1,0.1,0.1,0.1,0,4,0.0,0.0,0.0,0.0,,S106,S106,1,4,False,fewer_than_two_valid_thresholds,0.0,0.7
H3B0139,S107,sobol_symmetric,,scrambled_sobol,1.25,0.5,32,40.0,20.0,20.0,28,28,0.0,0.0,12,12,0.5,0.5,0.5,0.5,0,6,0.0,0.0,0.0,0.5,,S107,S107,1,4;6;9;12,True,,0.0,0.7
H3B0140,S108,sobol_symmetric,,scrambled_sobol,4.0,0.5,16,64.0,32.0,32.0,14,14,0.3,0.3,4,4,0.0,0.0,0.1,0.1,0,12,0.5,0.5,0.5,0.5,,S108,S108,1,4;6;9;12,True,,0.5,0.7
H3B0141,S109,sobol_symmetric,,scrambled_sobol,4.0,0.3,16,64.0,19.2,44.8,14,14,0.3,0.3,6,6,0.7,0.7,0.7,0.7,0,6,0.0,0.0,0.0,0.7,,S109,S109,1,4;6;9;12,True,,0.0,0.7
H3B0142,S110,sobol_symmetric,,scrambled_sobol,2.0,0.7,64,128.0,89.6,38.400000000000006,28,28,0.0,0.0,9,9,0.0,0.0,0.5,0.5,0,12,0.7,0.7,0.7,0.7,,S110,S110,1,4;6;9;12,False,no_valid_post_threshold_increase,0.7,0.7
H3B0143,S111,sobol_symmetric,,scrambled_sobol,0.8,0.3,32,25.6,7.68,17.919999999999998,7,7,0.1,0.1,4,4,0.3,0.3,0.5,0.5,0,4,0.3,0.3,0.3,0.7,,S111,S111,1,4,False,fewer_than_two_valid_thresholds,0.3,0.7
H3B0144,S112,sobol_symmetric,,scrambled_sobol,3.1,0.9,32,99.2,89.28,9.919999999999998,21,21,0.5,0.5,4,4,0.1,0.1,0.5,0.5,0,4,0.0,0.0,0.0,0.3,,S112,S112,1,4;6;9;12,True,,0.0,0.7
H3B0145,S113,sobol_symmetric,,scrambled_sobol,3.1,0.3,16,49.6,14.88,34.72,14,14,0.0,0.0,9,9,0.0,0.0,0.3,0.3,0,9,0.0,0.0,0.0,0.0,,S113,S113,1,4;6;9;12,True,,0.0,0.7
H3B0146,S114,sobol_symmetric,,scrambled_sobol,0.8,0.7,64,51.2,35.84,15.360000000000005,28,28,0.3,0.3,6,6,0.5,0.5,0.7,0.7,0,4,0.3,0.3,0.3,0.5,,S114,S114,1,4;6;9;12,True,,0.3,0.7
H3B0147,S115,sobol_symmetric,,scrambled_sobol,2.0,0.3,16,32.0,9.6,22.4,7,7,0.5,0.5,4,4,0.1,0.1,0.3,0.3,0,4,0.5,0.5,0.5,0.5,,S115,S115,1,4,False,fewer_than_two_valid_thresholds,0.5,0.7
H3B0148,S116,sobol_symmetric,,scrambled_sobol,4.0,0.7,32,128.0,89.6,38.400000000000006,21,21,0.1,0.1,12,12,0.3,0.3,0.3,0.3,0,12,0.0,0.0,0.0,0.5,,S116,S116,1,4;6;9;12,True,,0.0,0.7
H3B0149,S117,sobol_symmetric,,scrambled_sobol,4.0,0.5,64,256.0,128.0,128.0,21,21,0.1,0.1,9,9,0.0,0.0,0.5,0.5,0,6,0.7,0.7,0.7,0.7,,S117,S117,1,4;6;9;12,False,no_valid_post_threshold_increase,0.7,0.7
H3B0150,S118,sobol_symmetric,,scrambled_sobol,1.25,0.5,16,20.0,10.0,10.0,7,7,0.5,0.5,4,4,0.1,0.1,0.5,0.5,0,4,0.0,0.0,0.0,0.7,,S118,S118,1,4,False,fewer_than_two_valid_thresholds,0.0,0.7
H3B0151,S119,sobol_symmetric,,scrambled_sobol,0.8,0.1,32,25.6,2.5600000000000005,23.040000000000003,28,28,0.3,0.3,4,4,0.0,0.0,0.0,0.0,0,9,0.0,0.0,0.0,0.3,,S119,S119,1,4;6;9;12,True,,0.0,0.7
H3B0152,S120,sobol_symmetric,,scrambled_sobol,2.0,0.9,32,64.0,57.6,6.399999999999999,14,14,0.0,0.0,12,12,0.5,0.5,0.5,0.5,0,4,0.3,0.3,0.3,0.7,,S120,S120,1,4;6;9;12,True,,0.3,0.7
H3B0153,S121,sobol_symmetric,,scrambled_sobol,3.1,0.3,32,99.2,29.76,69.44,7,7,0.3,0.3,4,4,0.1,0.1,0.1,0.1,0,4,0.5,0.5,0.5,0.7,,S121,S121,1,4,False,fewer_than_two_valid_thresholds,0.5,0.7
H3B0154,S122,sobol_symmetric,,scrambled_sobol,0.8,0.7,32,25.6,17.919999999999998,7.6800000000000015,21,21,0.0,0.0,4,4,0.1,0.1,0.7,0.7,0,12,0.3,0.3,0.3,0.3,,S122,S122,1,4;6;9;12,True,,0.3,0.7
H3B0155,S123,sobol_symmetric,,scrambled_sobol,1.25,0.1,64,80.0,8.0,72.0,14,14,0.1,0.1,6,6,0.0,0.0,0.1,0.1,0,9,0.0,0.0,0.0,0.1,,S123,S123,1,4;6;9;12,True,,0.0,0.7
H3B0156,S124,sobol_symmetric,,scrambled_sobol,3.1,0.9,16,49.6,44.64,4.959999999999999,28,28,0.5,0.5,9,9,0.5,0.5,0.5,0.5,0,4,0.5,0.5,0.5,0.5,,S124,S124,1,4;6;9;12,True,,0.5,0.7
H3B0157,S125,sobol_symmetric,,scrambled_sobol,4.0,0.1,32,128.0,12.8,115.2,28,28,0.5,0.5,12,12,0.0,0.0,0.5,0.5,0,9,0.0,0.0,0.0,0.1,,S125,S125;X059,2,4;6;9;12,True,,0.0,0.7
H3B0158,S126,sobol_symmetric,,scrambled_sobol,2.0,0.9,64,128.0,115.2,12.799999999999995,14,14,0.1,0.1,4,4,0.7,0.7,0.7,0.7,0,4,0.3,0.3,0.3,0.3,,S126,S126,1,4;6;9;12,True,,0.3,0.7
H3B0159,S127,sobol_symmetric,,scrambled_sobol,1.25,0.3,16,20.0,6.0,14.0,21,21,0.0,0.0,6,6,0.1,0.1,0.3,0.3,0,6,0.5,0.5,0.5,0.7,,S127,S127,1,4;6;9;12,True,,0.5,0.7
H3B0160,S128,sobol_symmetric,,scrambled_sobol,3.1,0.5,64,198.4,99.2,99.2,7,7,0.3,0.3,4,4,0.3,0.3,0.5,0.5,0,4,0.0,0.0,0.0,0.3,,S128,S128,1,4,False,fewer_than_two_valid_thresholds,0.0,0.7
H3B0161,S129,sobol_symmetric,,scrambled_sobol,3.1,0.3,32,99.2,29.76,69.44,21,21,0.0,0.0,4,4,0.0,0.0,0.1,0.1,0,12,0.0,0.0,0.0,0.3,,S129,S129,1,4;6;9;12,True,,0.0,0.7
H3B0162,S130,sobol_symmetric,,scrambled_sobol,1.25,0.7,64,80.0,56.0,24.000000000000004,7,7,0.3,0.3,4,4,0.5,0.5,0.5,0.5,0,4,0.3,0.3,0.3,0.7,,S130,S130,1,4,False,fewer_than_two_valid_thresholds,0.3,0.7
H3B0163,S131,sobol_symmetric,,scrambled_sobol,2.0,0.3,16,32.0,9.6,22.4,28,28,0.5,0.5,9,9,0.1,0.1,0.1,0.1,0,4,0.7,0.7,0.7,0.7,,S131,S131,1,4;6;9;12,False,no_valid_post_threshold_increase,0.7,0.7
H3B0164,S132,sobol_symmetric,,scrambled_sobol,4.0,0.7,64,256.0,179.2,76.80000000000001,14,14,0.1,0.1,6,6,0.1,0.1,0.7,0.7,0,9,0.0,0.0,0.0,0.7,,S132,S132,1,4;6;9;12,True,,0.0,0.7
H3B0165,S133,sobol_symmetric,,scrambled_sobol,3.1,0.5,32,99.2,49.6,49.6,14,14,0.1,0.1,4,4,0.1,0.1,0.3,0.3,0,4,0.5,0.5,0.5,0.5,,S133,S133,1,4;6;9;12,True,,0.5,0.7
H3B0166,S134,sobol_symmetric,,scrambled_sobol,1.25,0.5,32,40.0,20.0,20.0,28,28,0.5,0.5,12,12,0.3,0.3,0.5,0.5,0,9,0.0,0.0,0.0,0.5,,S134,S134,1,4;6;9;12,True,,0.0,0.7
H3B0167,S135,sobol_symmetric,,scrambled_sobol,0.8,0.1,64,51.2,5.120000000000001,46.080000000000005,7,7,0.3,0.3,4,4,0.0,0.0,0.5,0.5,0,4,0.0,0.0,0.0,0.0,,S135,S135,1,4,False,fewer_than_two_valid_thresholds,0.0,0.7
H3B0168,S136,sobol_symmetric,,scrambled_sobol,3.1,0.9,16,49.6,44.64,4.959999999999999,21,21,0.0,0.0,6,6,0.7,0.7,0.7,0.7,0,6,0.3,0.3,0.3,0.5,,S136,S136,1,4;6;9;12,True,,0.3,0.7
H3B0169,S137,sobol_symmetric,,scrambled_sobol,2.0,0.3,64,128.0,38.4,89.6,28,28,0.3,0.3,6,6,0.1,0.1,0.1,0.1,0,4,0.5,0.5,0.5,0.7,,S137,S137,1,4;6;9;12,True,,0.5,0.7
H3B0170,S138,sobol_symmetric,,scrambled_sobol,0.8,0.7,16,12.8,8.959999999999999,3.8400000000000007,14,14,0.0,0.0,9,9,0.3,0.3,0.3,0.3,0,9,0.0,0.0,0.0,0.3,,S138,S138,1,4;6;9;12,True,,0.0,0.7
H3B0171,S139,sobol_symmetric,,scrambled_sobol,1.25,0.1,32,40.0,4.0,36.0,21,21,0.1,0.1,12,12,0.0,0.0,0.3,0.3,0,12,0.0,0.0,0.0,0.1,,S139,S139,1,4;6;9;12,True,,0.0,0.7
H3B0172,S140,sobol_symmetric,,scrambled_sobol,4.0,0.9,32,128.0,115.2,12.799999999999995,7,7,0.5,0.5,4,4,0.5,0.5,0.7,0.7,0,4,0.3,0.3,0.3,0.3,,S140,S140,1,4,False,fewer_than_two_valid_thresholds,0.3,0.7
H3B0173,S141,sobol_symmetric,,scrambled_sobol,4.0,0.1,16,64.0,6.4,57.6,7,7,0.5,0.5,4,4,0.0,0.0,0.0,0.0,0,4,0.0,0.0,0.0,0.1,,S141,S141,1,4,False,fewer_than_two_valid_thresholds,0.0,0.7
H3B0174,S142,sobol_symmetric,,scrambled_sobol,2.0,0.9,64,128.0,115.2,12.799999999999995,21,21,0.1,0.1,9,9,0.3,0.3,0.7,0.7,0,6,0.3,0.3,0.3,0.7,,S142,S142,1,4;6;9;12,True,,0.3,0.7
H3B0175,S143,sobol_symmetric,,scrambled_sobol,0.8,0.5,16,12.8,6.4,6.4,14,14,0.0,0.0,12,12,0.0,0.0,0.5,0.5,0,4,0.5,0.5,0.5,0.7,,S143,S143,1,4;6;9;12,True,,0.5,0.7
H3B0176,S144,sobol_symmetric,,scrambled_sobol,3.1,0.5,32,99.2,49.6,49.6,28,28,0.3,0.3,4,4,0.1,0.1,0.5,0.5,0,9,0.3,0.3,0.3,0.3,,S144,S144,1,4;6;9;12,True,,0.3,0.7
H3B0177,S145,sobol_symmetric,,scrambled_sobol,3.1,0.3,16,49.6,14.88,34.72,7,7,0.1,0.1,4,4,0.5,0.5,0.5,0.5,0,4,0.0,0.0,0.0,0.5,,S145,S145,1,4,False,fewer_than_two_valid_thresholds,0.0,0.7
H3B0178,S146,sobol_symmetric,,scrambled_sobol,0.8,0.5,64,51.2,25.6,25.6,21,21,0.5,0.5,6,6,0.0,0.0,0.1,0.1,0,9,0.5,0.5,0.5,0.7,,S146,S146,1,4;6;9;12,True,,0.5,0.7
H3B0179,S147,sobol_symmetric,,scrambled_sobol,2.0,0.1,32,64.0,6.4,57.6,14,14,0.3,0.3,4,4,0.3,0.3,0.3,0.3,0,12,0.3,0.3,0.3,0.5,,S147,S147,1,4;6;9;12,True,,0.3,0.7
H3B0180,S148,sobol_symmetric,,scrambled_sobol,4.0,0.9,32,128.0,115.2,12.799999999999995,28,28,0.0,0.0,12,12,0.1,0.1,0.1,0.1,0,6,0.0,0.0,0.0,0.0,,S148,S148,1,4;6;9;12,True,,0.0,0.7
H3B0181,S149,sobol_symmetric,,scrambled_sobol,4.0,0.1,64,256.0,25.6,230.4,28,28,0.0,0.0,9,9,0.3,0.3,0.5,0.5,0,12,0.3,0.3,0.3,0.7,,S149,S149,1,4;6;9;12,True,,0.3,0.7
H3B0182,S150,sobol_symmetric,,scrambled_sobol,1.25,0.9,16,20.0,18.0,2.0,14,14,0.3,0.3,6,6,0.1,0.1,0.5,0.5,0,6,0.0,0.0,0.0,0.1,,S150,S150,1,4;6;9;12,True,,0.0,0.7
H3B0183,S151,sobol_symmetric,,scrambled_sobol,0.8,0.3,64,51.2,15.36,35.84,21,21,0.5,0.5,4,4,0.7,0.7,0.7,0.7,0,4,0.3,0.3,0.3,0.3,,S151,S151,1,4;6;9;12,True,,0.3,0.7
H3B0184,S152,sobol_symmetric,,scrambled_sobol,2.0,0.7,16,32.0,22.4,9.6,7,7,0.1,0.1,4,4,0.0,0.0,0.5,0.5,0,4,0.7,0.7,0.7,0.7,,S152,S152,1,4,False,fewer_than_two_valid_thresholds;no_valid_post_threshold_increase,0.7,0.7
H3B0185,S153,sobol_symmetric,,scrambled_sobol,2.0,0.1,64,128.0,12.8,115.2,14,14,0.5,0.5,12,12,0.3,0.3,0.5,0.5,0,12,0.3,0.3,0.3,0.7,,S153,S153,1,4;6;9;12,True,,0.3,0.7
H3B0186,S154,sobol_symmetric,,scrambled_sobol,0.8,0.9,32,25.6,23.040000000000003,2.56,28,28,0.1,0.1,4,4,0.1,0.1,0.3,0.3,0,6,0.0,0.0,0.0,0.3,,S154,S154,1,4;6;9;12,True,,0.0,0.7
H3B0187,S155,sobol_symmetric,,scrambled_sobol,1.25,0.5,64,80.0,40.0,40.0,7,7,0.0,0.0,4,4,0.5,0.5,0.7,0.7,0,4,0.0,0.0,0.0,0.7,,S155,S155,1,4,False,fewer_than_two_valid_thresholds,0.0,0.7
H3B0188,S156,sobol_symmetric,,scrambled_sobol,3.1,0.5,16,49.6,24.8,24.8,21,21,0.3,0.3,9,9,0.0,0.0,0.1,0.1,0,9,0.7,0.7,0.7,0.7,,S156,S156,1,4;6;9;12,False,no_valid_post_threshold_increase,0.7,0.7
H3B0189,S157,sobol_symmetric,,scrambled_sobol,4.0,0.3,32,128.0,38.4,89.6,21,21,0.3,0.3,12,12,0.3,0.3,0.7,0.7,0,4,0.0,0.0,0.0,0.7,,S157,S157,1,4;6;9;12,True,,0.0,0.7
H3B0190,S158,sobol_symmetric,,scrambled_sobol,1.25,0.7,32,40.0,28.0,12.000000000000002,7,7,0.0,0.0,4,4,0.0,0.0,0.0,0.0,0,4,0.5,0.5,0.5,0.5,,S158,S158,1,4,False,fewer_than_two_valid_thresholds,0.5,0.7
H3B0191,S159,sobol_symmetric,,scrambled_sobol,0.8,0.3,16,12.8,3.84,8.959999999999999,28,28,0.1,0.1,6,6,0.1,0.1,0.5,0.5,0,12,0.3,0.3,0.3,0.5,,S159,S159,1,4;6;9;12,True,,0.3,0.7
H3B0192,S160,sobol_symmetric,,scrambled_sobol,3.1,0.7,64,198.4,138.88,59.52000000000001,14,14,0.5,0.5,9,9,0.0,0.0,0.7,0.7,0,6,0.0,0.0,0.0,0.0,,S160,S160,1,4;6;9;12,True,,0.0,0.7
H3B0193,S161,sobol_symmetric,,scrambled_sobol,3.1,0.3,32,99.2,29.76,69.44,7,7,0.0,0.0,4,4,0.3,0.3,0.3,0.3,0,4,0.5,0.5,0.5,0.7,,S161,S161,1,4,False,fewer_than_two_valid_thresholds,0.5,0.7
H3B0194,S162,sobol_symmetric,,scrambled_sobol,1.25,0.7,32,40.0,28.0,12.000000000000002,21,21,0.3,0.3,6,6,0.1,0.1,0.1,0.1,0,12,0.0,0.0,0.0,0.5,,S162,S162,1,4;6;9;12,True,,0.0,0.7
H3B0195,S163,sobol_symmetric,,scrambled_sobol,2.0,0.3,64,128.0,38.4,89.6,14,14,0.5,0.5,4,4,0.5,0.5,0.5,0.5,0,9,0.0,0.0,0.0,0.0,,S163,S163,1,4;6;9;12,True,,0.0,0.7
H3B0196,S164,sobol_symmetric,,scrambled_sobol,4.0,0.7,16,64.0,44.8,19.200000000000003,28,28,0.1,0.1,12,12,0.0,0.0,0.1,0.1,0,4,0.3,0.3,0.3,0.3,,S164,S164,1,4;6;9;12,True,,0.3,0.7
H3B0197,S165,sobol_symmetric,,scrambled_sobol,3.1,0.1,16,49.6,4.960000000000001,44.64,28,28,0.1,0.1,9,9,0.7,0.7,0.7,0.7,0,9,0.0,0.0,0.0,0.1,,S165,S165,1,4;6;9;12,True,,0.0,0.7
H3B0198,S166,sobol_symmetric,,scrambled_sobol,1.25,0.9,32,40.0,36.0,3.999999999999999,14,14,0.5,0.5,6,6,0.0,0.0,0.5,0.5,0,4,0.3,0.3,0.3,0.7,,S166,S166,1,4;6;9;12,True,,0.3,0.7
H3B0199,S167,sobol_symmetric,,scrambled_sobol,0.8,0.5,16,12.8,6.4,6.4,21,21,0.3,0.3,4,4,0.3,0.3,0.7,0.7,0,6,0.7,0.7,0.7,0.7,,S167,S167,1,4;6;9;12,False,no_valid_post_threshold_increase,0.7,0.7
H3B0200,S168,sobol_symmetric,,scrambled_sobol,2.0,0.5,64,128.0,64.0,64.0,7,7,0.0,0.0,4,4,0.1,0.1,0.5,0.5,0,4,0.0,0.0,0.0,0.7,,S168,S168,1,4,False,fewer_than_two_valid_thresholds,0.0,0.7
H3B0201,S169,sobol_symmetric,,scrambled_sobol,2.0,0.1,16,32.0,3.2,28.8,14,14,0.3,0.3,12,12,0.5,0.5,0.7,0.7,0,9,0.0,0.0,0.0,0.3,,S169,S169,1,4;6;9;12,True,,0.0,0.7
H3B0202,S170,sobol_symmetric,,scrambled_sobol,0.8,0.9,64,51.2,46.080000000000005,5.119999999999999,28,28,0.0,0.0,4,4,0.0,0.0,0.3,0.3,0,4,0.3,0.3,0.3,0.5,,S170,S170,1,4;6;9;12,True,,0.3,0.7
H3B0203,S171,sobol_symmetric,,scrambled_sobol,1.25,0.3,32,40.0,12.0,28.0,7,7,0.1,0.1,4,4,0.3,0.3,0.3,0.3,0,4,0.7,0.7,0.7,0.7,,S171,S171,1,4,False,fewer_than_two_valid_thresholds;no_valid_post_threshold_increase,0.7,0.7
H3B0204,S172,sobol_symmetric,,scrambled_sobol,4.0,0.7,64,256.0,179.2,76.80000000000001,21,21,0.5,0.5,9,9,0.1,0.1,0.3,0.3,0,12,0.0,0.0,0.0,0.7,,S172,S172,1,4;6;9;12,True,,0.0,0.7
H3B0205,S173,sobol_symmetric,,scrambled_sobol,4.0,0.5,64,256.0,128.0,128.0,21,21,0.5,0.5,12,12,0.1,0.1,0.7,0.7,0,6,0.5,0.5,0.5,0.5,,S173,S173,1,4;6;9;12,True,,0.5,0.7
H3B0206,S174,sobol_symmetric,,scrambled_sobol,2.0,0.7,16,32.0,22.4,9.6,7,7,0.1,0.1,4,4,0.0,0.0,0.7,0.7,0,4,0.0,0.0,0.0,0.5,,S174,S174,1,4,False,fewer_than_two_valid_thresholds,0.0,0.7
H3B0207,S175,sobol_symmetric,,scrambled_sobol,0.8,0.1,32,25.6,2.5600000000000005,23.040000000000003,28,28,0.0,0.0,6,6,0.3,0.3,0.7,0.7,0,9,0.0,0.0,0.0,0.0,,S175,S175,1,4;6;9;12,True,,0.0,0.7
H3B0208,S176,sobol_symmetric,,scrambled_sobol,3.1,0.9,32,99.2,89.28,9.919999999999998,14,14,0.3,0.3,9,9,0.0,0.0,0.0,0.0,0,4,0.3,0.3,0.3,0.5,,S176,S176,1,4;6;9;12,True,,0.3,0.7
H3B0209,S177,sobol_symmetric,,scrambled_sobol,3.1,0.1,64,198.4,19.840000000000003,178.56,21,21,0.1,0.1,4,4,0.0,0.0,0.7,0.7,0,9,0.3,0.3,0.3,0.7,,S177,S177,1,4;6;9;12,True,,0.3,0.7
H3B0210,S178,sobol_symmetric,,scrambled_sobol,0.8,0.9,16,12.8,11.52,1.2799999999999998,7,7,0.5,0.5,4,4,0.1,0.1,0.7,0.7,0,4,0.0,0.0,0.0,0.3,,S178,S178,1,4,False,fewer_than_two_valid_thresholds,0.0,0.7
H3B0211,S179,sobol_symmetric,,scrambled_sobol,2.0,0.5,64,128.0,64.0,64.0,28,28,0.3,0.3,9,9,0.0,0.0,0.1,0.1,0,6,0.0,0.0,0.0,0.7,,S179,S179,1,4;6;9;12,True,,0.0,0.7
H3B0212,S180,sobol_symmetric,,scrambled_sobol,4.0,0.5,16,64.0,32.0,32.0,14,14,0.0,0.0,6,6,0.5,0.5,0.7,0.7,0,12,0.7,0.7,0.7,0.7,,S180,S180,1,4;6;9;12,False,no_valid_post_threshold_increase,0.7,0.7
H3B0213,S181,sobol_symmetric,,scrambled_sobol,4.0,0.3,16,64.0,19.2,44.8,14,14,0.0,0.0,4,4,0.0,0.0,0.5,0.5,0,6,0.0,0.0,0.0,0.5,,S181,S181,1,4;6;9;12,True,,0.0,0.7
H3B0214,S182,sobol_symmetric,,scrambled_sobol,1.25,0.7,64,80.0,56.0,24.000000000000004,28,28,0.3,0.3,12,12,0.7,0.7,0.7,0.7,0,12,0.5,0.5,0.5,0.5,,S182,S182,1,4;6;9;12,True,,0.5,0.7
H3B0215,S183,sobol_symmetric,,scrambled_sobol,0.8,0.1,32,25.6,2.5600000000000005,23.040000000000003,7,7,0.5,0.5,4,4,0.1,0.1,0.5,0.5,0,4,0.3,0.3,0.3,0.5,,S183,S183,1,4,False,fewer_than_two_valid_thresholds,0.3,0.7
H3B0216,S184,sobol_symmetric,,scrambled_sobol,2.0,0.9,32,64.0,57.6,6.399999999999999,21,21,0.1,0.1,6,6,0.3,0.3,0.5,0.5,0,4,0.0,0.0,0.0,0.0,,S184,S184,1,4;6;9;12,True,,0.0,0.7
H3B0217,S185,sobol_symmetric,,scrambled_sobol,3.1,0.5,32,99.2,49.6,49.6,28,28,0.5,0.5,6,6,0.0,0.0,0.3,0.3,0,6,0.0,0.0,0.0,0.3,,S185,S185,1,4;6;9;12,True,,0.0,0.7
H3B0218,S186,sobol_symmetric,,scrambled_sobol,0.8,0.5,32,25.6,12.8,12.8,14,14,0.1,0.1,9,9,0.5,0.5,0.7,0.7,0,12,0.5,0.5,0.5,0.7,,S186,S186,1,4;6;9;12,True,,0.5,0.7
H3B0219,S187,sobol_symmetric,,scrambled_sobol,1.25,0.1,16,20.0,2.0,18.0,21,21,0.0,0.0,12,12,0.1,0.1,0.1,0.1,0,9,0.3,0.3,0.3,0.3,,S187,S187,1,4;6;9;12,True,,0.3,0.7
H3B0220,S188,sobol_symmetric,,scrambled_sobol,3.1,0.9,64,198.4,178.56,19.84,7,7,0.3,0.3,4,4,0.3,0.3,0.3,0.3,0,4,0.0,0.0,0.0,0.1,,S188,S188,1,4,False,fewer_than_two_valid_thresholds,0.0,0.7
H3B0221,S189,sobol_symmetric,,scrambled_sobol,4.0,0.3,64,256.0,76.8,179.2,7,7,0.3,0.3,4,4,0.0,0.0,0.7,0.7,0,4,0.5,0.5,0.5,0.5,,S189,S189,1,4,False,fewer_than_two_valid_thresholds,0.5,0.7
H3B0222,S190,sobol_symmetric,,scrambled_sobol,2.0,0.7,16,32.0,22.4,9.6,21,21,0.0,0.0,9,9,0.1,0.1,0.5,0.5,0,4,0.0,0.0,0.0,0.1,,S190,S190,1,4;6;9;12,True,,0.0,0.7
H3B0223,S191,sobol_symmetric,,scrambled_sobol,1.25,0.3,64,80.0,24.0,56.0,14,14,0.1,0.1,12,12,0.0,0.0,0.0,0.0,0,6,0.3,0.3,0.3,0.3,,S191,S191;X033,2,4;6;9;12,True,,0.3,0.7
H3B0224,S192,sobol_symmetric,,scrambled_sobol,3.1,0.7,16,49.6,34.72,14.880000000000004,28,28,0.5,0.5,4,4,0.3,0.3,0.7,0.7,0,12,0.5,0.5,0.5,0.7,,S192,S192,1,4;6;9;12,True,,0.5,0.7
H3B0225,S193,sobol_symmetric,,scrambled_sobol,3.1,0.5,64,198.4,99.2,99.2,14,14,0.3,0.3,6,6,0.7,0.7,0.7,0.7,0,12,0.3,0.3,0.3,0.3,,S193,S193,1,4;6;9;12,True,,0.3,0.7
H3B0226,S194,sobol_symmetric,,scrambled_sobol,1.25,0.5,16,20.0,10.0,10.0,28,28,0.0,0.0,9,9,0.0,0.0,0.5,0.5,0,6,0.0,0.0,0.0,0.0,,S194,S194,1,4;6;9;12,True,,0.0,0.7
H3B0227,S195,sobol_symmetric,,scrambled_sobol,2.0,0.1,32,64.0,6.4,57.6,7,7,0.1,0.1,4,4,0.3,0.3,0.5,0.5,0,4,0.0,0.0,0.0,0.5,,S195,S195,1,4,False,fewer_than_two_valid_thresholds,0.0,0.7
H3B0228,S196,sobol_symmetric,,scrambled_sobol,4.0,0.9,16,64.0,57.6,6.399999999999999,21,21,0.5,0.5,4,4,0.1,0.1,0.5,0.5,0,9,0.5,0.5,0.5,0.5,,S196,S196,1,4;6;9;12,True,,0.5,0.7
H3B0229,S197,sobol_symmetric,,scrambled_sobol,4.0,0.3,16,64.0,19.2,44.8,21,21,0.5,0.5,6,6,0.3,0.3,0.3,0.3,0,4,0.0,0.0,0.0,0.7,,S197,S197,1,4;6;9;12,True,,0.0,0.7
H3B0230,S198,sobol_symmetric,,scrambled_sobol,1.25,0.9,64,80.0,72.0,7.999999999999998,7,7,0.1,0.1,4,4,0.1,0.1,0.1,0.1,0,4,0.7,0.7,0.7,0.7,,S198,S198,1,4,False,fewer_than_two_valid_thresholds;no_valid_post_threshold_increase,0.7,0.7
H3B0231,S199,sobol_symmetric,,scrambled_sobol,0.8,0.3,32,25.6,7.68,17.919999999999998,28,28,0.0,0.0,12,12,0.5,0.5,0.5,0.5,0,12,0.3,0.3,0.3,0.7,,S199,S199,1,4;6;9;12,True,,0.3,0.7
H3B0232,S200,sobol_symmetric,,scrambled_sobol,3.1,0.7,32,99.2,69.44,29.760000000000005,14,14,0.3,0.3,4,4,0.0,0.0,0.1,0.1,0,6,0.0,0.0,0.0,0.1,,S200,S200,1,4;6;9;12,True,,0.0,0.7
H3B0233,S201,sobol_symmetric,,scrambled_sobol,2.0,0.1,32,64.0,6.4,57.6,7,7,0.0,0.0,4,4,0.1,0.1,0.7,0.7,0,4,0.0,0.0,0.0,0.7,,S201,S201,1,4,False,fewer_than_two_valid_thresholds,0.0,0.7
H3B0234,S202,sobol_symmetric,,scrambled_sobol,0.8,0.9,32,25.6,23.040000000000003,2.56,21,21,0.3,0.3,12,12,0.0,0.0,0.7,0.7,0,9,0.7,0.7,0.7,0.7,,S202,S202,1,4;6;9;12,False,no_valid_post_threshold_increase,0.7,0.7
H3B0235,S203,sobol_symmetric,,scrambled_sobol,1.25,0.5,16,20.0,10.0,10.0,14,14,0.5,0.5,9,9,0.3,0.3,0.7,0.7,0,12,0.3,0.3,0.3,0.5,,S203,S203,1,4;6;9;12,True,,0.3,0.7
H3B0236,S204,sobol_symmetric,,scrambled_sobol,4.0,0.7,64,256.0,179.2,76.80000000000001,28,28,0.1,0.1,6,6,0.0,0.0,0.0,0.0,0,6,0.0,0.0,0.0,0.3,,S204,S204,1,4;6;9;12,True,,0.0,0.7
H3B0237,S205,sobol_symmetric,,scrambled_sobol,4.0,0.3,64,256.0,76.8,179.2,28,28,0.1,0.1,4,4,0.5,0.5,0.7,0.7,0,12,0.3,0.3,0.3,0.5,,S205,S205,1,4;6;9;12,True,,0.3,0.7
H3B0238,S206,sobol_symmetric,,scrambled_sobol,2.0,0.7,32,64.0,44.8,19.200000000000003,14,14,0.5,0.5,12,12,0.0,0.0,0.3,0.3,0,6,0.0,0.0,0.0,0.0,,S206,S206,1,4;6;9;12,True,,0.0,0.7
H3B0239,S207,sobol_symmetric,,scrambled_sobol,0.8,0.1,64,51.2,5.120000000000001,46.080000000000005,21,21,0.3,0.3,9,9,0.3,0.3,0.5,0.5,0,4,0.0,0.0,0.0,0.5,,S207,S207,1,4;6;9;12,True,,0.0,0.7
H3B0240,S208,sobol_symmetric,,scrambled_sobol,3.1,0.9,16,49.6,44.64,4.959999999999999,7,7,0.0,0.0,4,4,0.1,0.1,0.3,0.3,0,4,0.5,0.5,0.5,0.5,,S208,S208,1,4,False,fewer_than_two_valid_thresholds,0.5,0.7
H3B0241,S209,sobol_symmetric,,scrambled_sobol,3.1,0.1,32,99.2,9.920000000000002,89.28,28,28,0.5,0.5,12,12,0.0,0.0,0.5,0.5,0,4,0.7,0.7,0.7,0.7,,S209,S209,1,4;6;9;12,False,no_valid_post_threshold_increase,0.7,0.7
H3B0242,S210,sobol_symmetric,,scrambled_sobol,0.8,0.9,32,25.6,23.040000000000003,2.56,14,14,0.1,0.1,4,4,0.7,0.7,0.7,0.7,0,9,0.0,0.0,0.0,0.7,,S210,S210,1,4;6;9;12,True,,0.0,0.7
H3B0243,S211,sobol_symmetric,,scrambled_sobol,2.0,0.3,64,128.0,38.4,89.6,21,21,0.0,0.0,6,6,0.1,0.1,0.3,0.3,0,12,0.0,0.0,0.0,0.3,,S211,S211,1,4;6;9;12,True,,0.0,0.7
H3B0244,S212,sobol_symmetric,,scrambled_sobol,4.0,0.7,16,64.0,44.8,19.200000000000003,7,7,0.3,0.3,4,4,0.3,0.3,0.5,0.5,0,4,0.3,0.3,0.3,0.7,,S212,S212,1,4,False,fewer_than_two_valid_thresholds,0.3,0.7
H3B0245,S213,sobol_symmetric,,scrambled_sobol,4.0,0.3,32,128.0,38.4,89.6,7,7,0.3,0.3,4,4,0.1,0.1,0.1,0.1,0,4,0.0,0.0,0.0,0.0,,S213,S213,1,4,False,fewer_than_two_valid_thresholds,0.0,0.7
H3B0246,S214,sobol_symmetric,,scrambled_sobol,1.25,0.5,64,80.0,40.0,40.0,21,21,0.0,0.0,4,4,0.1,0.1,0.7,0.7,0,6,0.3,0.3,0.3,0.5,,S214,S214;X002,2,4;6;9;12,True,,0.3,0.7
H3B0247,S215,sobol_symmetric,,scrambled_sobol,0.8,0.1,16,12.8,1.2800000000000002,11.52,14,14,0.1,0.1,6,6,0.0,0.0,0.1,0.1,0,4,0.5,0.5,0.5,0.5,,S215,S215,1,4;6;9;12,True,,0.5,0.7
H3B0248,S216,sobol_symmetric,,scrambled_sobol,2.0,0.9,64,128.0,115.2,12.799999999999995,28,28,0.5,0.5,9,9,0.5,0.5,0.5,0.5,0,9,0.0,0.0,0.0,0.5,,S216,S216,1,4;6;9;12,True,,0.0,0.7
H3B0249,S217,sobol_symmetric,,scrambled_sobol,2.0,0.3,16,32.0,9.6,22.4,21,21,0.1,0.1,9,9,0.0,0.0,0.5,0.5,0,12,0.0,0.0,0.0,0.1,,S217,S217,1,4;6;9;12,True,,0.0,0.7
H3B0250,S218,sobol_symmetric,,scrambled_sobol,0.8,0.7,64,51.2,35.84,15.360000000000005,7,7,0.5,0.5,4,4,0.1,0.1,0.5,0.5,0,4,0.3,0.3,0.3,0.3,,S218,S218,1,4,False,fewer_than_two_valid_thresholds,0.3,0.7
H3B0251,S219,sobol_symmetric,,scrambled_sobol,1.25,0.3,16,20.0,6.0,14.0,28,28,0.3,0.3,4,4,0.0,0.0,0.0,0.0,0,4,0.5,0.5,0.5,0.7,,S219,S219,1,4;6;9;12,True,,0.5,0.7
H3B0252,S220,sobol_symmetric,,scrambled_sobol,3.1,0.7,64,198.4,138.88,59.52000000000001,14,14,0.0,0.0,12,12,0.5,0.5,0.5,0.5,0,9,0.0,0.0,0.0,0.5,,S220,S220,1,4;6;9;12,True,,0.0,0.7
H3B0253,S221,sobol_symmetric,,scrambled_sobol,4.0,0.1,64,256.0,25.6,230.4,14,14,0.0,0.0,9,9,0.0,0.0,0.3,0.3,0,4,0.5,0.5,0.5,0.7,,S221,S221,1,4;6;9;12,True,,0.5,0.7
H3B0254,S222,sobol_symmetric,,scrambled_sobol,1.25,0.9,16,20.0,18.0,2.0,28,28,0.3,0.3,6,6,0.5,0.5,0.7,0.7,0,9,0.3,0.3,0.3,0.3,,S222,S222,1,4;6;9;12,True,,0.3,0.7
H3B0255,S223,sobol_symmetric,,scrambled_sobol,1.25,0.5,32,40.0,20.0,20.0,7,7,0.5,0.5,4,4,0.1,0.1,0.3,0.3,0,4,0.0,0.0,0.0,0.1,,S223,S223,1,4,False,fewer_than_two_valid_thresholds,0.0,0.7
H3B0256,S224,sobol_symmetric,,scrambled_sobol,3.1,0.5,32,99.2,49.6,49.6,21,21,0.1,0.1,12,12,0.3,0.3,0.3,0.3,0,6,0.5,0.5,0.5,0.5,,S224,S224,1,4;6;9;12,True,,0.5,0.7
H3B0257,X001,asymmetric_stress,S157,sparse_asymmetry_2_dimension,4.0,0.3,32,128.0,38.4,89.6,21,21,0.1,0.3,12,12,0.3,0.3,0.7,0.7,0,4,0.0,0.0,0.0,0.7,class1:noshow_threshold;class1:cancel,X001,X001,1,4;6;9;12,True,,0.0,0.7
H3B0258,X003,asymmetric_stress,S063,sparse_asymmetry_2_dimension,1.25,0.1,32,40.0,4.0,36.0,14,14,0.3,0.0,4,9,0.3,0.3,0.3,0.3,0,6,0.0,0.0,0.0,0.7,class2:balk_threshold;class2:cancel,X003,X003,1,4;6;9;12,True,,0.0,0.7
H3B0259,X004,asymmetric_stress,S139,sparse_asymmetry_1_dimension,1.25,0.1,32,40.0,4.0,36.0,21,21,0.1,0.1,12,12,0.0,0.0,0.3,0.0,0,12,0.0,0.0,0.0,0.1,class2:balk_high,X004,X004,1,4;6;9;12,True,,0.0,0.7
H3B0260,X005,asymmetric_stress,A025,sparse_asymmetry_2_dimension,4.0,0.5,32,128.0,64.0,64.0,21,28,0.1,0.1,4,4,0.1,0.0,0.7,0.7,0,4,0.0,0.0,0.0,0.7,class1:horizon;class1:balk_low,X005,X005,1,4;6;9;12,True,,0.0,0.7
H3B0261,X006,asymmetric_stress,S195,sparse_asymmetry_1_dimension,2.0,0.1,32,64.0,6.4,57.6,7,21,0.1,0.1,4,4,0.3,0.3,0.5,0.5,0,4,0.0,0.0,0.0,0.5,class2:horizon,X006,X006,1,4,False,fewer_than_two_valid_thresholds,0.0,0.7
H3B0262,X007,asymmetric_stress,S094,sparse_asymmetry_2_dimension,2.0,0.5,32,64.0,32.0,32.0,14,28,0.1,0.1,9,9,0.1,0.1,0.5,0.5,0,9,0.0,0.0,0.0,0.7,class1:horizon;class1:noshow_high,X007,X007;X080,2,4;6;9;12,True,,0.0,0.7
H3B0263,X008,asymmetric_stress,A011,sparse_asymmetry_1_dimension,3.1,0.1,32,99.2,9.920000000000002,89.28,14,14,0.1,0.1,9,9,0.0,0.0,0.5,0.5,0,6,0.0,0.3,0.0,0.3,class2:noshow_low,X008,X008,1,4;6;9;12,True,,0.0,0.7
H3B0264,X009,asymmetric_stress,S071,sparse_asymmetry_1_dimension,0.8,0.1,16,12.8,1.2800000000000002,11.52,28,28,0.1,0.5,4,4,0.0,0.0,0.7,0.7,0,12,0.3,0.3,0.3,0.7,class1:cancel,X009,X009,1,4;6;9;12,True,,0.3,0.7
H3B0265,X010,asymmetric_stress,S049,sparse_asymmetry_1_dimension,3.1,0.5,64,198.4,99.2,99.2,21,21,0.3,0.3,12,12,0.3,0.3,0.7,0.3,0,9,0.3,0.3,0.3,0.7,class2:balk_high,X010,X010,1,4;6;9;12,True,,0.3,0.7
H3B0266,X011,asymmetric_stress,S018,sparse_asymmetry_1_dimension,0.8,0.9,32,25.6,23.040000000000003,2.56,21,21,0.0,0.0,9,9,0.1,0.1,0.5,0.5,0,9,0.5,0.5,0.5,0.7,class2:noshow_high,X011,X011,1,4;6;9;12,True,,0.5,0.7
H3B0267,X012,asymmetric_stress,S121,sparse_asymmetry_1_dimension,3.1,0.3,32,99.2,29.76,69.44,7,7,0.3,0.3,4,4,0.1,0.1,0.1,0.7,0,4,0.5,0.5,0.5,0.7,class2:balk_high,X012,X012,1,4,False,fewer_than_two_valid_thresholds,0.5,0.7
H3B0268,X013,asymmetric_stress,S087,sparse_asymmetry_2_dimension,0.8,0.5,32,25.6,12.8,12.8,14,21,0.3,0.3,9,9,0.1,0.1,0.7,0.1,0,4,0.5,0.5,0.5,0.7,class2:balk_high;class2:horizon,X013,X013,1,4;6;9;12,True,,0.5,0.7
H3B0269,X014,asymmetric_stress,S104,sparse_asymmetry_2_dimension,2.0,0.7,16,32.0,22.4,9.6,21,28,0.1,0.1,6,9,0.0,0.0,0.0,0.0,0,12,0.5,0.5,0.5,0.7,class1:horizon;class2:balk_threshold,X014,X014,1,4;6;9;12,True,,0.5,0.7
H3B0270,X015,asymmetric_stress,S203,sparse_asymmetry_2_dimension,1.25,0.5,16,20.0,10.0,10.0,14,14,0.5,0.5,9,9,0.3,0.3,0.3,0.7,0,12,0.3,0.5,0.3,0.5,class2:noshow_low;class1:balk_high,X015,X015,1,4;6;9;12,True,,0.3,0.7
H3B0271,X016,asymmetric_stress,S219,sparse_asymmetry_2_dimension,1.25,0.3,16,20.0,6.0,14.0,28,28,0.3,0.3,6,4,0.0,0.0,0.0,0.0,0,6,0.5,0.5,0.5,0.7,class1:balk_threshold;class2:noshow_threshold,X016,X016,1,4;6;9;12,True,,0.5,0.7
H3B0272,X017,asymmetric_stress,A008,sparse_asymmetry_2_dimension,2.0,0.5,32,64.0,32.0,32.0,14,14,0.1,0.1,9,12,0.0,0.3,0.5,0.5,0,6,0.0,0.0,0.0,0.3,class2:balk_threshold;class2:balk_low,X017,X017,1,4;6;9;12,True,,0.0,0.7
H3B0273,X018,asymmetric_stress,S030,sparse_asymmetry_1_dimension,1.25,0.9,64,80.0,72.0,7.999999999999998,7,7,0.5,0.5,4,4,0.1,0.1,0.7,0.7,0,4,0.5,0.7,0.5,0.7,class2:noshow_low,X018,X018,1,4,False,fewer_than_two_valid_thresholds,0.5,0.7
H3B0274,X019,asymmetric_stress,S123,sparse_asymmetry_1_dimension,1.25,0.1,64,80.0,8.0,72.0,14,14,0.1,0.3,6,6,0.0,0.0,0.1,0.1,0,9,0.0,0.0,0.0,0.1,class2:cancel,X019,X019,1,4;6;9;12,True,,0.0,0.7
H3B0275,X020,asymmetric_stress,S125,sparse_asymmetry_1_dimension,4.0,0.1,32,128.0,12.8,115.2,28,28,0.5,0.5,12,12,0.0,0.3,0.5,0.5,0,9,0.0,0.0,0.0,0.1,class2:balk_low,X020,X020,1,4;6;9;12,True,,0.0,0.7
H3B0276,X021,asymmetric_stress,S096,sparse_asymmetry_2_dimension,3.1,0.9,16,49.6,44.64,4.959999999999999,28,21,0.3,0.3,4,4,0.0,0.0,0.3,0.3,0,6,0.3,0.3,0.3,0.3,class2:noshow_high;class1:horizon,X021,X021,1,4;6;9;12,True,,0.3,0.7
H3B0277,X022,asymmetric_stress,S007,sparse_asymmetry_2_dimension,0.8,0.5,32,25.6,12.8,12.8,7,7,0.1,0.1,4,4,0.3,0.5,0.5,0.5,0,4,0.0,0.0,0.0,0.7,class2:balk_low;class2:noshow_high,X022,X022,1,4,False,fewer_than_two_valid_thresholds,0.0,0.7
H3B0278,X023,asymmetric_stress,S028,sparse_asymmetry_1_dimension,3.1,0.9,32,99.2,89.28,9.919999999999998,21,21,0.1,0.1,4,6,0.3,0.3,0.5,0.5,0,9,0.5,0.5,0.5,0.7,class1:balk_threshold,X023,X023,1,4;6;9;12,True,,0.5,0.7
H3B0279,X024,asymmetric_stress,S186,sparse_asymmetry_1_dimension,0.8,0.5,32,25.6,12.8,12.8,14,14,0.1,0.1,9,9,0.5,0.5,0.7,0.7,0,12,0.5,0.5,0.5,0.5,class2:noshow_high,X024,X024,1,4;6;9;12,True,,0.5,0.7
H3B0280,X025,asymmetric_stress,S075,sparse_asymmetry_3_dimension,1.25,0.1,32,40.0,4.0,36.0,14,21,0.0,0.0,4,6,0.0,0.0,0.7,0.7,0,12,0.5,0.3,0.5,0.5,class1:balk_threshold;class2:horizon;class2:noshow_low,X025,X025,1,4;6;9;12,True,,0.5,0.7
H3B0281,X026,asymmetric_stress,S032,sparse_asymmetry_1_dimension,3.1,0.7,32,99.2,69.44,29.760000000000005,28,14,0.0,0.0,6,6,0.5,0.5,0.7,0.7,0,6,0.0,0.0,0.0,0.1,class1:horizon,X026,X026,1,4;6;9;12,True,,0.0,0.7
H3B0282,X027,asymmetric_stress,S084,sparse_asymmetry_1_dimension,4.0,0.7,32,128.0,89.6,38.400000000000006,21,7,0.1,0.1,4,4,0.0,0.0,0.3,0.3,0,4,0.3,0.3,0.3,0.7,class1:horizon,X027,X027,1,4;6;9;12,True,,0.3,0.7
H3B0283,X028,asymmetric_stress,S016,sparse_asymmetry_3_dimension,3.1,0.9,64,198.4,178.56,19.84,28,14,0.1,0.1,12,12,0.0,0.1,0.1,0.1,0,9,0.0,0.0,0.0,0.7,class2:horizon;class2:balk_low;class1:noshow_high,X028,X028,1,4;6;9;12,True,,0.0,0.7
H3B0284,X029,asymmetric_stress,S161,sparse_asymmetry_1_dimension,3.1,0.3,32,99.2,29.76,69.44,7,7,0.0,0.0,4,4,0.3,0.0,0.3,0.3,0,4,0.5,0.5,0.5,0.7,class2:balk_low,X029,X029,1,4,False,fewer_than_two_valid_thresholds,0.5,0.7
H3B0285,X030,asymmetric_stress,A015,sparse_asymmetry_1_dimension,4.0,0.9,64,256.0,230.4,25.599999999999994,14,14,0.1,0.1,9,9,0.0,0.0,0.5,0.5,0,6,0.3,0.0,0.3,0.3,class1:noshow_low,X030,X030,1,4;6;9;12,True,,0.3,0.7
H3B0286,X031,asymmetric_stress,S031,sparse_asymmetry_1_dimension,1.25,0.3,32,40.0,12.0,28.0,28,28,0.3,0.3,9,9,0.0,0.0,0.1,0.7,0,12,0.3,0.3,0.3,0.3,class2:balk_high,X031,X031,1,4;6;9;12,True,,0.3,0.7
H3B0287,X034,asymmetric_stress,S006,sparse_asymmetry_2_dimension,1.25,0.9,16,20.0,18.0,2.0,28,28,0.0,0.0,4,4,0.0,0.0,0.3,0.3,0,9,0.0,0.5,0.0,0.5,class2:noshow_low;class1:noshow_threshold,X034,X034,1,4;6;9;12,True,,0.0,0.7
H3B0288,X035,asymmetric_stress,S071,sparse_asymmetry_2_dimension,0.8,0.1,16,12.8,1.2800000000000002,11.52,28,28,0.5,0.5,4,4,0.0,0.0,0.7,0.3,0,12,0.3,0.3,0.3,0.7,class1:noshow_threshold;class2:balk_high,X035,X035,1,4;6;9;12,True,,0.3,0.7
H3B0289,X036,asymmetric_stress,A015,sparse_asymmetry_1_dimension,4.0,0.9,64,256.0,230.4,25.599999999999994,14,14,0.1,0.1,9,9,0.0,0.0,0.5,0.7,0,6,0.0,0.0,0.0,0.3,class2:balk_high,X036,X036,1,4;6;9;12,True,,0.0,0.7
H3B0290,X037,asymmetric_stress,S005,sparse_asymmetry_1_dimension,3.1,0.1,64,198.4,19.840000000000003,178.56,14,14,0.3,0.3,12,12,0.5,0.5,0.7,0.7,0,4,0.5,0.5,0.5,0.5,class2:noshow_high,X037,X037,1,4;6;9;12,True,,0.5,0.7
H3B0291,X038,asymmetric_stress,A021,sparse_asymmetry_2_dimension,0.8,0.1,64,51.2,5.120000000000001,46.080000000000005,28,28,0.1,0.5,6,12,0.0,0.0,0.1,0.1,0,12,0.0,0.0,0.0,0.1,class1:balk_threshold;class2:cancel,X038,X038,1,4;6;9;12,True,,0.0,0.7
H3B0292,X039,asymmetric_stress,S031,sparse_asymmetry_1_dimension,1.25,0.3,32,40.0,12.0,28.0,28,28,0.3,0.3,9,9,0.0,0.1,0.1,0.1,0,12,0.3,0.3,0.3,0.3,class2:balk_low,X039,X039,1,4;6;9;12,True,,0.3,0.7
H3B0293,X040,asymmetric_stress,S224,sparse_asymmetry_1_dimension,3.1,0.5,32,99.2,49.6,49.6,14,21,0.1,0.1,12,12,0.3,0.3,0.3,0.3,0,6,0.5,0.5,0.5,0.5,class1:horizon,X040,X040,1,4;6;9;12,True,,0.5,0.7
H3B0294,X041,asymmetric_stress,S170,sparse_asymmetry_2_dimension,0.8,0.9,64,51.2,46.080000000000005,5.119999999999999,28,28,0.0,0.0,4,4,0.0,0.0,0.3,0.3,0,12,0.3,0.3,0.3,0.5,class1:noshow_high;class2:noshow_threshold,X041,X041,1,4;6;9;12,True,,0.3,0.7
H3B0295,X042,asymmetric_stress,S167,sparse_asymmetry_2_dimension,0.8,0.5,16,12.8,6.4,6.4,21,21,0.3,0.3,4,9,0.3,0.3,0.7,0.7,0,6,0.7,0.7,0.7,0.7,class2:balk_threshold;class1:noshow_threshold,X042,X042,1,4;6;9;12,False,no_valid_post_threshold_increase,0.7,0.7
H3B0296,X043,asymmetric_stress,S122,sparse_asymmetry_1_dimension,0.8,0.7,32,25.6,17.919999999999998,7.6800000000000015,21,21,0.0,0.0,4,4,0.5,0.1,0.7,0.7,0,12,0.3,0.3,0.3,0.3,class1:balk_low,X043,X043,1,4;6;9;12,True,,0.3,0.7
H3B0297,X044,asymmetric_stress,S069,sparse_asymmetry_2_dimension,4.0,0.3,32,128.0,38.4,89.6,28,21,0.0,0.0,9,9,0.0,0.0,0.0,0.0,0,4,0.0,0.0,0.0,0.0,class2:noshow_high;class1:horizon,X044,X044,1,4;6;9;12,True,,0.0,0.7
H3B0298,X045,asymmetric_stress,S209,sparse_asymmetry_1_dimension,3.1,0.1,32,99.2,9.920000000000002,89.28,28,28,0.5,0.5,12,12,0.0,0.3,0.5,0.5,0,4,0.7,0.7,0.7,0.7,class2:balk_low,X045,X045,1,4;6;9;12,False,no_valid_post_threshold_increase,0.7,0.7
H3B0299,X046,asymmetric_stress,S094,sparse_asymmetry_1_dimension,2.0,0.5,32,64.0,32.0,32.0,28,28,0.1,0.1,6,9,0.1,0.1,0.5,0.5,0,9,0.0,0.0,0.0,0.7,class1:balk_threshold,X046,X046,1,4;6;9;12,True,,0.0,0.7
H3B0300,X047,asymmetric_stress,S091,sparse_asymmetry_3_dimension,1.25,0.3,16,20.0,6.0,14.0,28,21,0.1,0.1,12,12,0.0,0.1,0.7,0.3,0,4,0.5,0.5,0.5,0.5,class2:horizon;class1:balk_low;class2:balk_high,X047,X047,1,4;6;9;12,True,,0.5,0.7
H3B0301,X048,asymmetric_stress,S093,sparse_asymmetry_2_dimension,4.0,0.3,32,128.0,38.4,89.6,14,14,0.0,0.5,6,6,0.3,0.7,0.7,0.7,0,4,0.7,0.7,0.7,0.7,class2:balk_low;class1:cancel,X048,X048,1,4;6;9;12,False,no_valid_post_threshold_increase,0.7,0.7
H3B0302,X049,asymmetric_stress,S109,sparse_asymmetry_2_dimension,4.0,0.3,16,64.0,19.2,44.8,14,21,0.3,0.3,6,6,0.0,0.7,0.7,0.7,0,6,0.0,0.0,0.0,0.7,class2:horizon;class1:balk_low,X049,X049,1,4;6;9;12,True,,0.0,0.7
H3B0303,X050,asymmetric_stress,S124,sparse_asymmetry_3_dimension,3.1,0.9,16,49.6,44.64,4.959999999999999,21,28,0.5,0.5,9,9,0.5,0.5,0.5,0.5,0,12,0.5,0.5,0.5,0.5,class2:noshow_threshold;class1:horizon;class1:noshow_high,X050,X050,1,4;6;9;12,True,,0.5,0.7
H3B0304,X051,asymmetric_stress,S187,sparse_asymmetry_3_dimension,1.25,0.1,16,20.0,2.0,18.0,14,21,0.5,0.0,12,12,0.1,0.1,0.1,0.1,0,9,0.3,0.3,0.3,0.3,class1:horizon;class1:cancel;class1:noshow_high,X051,X051,1,4;6;9;12,True,,0.3,0.7
H3B0305,X052,asymmetric_stress,S116,sparse_asymmetry_2_dimension,4.0,0.7,32,128.0,89.6,38.400000000000006,21,14,0.1,0.1,12,12,0.3,0.3,0.3,0.7,0,12,0.0,0.0,0.0,0.5,class2:balk_high;class2:horizon,X052,X052,1,4;6;9;12,True,,0.0,0.7
H3B0306,X053,asymmetric_stress,S010,sparse_asymmetry_1_dimension,0.8,0.9,32,25.6,23.040000000000003,2.56,14,14,0.5,0.5,6,6,0.0,0.0,0.3,0.7,0,9,0.0,0.0,0.0,0.7,class2:balk_high,X053,X053,1,4;6;9;12,True,,0.0,0.7
H3B0307,X054,asymmetric_stress,A027,sparse_asymmetry_3_dimension,1.25,0.5,16,20.0,10.0,10.0,21,21,0.0,0.0,6,6,0.0,0.0,0.3,0.1,0,9,0.0,0.3,0.0,0.3,class2:balk_high;class2:noshow_low;class1:noshow_high,X054,X054,1,4;6;9;12,True,,0.0,0.7
H3B0308,X055,asymmetric_stress,S189,sparse_asymmetry_1_dimension,4.0,0.3,64,256.0,76.8,179.2,7,7,0.3,0.3,4,4,0.0,0.0,0.7,0.7,0,4,0.5,0.5,0.5,0.7,class2:noshow_high,X055,X055,1,4,False,fewer_than_two_valid_thresholds,0.5,0.7
H3B0309,X056,asymmetric_stress,S095,sparse_asymmetry_1_dimension,1.25,0.1,64,80.0,8.0,72.0,7,14,0.0,0.0,4,4,0.7,0.7,0.7,0.7,0,4,0.0,0.0,0.0,0.3,class2:horizon,X056,X056,1,4,False,fewer_than_two_valid_thresholds,0.0,0.7
H3B0310,X057,asymmetric_stress,S190,sparse_asymmetry_1_dimension,2.0,0.7,16,32.0,22.4,9.6,21,21,0.0,0.0,9,9,0.1,0.1,0.3,0.5,0,4,0.0,0.0,0.0,0.1,class1:balk_high,X057,X057,1,4;6;9;12,True,,0.0,0.7
H3B0311,X058,asymmetric_stress,S016,sparse_asymmetry_1_dimension,3.1,0.9,64,198.4,178.56,19.84,28,28,0.1,0.1,12,12,0.0,0.0,0.1,0.1,0,6,0.0,0.0,0.0,0.7,class2:noshow_threshold,X058,X058,1,4;6;9;12,True,,0.0,0.7
H3B0312,X060,asymmetric_stress,A006,sparse_asymmetry_1_dimension,1.25,0.1,64,80.0,8.0,72.0,14,14,0.1,0.1,6,9,0.0,0.0,0.5,0.5,0,6,0.0,0.0,0.0,0.3,class1:balk_threshold,X060,X060,1,4;6;9;12,True,,0.0,0.7
H3B0313,X061,asymmetric_stress,S216,sparse_asymmetry_3_dimension,2.0,0.9,64,128.0,115.2,12.799999999999995,14,28,0.5,0.5,9,4,0.5,0.3,0.5,0.5,0,9,0.0,0.0,0.0,0.5,class2:balk_threshold;class1:horizon;class2:balk_low,X061,X061,1,4;6;9;12,True,,0.0,0.7
H3B0314,X062,asymmetric_stress,S108,sparse_asymmetry_2_dimension,4.0,0.5,16,64.0,32.0,32.0,14,14,0.0,0.3,4,4,0.0,0.0,0.1,0.1,0,12,0.5,0.5,0.5,0.5,class1:noshow_threshold;class1:cancel,X062,X062,1,4;6;9;12,True,,0.5,0.7
H3B0315,X063,asymmetric_stress,S023,sparse_asymmetry_2_dimension,0.8,0.3,64,51.2,15.36,35.84,21,21,0.0,0.3,12,6,0.1,0.1,0.1,0.1,0,4,0.0,0.0,0.0,0.7,class2:cancel;class2:balk_threshold,X063,X063,1,4;6;9;12,True,,0.0,0.7
H3B0316,X064,asymmetric_stress,S212,sparse_asymmetry_2_dimension,4.0,0.7,16,64.0,44.8,19.200000000000003,7,7,0.3,0.5,4,4,0.3,0.3,0.5,0.5,0,4,0.7,0.3,0.7,0.7,class1:noshow_low;class2:cancel,X064,X064,1,4,False,fewer_than_two_valid_thresholds;no_valid_post_threshold_increase,0.7,0.7
H3B0317,X065,asymmetric_stress,S063,sparse_asymmetry_1_dimension,1.25,0.1,32,40.0,4.0,36.0,14,14,0.3,0.3,4,4,0.1,0.3,0.3,0.3,0,6,0.0,0.0,0.0,0.7,class1:balk_low,X065,X065,1,4;6;9;12,True,,0.0,0.7
H3B0318,X066,asymmetric_stress,S192,sparse_asymmetry_1_dimension,3.1,0.7,16,49.6,34.72,14.880000000000004,28,28,0.5,0.5,4,4,0.1,0.3,0.7,0.7,0,12,0.5,0.5,0.5,0.7,class1:balk_low,X066,X066,1,4;6;9;12,True,,0.5,0.7
H3B0319,X067,asymmetric_stress,S096,sparse_asymmetry_1_dimension,3.1,0.9,16,49.6,44.64,4.959999999999999,21,21,0.3,0.3,9,4,0.0,0.0,0.3,0.3,0,6,0.3,0.3,0.3,0.7,class1:balk_threshold,X067,X067,1,4;6;9;12,True,,0.3,0.7
H3B0320,X068,asymmetric_stress,S216,sparse_asymmetry_2_dimension,2.0,0.9,64,128.0,115.2,12.799999999999995,28,21,0.5,0.5,9,9,0.5,0.5,0.7,0.5,0,9,0.0,0.0,0.0,0.5,class1:balk_high;class2:horizon,X068,X068,1,4;6;9;12,True,,0.0,0.7
H3B0321,X069,asymmetric_stress,S178,sparse_asymmetry_2_dimension,0.8,0.9,16,12.8,11.52,1.2799999999999998,7,7,0.5,0.5,4,4,0.1,0.1,0.7,0.7,0,4,0.3,0.0,0.3,0.5,class2:noshow_high;class1:noshow_low,X069,X069,1,4,False,fewer_than_two_valid_thresholds,0.3,0.7
H3B0322,X070,asymmetric_stress,S181,sparse_asymmetry_3_dimension,4.0,0.3,16,64.0,19.2,44.8,14,14,0.0,0.5,4,12,0.1,0.0,0.5,0.5,0,6,0.0,0.0,0.0,0.5,class2:cancel;class1:balk_low;class2:balk_threshold,X070,X070,1,4;6;9;12,True,,0.0,0.7
H3B0323,X071,asymmetric_stress,S127,sparse_asymmetry_3_dimension,1.25,0.3,16,20.0,6.0,14.0,21,21,0.0,0.0,6,6,0.1,0.3,0.3,0.3,0,6,0.7,0.5,0.7,0.5,class1:noshow_low;class2:noshow_high;class2:balk_low,X071,X071,1,4;6;9;12,False,no_valid_post_threshold_increase,0.7,0.7
H3B0324,X072,asymmetric_stress,S125,sparse_asymmetry_1_dimension,4.0,0.1,32,128.0,12.8,115.2,28,28,0.5,0.5,12,12,0.3,0.0,0.5,0.5,0,9,0.0,0.0,0.0,0.1,class1:balk_low,X072,X072,1,4;6;9;12,True,,0.0,0.7
H3B0325,X073,asymmetric_stress,S084,sparse_asymmetry_1_dimension,4.0,0.7,32,128.0,89.6,38.400000000000006,28,7,0.1,0.1,4,4,0.0,0.0,0.3,0.3,0,4,0.3,0.3,0.3,0.7,class1:horizon,X073,X073,1,4;6;9;12,True,,0.3,0.7
H3B0326,X074,asymmetric_stress,S206,sparse_asymmetry_1_dimension,2.0,0.7,32,64.0,44.8,19.200000000000003,14,28,0.5,0.5,12,12,0.0,0.0,0.3,0.3,0,6,0.0,0.0,0.0,0.0,class2:horizon,X074,X074,1,4;6;9;12,True,,0.0,0.7
H3B0327,X075,asymmetric_stress,S220,sparse_asymmetry_2_dimension,3.1,0.7,64,198.4,138.88,59.52000000000001,14,14,0.0,0.0,12,12,0.5,0.1,0.5,0.5,0,9,0.0,0.5,0.0,0.5,class2:noshow_low;class2:balk_low,X075,X075,1,4;6;9;12,True,,0.0,0.7
H3B0328,X076,asymmetric_stress,S106,sparse_asymmetry_2_dimension,0.8,0.9,16,12.8,11.52,1.2799999999999998,7,14,0.1,0.1,4,4,0.1,0.0,0.1,0.1,0,4,0.0,0.0,0.0,0.0,class2:balk_low;class2:horizon,X076,X076,1,4,False,fewer_than_two_valid_thresholds,0.0,0.7
H3B0329,X077,asymmetric_stress,S013,sparse_asymmetry_2_dimension,4.0,0.5,16,64.0,32.0,32.0,7,7,0.5,0.0,4,4,0.3,0.3,0.3,0.3,0,4,0.0,0.0,0.0,0.7,class2:noshow_high;class1:cancel,X077,X077,1,4,False,fewer_than_two_valid_thresholds,0.0,0.7
H3B0330,X078,asymmetric_stress,S015,sparse_asymmetry_1_dimension,0.8,0.1,16,12.8,1.2800000000000002,11.52,14,14,0.5,0.5,4,4,0.5,0.3,0.5,0.5,0,4,0.7,0.7,0.7,0.7,class2:balk_low,X078,X078,1,4;6;9;12,False,no_valid_post_threshold_increase,0.7,0.7
H3B0331,X079,asymmetric_stress,S128,sparse_asymmetry_1_dimension,3.1,0.5,64,198.4,99.2,99.2,28,7,0.3,0.3,4,4,0.3,0.3,0.5,0.5,0,4,0.0,0.0,0.0,0.3,class1:horizon,X079,X079,1,4;6;9;12,True,,0.0,0.7
H3B0332,X081,asymmetric_stress,S034,sparse_asymmetry_1_dimension,1.25,0.9,16,20.0,18.0,2.0,21,21,0.1,0.1,9,9,0.5,0.1,0.5,0.5,0,12,0.0,0.0,0.0,0.5,class2:balk_low,X081,X081,1,4;6;9;12,True,,0.0,0.7
H3B0333,X082,asymmetric_stress,S157,sparse_asymmetry_2_dimension,4.0,0.3,32,128.0,38.4,89.6,28,21,0.3,0.3,12,12,0.3,0.3,0.5,0.7,0,4,0.0,0.0,0.0,0.7,class1:horizon;class1:balk_high,X082,X082,1,4;6;9;12,True,,0.0,0.7
H3B0334,X083,asymmetric_stress,S007,sparse_asymmetry_1_dimension,0.8,0.5,32,25.6,12.8,12.8,7,7,0.1,0.1,4,4,0.0,0.3,0.5,0.5,0,4,0.0,0.0,0.0,0.0,class1:balk_low,X083,X083,1,4,False,fewer_than_two_valid_thresholds,0.0,0.7
H3B0335,X084,asymmetric_stress,A018,sparse_asymmetry_1_dimension,2.0,0.7,16,32.0,22.4,9.6,28,28,0.5,0.5,12,12,0.3,0.3,0.3,0.3,0,12,0.3,0.0,0.3,0.3,class2:noshow_low,X084,X084,1,4;6;9;12,True,,0.3,0.7
H3B0336,X085,asymmetric_stress,A007,sparse_asymmetry_3_dimension,2.0,0.3,16,32.0,9.6,22.4,14,21,0.1,0.1,4,9,0.0,0.0,0.1,0.5,0,6,0.0,0.0,0.0,0.3,class1:balk_high;class1:balk_threshold;class2:horizon,X085,X085,1,4;6;9;12,True,,0.0,0.7
H3B0337,X086,asymmetric_stress,S155,sparse_asymmetry_1_dimension,1.25,0.5,64,80.0,40.0,40.0,7,7,0.0,0.0,4,4,0.5,0.5,0.7,0.7,0,4,0.0,0.5,0.0,0.7,class2:noshow_low,X086,X086,1,4,False,fewer_than_two_valid_thresholds,0.0,0.7
H3B0338,X087,asymmetric_stress,S222,sparse_asymmetry_1_dimension,1.25,0.9,16,20.0,18.0,2.0,28,28,0.3,0.3,6,6,0.5,0.0,0.7,0.7,0,9,0.3,0.3,0.3,0.3,class2:balk_low,X087,X087,1,4;6;9;12,True,,0.3,0.7
H3B0339,X088,asymmetric_stress,S116,sparse_asymmetry_3_dimension,4.0,0.7,32,128.0,89.6,38.400000000000006,21,14,0.1,0.5,9,12,0.3,0.3,0.3,0.3,0,12,0.0,0.0,0.0,0.5,class2:horizon;class2:cancel;class1:balk_threshold,X088,X088,1,4;6;9;12,True,,0.0,0.7
H3B0340,X089,asymmetric_stress,S205,sparse_asymmetry_1_dimension,4.0,0.3,64,256.0,76.8,179.2,28,28,0.1,0.1,4,4,0.0,0.5,0.7,0.7,0,12,0.3,0.3,0.3,0.5,class1:balk_low,X089,X089,1,4;6;9;12,True,,0.3,0.7
H3B0341,X090,asymmetric_stress,S166,sparse_asymmetry_1_dimension,1.25,0.9,32,40.0,36.0,3.999999999999999,14,14,0.5,0.5,6,6,0.0,0.0,0.5,0.5,0,4,0.0,0.3,0.0,0.7,class1:noshow_low,X090,X090,1,4;6;9;12,True,,0.0,0.7
H3B0342,X091,asymmetric_stress,S163,sparse_asymmetry_3_dimension,2.0,0.3,64,128.0,38.4,89.6,14,14,0.5,0.1,4,4,0.5,0.5,0.5,0.5,0,4,0.0,0.0,0.0,0.3,class2:cancel;class2:noshow_high;class2:noshow_threshold,X091,X091,1,4;6;9;12,True,,0.0,0.7
H3B0343,X092,asymmetric_stress,S134,sparse_asymmetry_2_dimension,1.25,0.5,32,40.0,20.0,20.0,14,28,0.5,0.5,12,12,0.3,0.3,0.5,0.3,0,9,0.0,0.0,0.0,0.5,class2:balk_high;class1:horizon,X092,X092,1,4;6;9;12,True,,0.0,0.7
H3B0344,X093,asymmetric_stress,S150,sparse_asymmetry_2_dimension,1.25,0.9,16,20.0,18.0,2.0,14,14,0.3,0.3,6,9,0.1,0.1,0.1,0.5,0,6,0.0,0.0,0.0,0.1,class1:balk_high;class2:balk_threshold,X093,X093,1,4;6;9;12,True,,0.0,0.7
H3B0345,X094,asymmetric_stress,S106,sparse_asymmetry_1_dimension,0.8,0.9,16,12.8,11.52,1.2799999999999998,7,7,0.1,0.1,4,4,0.1,0.1,0.1,0.1,0,4,0.0,0.0,0.0,0.3,class2:noshow_high,X094,X094,1,4,False,fewer_than_two_valid_thresholds,0.0,0.7
H3B0346,X095,asymmetric_stress,S206,sparse_asymmetry_2_dimension,2.0,0.7,32,64.0,44.8,19.200000000000003,14,14,0.5,0.5,12,9,0.3,0.0,0.3,0.3,0,6,0.0,0.0,0.0,0.0,class2:balk_threshold;class1:balk_low,X095,X095,1,4;6;9;12,True,,0.0,0.7
H3B0347,X096,asymmetric_stress,S001,sparse_asymmetry_2_dimension,3.1,0.3,16,49.6,14.88,34.72,28,21,0.5,0.5,12,12,0.1,0.1,0.7,0.7,0,9,0.0,0.0,0.0,0.3,class1:horizon;class2:noshow_threshold,X096,X096,1,4;6;9;12,True,,0.0,0.7
H3B0348,X097,asymmetric_stress,S156,sparse_asymmetry_1_dimension,3.1,0.5,16,49.6,24.8,24.8,21,21,0.3,0.3,4,9,0.0,0.0,0.1,0.1,0,9,0.7,0.7,0.7,0.7,class1:balk_threshold,X097,X097,1,4;6;9;12,False,no_valid_post_threshold_increase,0.7,0.7
H3B0349,X098,asymmetric_stress,S143,sparse_asymmetry_1_dimension,0.8,0.5,16,12.8,6.4,6.4,28,14,0.0,0.0,12,12,0.0,0.0,0.5,0.5,0,4,0.5,0.5,0.5,0.7,class1:horizon,X098,X098,1,4;6;9;12,True,,0.5,0.7
H3B0350,X099,asymmetric_stress,A008,sparse_asymmetry_2_dimension,2.0,0.5,32,64.0,32.0,32.0,14,14,0.1,0.1,6,9,0.1,0.0,0.5,0.5,0,6,0.0,0.0,0.0,0.3,class1:balk_threshold;class1:balk_low,X099,X099,1,4;6;9;12,True,,0.0,0.7
H3B0351,X100,asymmetric_stress,S224,sparse_asymmetry_2_dimension,3.1,0.5,32,99.2,49.6,49.6,21,21,0.0,0.1,12,12,0.1,0.3,0.3,0.3,0,6,0.5,0.5,0.5,0.5,class1:balk_low;class1:cancel,X100,X100,1,4;6;9;12,True,,0.5,0.7
H3B0352,X101,asymmetric_stress,S064,sparse_asymmetry_1_dimension,3.1,0.9,16,49.6,44.64,4.959999999999999,28,28,0.0,0.0,12,12,0.1,0.1,0.7,0.1,0,12,0.7,0.7,0.7,0.7,class1:balk_high,X101,X101,1,4;6;9;12,False,no_valid_post_threshold_increase,0.7,0.7
H3B0353,X102,asymmetric_stress,S021,sparse_asymmetry_3_dimension,4.0,0.3,32,128.0,38.4,89.6,28,14,0.1,0.5,4,6,0.0,0.0,0.3,0.3,0,12,0.3,0.3,0.3,0.7,class1:balk_threshold;class2:horizon;class1:cancel,X102,X102,1,4;6;9;12,True,,0.3,0.7
H3B0354,X103,asymmetric_stress,S092,sparse_asymmetry_2_dimension,3.1,0.7,64,198.4,138.88,59.52000000000001,14,14,0.1,0.5,4,4,0.1,0.1,0.1,0.1,0,9,0.0,0.0,0.0,0.7,class1:cancel;class2:noshow_high,X103,X103,1,4;6;9;12,True,,0.0,0.7
H3B0355,X104,asymmetric_stress,S185,sparse_asymmetry_3_dimension,3.1,0.5,32,99.2,49.6,49.6,28,21,0.5,0.5,6,12,0.0,0.0,0.3,0.3,0,6,0.0,0.0,0.0,0.3,class2:horizon;class2:balk_threshold;class1:noshow_threshold,X104,X104,1,4;6;9;12,True,,0.0,0.7
H3B0356,X105,asymmetric_stress,S029,sparse_asymmetry_3_dimension,4.0,0.1,16,64.0,6.4,57.6,14,21,0.1,0.1,4,4,0.0,0.0,0.7,0.7,0,12,0.0,0.3,0.0,0.3,class2:noshow_low;class2:noshow_threshold;class1:horizon,X105,X105,1,4;6;9;12,True,,0.0,0.7
H3B0357,X106,asymmetric_stress,A003,sparse_asymmetry_1_dimension,0.8,0.5,64,51.2,25.6,25.6,14,28,0.1,0.1,9,9,0.0,0.0,0.5,0.5,0,6,0.0,0.0,0.0,0.3,class2:horizon,X106,X106,1,4;6;9;12,True,,0.0,0.7
H3B0358,X107,asymmetric_stress,S163,sparse_asymmetry_3_dimension,2.0,0.3,64,128.0,38.4,89.6,14,14,0.5,0.5,4,6,0.5,0.3,0.5,0.5,0,9,0.0,0.0,0.0,0.5,class2:noshow_high;class2:balk_threshold;class2:balk_low,X107,X107,1,4;6;9;12,True,,0.0,0.7
H3B0359,X108,asymmetric_stress,A016,sparse_asymmetry_2_dimension,0.8,0.5,32,25.6,12.8,12.8,28,7,0.0,0.0,4,4,0.0,0.0,0.0,0.0,0,4,0.0,0.0,0.0,0.0,class1:horizon;class1:noshow_high,X108,X108,1,4;6;9;12,True,,0.0,0.7
H3B0360,X109,asymmetric_stress,S116,sparse_asymmetry_1_dimension,4.0,0.7,32,128.0,89.6,38.400000000000006,21,21,0.1,0.1,6,12,0.3,0.3,0.3,0.3,0,12,0.0,0.0,0.0,0.5,class1:balk_threshold,X109,X109,1,4;6;9;12,True,,0.0,0.7
H3B0361,X110,asymmetric_stress,S089,sparse_asymmetry_1_dimension,2.0,0.1,16,32.0,3.2,28.8,21,21,0.3,0.3,6,6,0.5,0.5,0.5,0.7,0,12,0.0,0.0,0.0,0.0,class2:balk_high,X110,X110,1,4;6;9;12,True,,0.0,0.7
H3B0362,X111,asymmetric_stress,A020,sparse_asymmetry_3_dimension,4.0,0.5,32,128.0,64.0,64.0,14,14,0.3,0.3,4,6,0.0,0.7,0.7,0.7,0,12,0.7,0.7,0.7,0.7,class1:balk_threshold;class1:balk_low;class2:noshow_threshold,X111,X111,1,4;6;9;12,False,no_valid_post_threshold_increase,0.7,0.7
H3B0363,X112,asymmetric_stress,S082,sparse_asymmetry_2_dimension,0.8,0.7,16,12.8,8.959999999999999,3.8400000000000007,28,14,0.3,0.3,12,12,0.1,0.1,0.5,0.3,0,9,0.0,0.0,0.0,0.7,class1:balk_high;class1:horizon,X112,X112,1,4;6;9;12,True,,0.0,0.7
H3B0364,X113,asymmetric_stress,S062,sparse_asymmetry_3_dimension,2.0,0.7,16,32.0,22.4,9.6,21,21,0.5,0.0,6,6,0.0,0.0,0.0,0.0,0,9,0.0,0.0,0.0,0.3,class2:cancel;class2:noshow_threshold;class1:noshow_high,X113,X113,1,4;6;9;12,True,,0.0,0.7
H3B0365,X114,asymmetric_stress,S207,sparse_asymmetry_1_dimension,0.8,0.1,64,51.2,5.120000000000001,46.080000000000005,21,21,0.3,0.3,9,9,0.3,0.3,0.5,0.5,0,4,0.3,0.0,0.3,0.5,class1:noshow_low,X114,X114,1,4;6;9;12,True,,0.3,0.7
H3B0366,X115,asymmetric_stress,S046,sparse_asymmetry_2_dimension,2.0,0.9,32,64.0,57.6,6.399999999999999,14,7,0.3,0.3,4,4,0.3,0.5,0.5,0.5,0,4,0.0,0.0,0.0,0.5,class1:horizon;class1:balk_low,X115,X115,1,4;6;9;12,True,,0.0,0.7
H3B0367,X116,asymmetric_stress,S131,sparse_asymmetry_1_dimension,2.0,0.3,16,32.0,9.6,22.4,28,28,0.5,0.3,9,9,0.1,0.1,0.1,0.1,0,4,0.7,0.7,0.7,0.7,class2:cancel,X116,X116,1,4;6;9;12,False,no_valid_post_threshold_increase,0.7,0.7
H3B0368,X117,asymmetric_stress,S160,sparse_asymmetry_1_dimension,3.1,0.7,64,198.4,138.88,59.52000000000001,14,14,0.5,0.5,9,9,0.0,0.0,0.5,0.7,0,6,0.0,0.0,0.0,0.0,class1:balk_high,X117,X117,1,4;6;9;12,True,,0.0,0.7
H3B0369,X118,asymmetric_stress,S180,sparse_asymmetry_1_dimension,4.0,0.5,16,64.0,32.0,32.0,14,14,0.0,0.0,6,6,0.5,0.5,0.7,0.7,0,12,0.7,0.3,0.7,0.7,class2:noshow_low,X118,X118,1,4;6;9;12,False,no_valid_post_threshold_increase,0.7,0.7
H3B0370,X119,asymmetric_stress,S084,sparse_asymmetry_2_dimension,4.0,0.7,32,128.0,89.6,38.400000000000006,7,7,0.1,0.3,4,4,0.1,0.0,0.3,0.3,0,4,0.3,0.3,0.3,0.7,class1:balk_low;class2:cancel,X119,X119,1,4,False,fewer_than_two_valid_thresholds,0.3,0.7
H3B0371,X120,asymmetric_stress,A019,sparse_asymmetry_2_dimension,3.1,0.5,32,99.2,49.6,49.6,14,21,0.0,0.0,4,4,0.5,0.5,0.7,0.7,0,4,0.3,0.5,0.3,0.5,class1:noshow_low;class2:horizon,X120,X120,1,4;6;9;12,True,,0.3,0.7
H3B0372,X121,asymmetric_stress,A002,sparse_asymmetry_3_dimension,0.8,0.3,32,25.6,7.68,17.919999999999998,28,14,0.1,0.1,9,9,0.0,0.0,0.5,0.5,0,4,0.3,0.0,0.3,0.3,class1:noshow_low;class2:noshow_threshold;class1:horizon,X121,X121,1,4;6;9;12,True,,0.3,0.7
H3B0373,X122,asymmetric_stress,S110,sparse_asymmetry_2_dimension,2.0,0.7,64,128.0,89.6,38.400000000000006,28,28,0.1,0.0,9,9,0.0,0.0,0.5,0.5,0,12,0.7,0.7,0.7,0.7,class1:noshow_threshold;class1:cancel,X122,X122,1,4;6;9;12,False,no_valid_post_threshold_increase,0.7,0.7
H3B0374,X123,asymmetric_stress,A029,sparse_asymmetry_1_dimension,3.1,0.3,32,99.2,29.76,69.44,14,14,0.5,0.0,9,9,0.0,0.0,0.5,0.5,0,6,0.0,0.0,0.0,0.0,class2:cancel,X123,X123,1,4;6;9;12,True,,0.0,0.7
H3B0375,X124,asymmetric_stress,S016,sparse_asymmetry_2_dimension,3.1,0.9,64,198.4,178.56,19.84,14,28,0.1,0.1,12,12,0.0,0.1,0.1,0.1,0,9,0.0,0.0,0.0,0.7,class2:balk_low;class1:horizon,X124,X124,1,4;6;9;12,True,,0.0,0.7
H3B0376,X125,asymmetric_stress,A004,sparse_asymmetry_2_dimension,1.25,0.7,16,20.0,14.0,6.000000000000001,14,28,0.1,0.1,9,9,0.0,0.0,0.1,0.5,0,6,0.0,0.0,0.0,0.3,class2:horizon;class1:balk_high,X125,X125,1,4;6;9;12,True,,0.0,0.7
H3B0377,X126,asymmetric_stress,S165,sparse_asymmetry_1_dimension,3.1,0.1,16,49.6,4.960000000000001,44.64,28,28,0.1,0.1,9,12,0.7,0.7,0.7,0.7,0,9,0.0,0.0,0.0,0.1,class2:balk_threshold,X126,X126,1,4;6;9;12,True,,0.0,0.7
H3B0378,X127,asymmetric_stress,S119,sparse_asymmetry_2_dimension,0.8,0.1,32,25.6,2.5600000000000005,23.040000000000003,28,28,0.3,0.3,4,4,0.0,0.0,0.0,0.7,0,9,0.0,0.0,0.0,0.3,class1:noshow_high;class2:balk_high,X127,X127,1,4;6;9;12,True,,0.0,0.7
H3B0379,X128,asymmetric_stress,S122,sparse_asymmetry_1_dimension,0.8,0.7,32,25.6,17.919999999999998,7.6800000000000015,28,21,0.0,0.0,4,4,0.1,0.1,0.7,0.7,0,12,0.3,0.3,0.3,0.3,class1:horizon,X128,X128,1,4;6;9;12,True,,0.3,0.7
