policy,seed,Q,rho_1,rho_2,tau_1,tau_2,offered_1,offered_2,total_offered_delay_1,total_offered_delay_2,served_rate_1,served_rate_2,arrivals_1,arrivals_2,served_1,served_2,overall_served_rate,min_served_rate,served_rate_flag,w1,w2,weight_set,weighted_utilization,weighted_offered_wait,fcfs_weighted_utilization,fcfs_weighted_offered_wait,fcfs_served_rate_1,fcfs_served_rate_2,fcfs_overall_served_rate,delta_weighted_utilization,delta_weighted_offered_wait
Strict C1 reservation,5101,0,0.5060787671232877,0.4952054794520548,5.361535106846925,5.3316755083996465,9172.0,9048.0,49176.0,48241.0,0.5931094635848234,0.5908488063660478,9172.0,9048.0,5440.0,5346.0,0.59198682766191,0.5908488063660478,False,1.0,1.0,"w1=1, w2=1",1.0012842465753424,5.3467069154774975,1.0012842465753424,5.3467069154774975,0.5931094635848234,0.5908488063660478,0.59198682766191,0.0,0.0
Strict C1 reservation,5101,4,0.5069349315068493,0.49434931506849317,5.347361535106847,5.346043324491601,9172.0,9048.0,49046.0,48371.0,0.5944177932839075,0.5895225464190982,9172.0,9048.0,5452.0,5334.0,0.59198682766191,0.5895225464190982,False,1.0,1.0,"w1=1, w2=1",1.0012842465753424,5.3467069154774975,1.0012842465753424,5.3467069154774975,0.5931094635848234,0.5908488063660478,0.59198682766191,0.0,0.0
Strict C1 reservation,5101,8,0.508304794520548,0.49297945205479454,5.311382468382032,5.38262599469496,9172.0,9048.0,48716.0,48702.0,0.5964893153074575,0.587422634836428,9172.0,9048.0,5471.0,5315.0,0.59198682766191,0.587422634836428,False,1.0,1.0,"w1=1, w2=1",1.0012842465753424,5.346761800219539,1.0012842465753424,5.3467069154774975,0.5931094635848234,0.5908488063660478,0.59198682766191,0.0,5.488474204184968e-05
Strict C1 reservation,5101,12,0.5142123287671233,0.4870719178082192,5.239969472307021,5.4552387267904505,9172.0,9048.0,48061.0,49359.0,0.6049934583515045,0.5785809018567639,9172.0,9048.0,5549.0,5235.0,0.5918770581778265,0.5785809018567639,False,1.0,1.0,"w1=1, w2=1",1.0012842465753424,5.346871569703622,1.0012842465753424,5.3467069154774975,0.5931094635848234,0.5908488063660478,0.59198682766191,0.0,0.00016465422612466085
Strict C1 reservation,5101,16,0.5405821917808219,0.46113013698630134,4.647550908090259,6.089283743516169,9085.0,9061.0,42223.0,55175.0,0.6834342322509631,0.5003862708310342,9085.0,9061.0,6209.0,4534.0,0.5920313016642786,0.5003862708310342,False,1.0,1.0,"w1=1, w2=1",1.0017123287671232,5.367463903890664,1.0012842465753424,5.3467069154774975,0.5931094635848234,0.5908488063660478,0.59198682766191,0.00042808219178080975,0.020756988413166866
Strict C1 reservation,5101,20,0.6357876712328767,0.363527397260274,3.1084520831067115,7.576876712328767,9193.0,9125.0,28576.0,69139.0,0.8077885347547047,0.3873972602739726,9193.0,9125.0,7426.0,3535.0,0.5983731848455072,0.3873972602739726,True,1.0,1.0,"w1=1, w2=1",0.9993150684931507,5.334370564472104,1.0012842465753424,5.3467069154774975,0.5931094635848234,0.5908488063660478,0.59198682766191,-0.0019691780821917693,-0.012336351005393986
Strict C1 reservation,5101,24,0.7462328767123287,0.2488013698630137,1.1711881297752187,9.376763217400667,9031.0,9287.0,10577.0,87082.0,0.9651201417340273,0.2609958060006452,9031.0,9299.0,8716.0,2427.0,0.607910529187125,0.2609958060006452,True,1.0,1.0,"w1=1, w2=1",0.9950342465753425,5.331313462168359,1.0012842465753424,5.3467069154774975,0.5931094635848234,0.5908488063660478,0.59198682766191,-0.006249999999999978,-0.015393453309138216
Strict C1 reservation,5101,28,0.781763698630137,0.12551369863013698,0.06538166684919505,10.560570535365377,9131.0,5118.0,597.0,54049.0,1.0,0.13287867121328786,9131.0,9091.0,9131.0,1208.0,0.5673910657447042,0.13287867121328786,True,1.0,1.0,"w1=1, w2=1",0.9072773972602739,3.8350761456944347,1.0012842465753424,5.3467069154774975,0.5931094635848234,0.5908488063660478,0.59198682766191,-0.09400684931506853,-1.5116307697830629
Strict C1 reservation,5101,32,0.7746575342465754,0.0,0.007957559681697613,,9048.0,0.0,72.0,0.0,1.0,0.0,9048.0,9030.0,9048.0,0.0,0.5004978426817126,0.0,True,1.0,1.0,"w1=1, w2=1",0.7746575342465754,0.007957559681697613,1.0012842465753424,5.3467069154774975,0.5931094635848234,0.5908488063660478,0.59198682766191,-0.22662671232876708,-5.3387493557958
Strict C1 reservation,5102,0,0.5008561643835616,0.49888698630136985,5.491321908088636,5.488626325088339,9161.0,9056.0,50306.0,49705.0,0.5761379762034713,0.5760821554770318,9161.0,9056.0,5278.0,5217.0,0.5761102267113136,0.5760821554770318,False,1.0,1.0,"w1=1, w2=1",0.9997431506849315,5.489981885052424,0.9997431506849315,5.489981885052424,0.5761379762034713,0.5760821554770318,0.5761102267113136,0.0,0.0
Strict C1 reservation,5102,4,0.5007705479452055,0.49897260273972605,5.474620674598843,5.505521201413427,9161.0,9056.0,50153.0,49858.0,0.5760288178146491,0.5761925795053003,9161.0,9056.0,5277.0,5218.0,0.5761102267113136,0.5760288178146491,False,1.0,1.0,"w1=1, w2=1",0.9997431506849315,5.489981885052424,0.9997431506849315,5.489981885052424,0.5761379762034713,0.5760821554770318,0.5761102267113136,0.0,0.0
Strict C1 reservation,5102,8,0.5019691780821918,0.4977739726027397,5.442528108285122,5.537985865724382,9161.0,9056.0,49859.0,50152.0,0.5781028272022705,0.5740945229681979,9161.0,9056.0,5296.0,5199.0,0.5761102267113136,0.5740945229681979,False,1.0,1.0,"w1=1, w2=1",0.9997431506849315,5.489981885052424,0.9997431506849315,5.489981885052424,0.5761379762034713,0.5760821554770318,0.5761102267113136,0.0,0.0
Strict C1 reservation,5102,12,0.5060787671232877,0.4936643835616438,5.36786377033075,5.613626325088339,9161.0,9056.0,49175.0,50837.0,0.5849798056980678,0.5673586572438163,9161.0,9056.0,5359.0,5138.0,0.5762200142723829,0.5673586572438163,False,1.0,1.0,"w1=1, w2=1",0.9997431506849315,5.490036778832958,0.9997431506849315,5.489981885052424,0.5761379762034713,0.5760821554770318,0.5761102267113136,0.0,5.489378053447069e-05
Strict C1 reservation,5102,16,0.539554794520548,0.4594178082191781,4.987412587412587,6.398267923700943,9295.0,9122.0,46358.0,58365.0,0.6478752017213556,0.49364174523130894,9295.0,9122.0,6022.0,4503.0,0.5714828690883423,0.49364174523130894,True,1.0,1.0,"w1=1, w2=1",0.9989726027397261,5.686213824184177,0.9997431506849315,5.489981885052424,0.5761379762034713,0.5760821554770318,0.5761102267113136,-0.0007705479452053687,0.19623193913175374
Strict C1 reservation,5102,20,0.6393835616438356,0.3626712328767123,3.0667754214246874,7.7298850574712645,9195.0,9222.0,28199.0,71285.0,0.811636759108211,0.38418998048145736,9195.0,9222.0,7463.0,3543.0,0.5976000434381278,0.38418998048145736,True,1.0,1.0,"w1=1, w2=1",1.0020547945205478,5.4017483846446215,0.9997431506849315,5.489981885052424,0.5761379762034713,0.5760821554770318,0.5761102267113136,0.0023116438356163282,-0.08823350040780209
Strict C1 reservation,5102,24,0.7482020547945205,0.2495719178082192,1.3124246079613993,9.629491673970202,9119.0,9128.0,11968.0,87898.0,0.9583287641188727,0.26271460965338517,9119.0,9261.0,8739.0,2433.0,0.6078346028291621,0.26271460965338517,True,1.0,1.0,"w1=1, w2=1",0.9977739726027397,5.473009261796459,0.9997431506849315,5.489981885052424,0.5761379762034713,0.5760821554770318,0.5761102267113136,-0.0019691780821917693,-0.01697262325596416
Strict C1 reservation,5102,28,0.7745719178082192,0.12491438356164383,0.087321764120703,10.598368808434454,9047.0,5027.0,790.0,53278.0,1.0,0.13742690058479531,9047.0,9234.0,9047.0,1269.0,0.5643017340408074,0.13742690058479531,True,1.0,1.0,"w1=1, w2=1",0.8994863013698631,3.8416939036521245,0.9997431506849315,5.489981885052424,0.5761379762034713,0.5760821554770318,0.5761102267113136,-0.1002568493150684,-1.648287981400299
Strict C1 reservation,5102,32,0.775,0.0,0.007843570481661512,,9052.0,0.0,71.0,0.0,1.0,0.0,9052.0,9108.0,9052.0,0.0,0.4984581497797357,0.0,True,1.0,1.0,"w1=1, w2=1",0.775,0.007843570481661512,0.9997431506849315,5.489981885052424,0.5761379762034713,0.5760821554770318,0.5761102267113136,-0.22474315068493145,-5.482138314570762
Strict C1 reservation,5103,0,0.5053938356164384,0.49648972602739727,5.481704692208352,5.502873563218391,9292.0,9048.0,50936.0,49790.0,0.5668316831683168,0.5713969938107869,9292.0,9048.0,5267.0,5170.0,0.5690839694656489,0.5668316831683168,False,1.0,1.0,"w1=1, w2=1",1.0018835616438357,5.492148309705562,1.0018835616438357,5.492148309705562,0.5668316831683168,0.5713969938107869,0.5690839694656489,0.0,0.0
Strict C1 reservation,5103,4,0.50625,0.4956335616438356,5.467283684890228,5.517683465959328,9292.0,9048.0,50802.0,49924.0,0.568123116659492,0.5700707338638373,9292.0,9048.0,5279.0,5158.0,0.5690839694656489,0.568123116659492,False,1.0,1.0,"w1=1, w2=1",1.0018835616438355,5.492148309705562,1.0018835616438357,5.492148309705562,0.5668316831683168,0.5713969938107869,0.5690839694656489,-2.220446049250313e-16,0.0
Strict C1 reservation,5103,8,0.5080479452054795,0.49383561643835616,5.435320705983642,5.550508399646331,9292.0,9048.0,50505.0,50221.0,0.5707059836418424,0.5674182139699381,9292.0,9048.0,5303.0,5134.0,0.5690839694656489,0.5674182139699381,False,1.0,1.0,"w1=1, w2=1",1.0018835616438357,5.492148309705562,1.0018835616438357,5.492148309705562,0.5668316831683168,0.5713969938107869,0.5690839694656489,0.0,0.0
Strict C1 reservation,5103,12,0.5130993150684932,0.4886986301369863,5.362247094274645,5.626105216622458,9292.0,9048.0,49826.0,50905.0,0.5786698235040896,0.5591290893015031,9292.0,9048.0,5377.0,5059.0,0.5690294438386041,0.5591290893015031,False,1.0,1.0,"w1=1, w2=1",1.0017979452054795,5.4924209378407856,1.0018835616438357,5.492148309705562,0.5668316831683168,0.5713969938107869,0.5690839694656489,-8.561643835625077e-05,0.0002726281352236626
Strict C1 reservation,5103,16,0.5412671232876712,0.4601027397260274,4.730299061340319,6.318520140105079,9162.0,9136.0,43339.0,57726.0,0.6737611875136433,0.4938704028021016,9162.0,9136.0,6173.0,4512.0,0.5839436003934856,0.4938704028021016,True,1.0,1.0,"w1=1, w2=1",1.0013698630136987,5.523281232921631,1.0018835616438357,5.492148309705562,0.5668316831683168,0.5713969938107869,0.5690839694656489,-0.0005136986301370605,0.031132923216069308
Strict C1 reservation,5103,20,0.6386986301369864,0.36061643835616436,3.0306741816605247,7.6470783165801395,9226.0,9053.0,27961.0,69229.0,0.8085844352915673,0.392245664420634,9226.0,9053.0,7460.0,3551.0,0.6023852508342907,0.392245664420634,True,1.0,1.0,"w1=1, w2=1",0.9993150684931507,5.317030472126484,1.0018835616438357,5.492148309705562,0.5668316831683168,0.5713969938107869,0.5690839694656489,-0.0025684931506850806,-0.17511783757907828
Strict C1 reservation,5103,24,0.7536815068493151,0.24837328767123287,1.4459911513974317,9.291915836101882,9267.0,9030.0,13400.0,83906.0,0.9499298586381785,0.2703238598810311,9267.0,9078.0,8803.0,2454.0,0.6136276914690652,0.2703238598810311,True,1.0,1.0,"w1=1, w2=1",1.002054794520548,5.318139585724436,1.0018835616438357,5.492148309705562,0.5668316831683168,0.5713969938107869,0.5690839694656489,0.0001712328767122795,-0.17400872398112632
Strict C1 reservation,5103,28,0.7753424657534247,0.12517123287671234,0.05167844522968198,10.573364761343548,9056.0,5091.0,468.0,53829.0,1.0,0.13661987399137837,9056.0,9047.0,9056.0,1236.0,0.5685245539413357,0.13661987399137837,True,1.0,1.0,"w1=1, w2=1",0.900513698630137,3.8380575387007845,1.0018835616438357,5.492148309705562,0.5668316831683168,0.5713969938107869,0.5690839694656489,-0.10136986301369877,-1.6540907710047774
Strict C1 reservation,5103,32,0.7919520547945206,0.0,0.014702702702702703,,9250.0,0.0,136.0,0.0,1.0,0.0,9250.0,9092.0,9250.0,0.0,0.5043070548467997,0.0,True,1.0,1.0,"w1=1, w2=1",0.7919520547945206,0.014702702702702703,1.0018835616438357,5.492148309705562,0.5668316831683168,0.5713969938107869,0.5690839694656489,-0.20993150684931516,-5.477445607002859
Strict C1 reservation,5104,0,0.4995719178082192,0.5020547945205479,5.372167925366504,5.372838695557014,9004.0,9138.0,48371.0,49097.0,0.5966237227898712,0.5886408404464872,9004.0,9138.0,5372.0,5379.0,0.5926028001322897,0.5886408404464872,False,1.0,1.0,"w1=1, w2=1",1.001626712328767,5.372505787675008,1.001626712328767,5.372505787675008,0.5966237227898712,0.5886408404464872,0.5926028001322897,0.0,0.0
Strict C1 reservation,5104,4,0.49965753424657533,0.5019691780821918,5.352954242558862,5.391770628146203,9004.0,9138.0,48198.0,49270.0,0.5967347845402043,0.5885314073101335,9004.0,9138.0,5373.0,5378.0,0.5926028001322897,0.5885314073101335,False,1.0,1.0,"w1=1, w2=1",1.001626712328767,5.372505787675008,1.001626712328767,5.372505787675008,0.5966237227898712,0.5886408404464872,0.5926028001322897,0.0,0.0
Strict C1 reservation,5104,8,0.5026541095890411,0.49897260273972605,5.317858729453576,5.426460932370322,9004.0,9138.0,47882.0,49587.0,0.6013993780541982,0.5839352155832787,9004.0,9138.0,5415.0,5336.0,0.5926028001322897,0.5839352155832787,False,1.0,1.0,"w1=1, w2=1",1.0016267123287672,5.372560908389373,1.001626712328767,5.372505787675008,0.5966237227898712,0.5886408404464872,0.5926028001322897,2.220446049250313e-16,5.5120714364420564e-05
Strict C1 reservation,5104,12,0.505736301369863,0.4958904109589041,5.239782318969347,5.503611293499672,9004.0,9138.0,47179.0,50292.0,0.6075077743225233,0.5773692274020573,9004.0,9138.0,5470.0,5276.0,0.5923271965604674,0.5773692274020573,False,1.0,1.0,"w1=1, w2=1",1.0016267123287672,5.3726711498181015,1.001626712328767,5.372505787675008,0.5966237227898712,0.5886408404464872,0.5926028001322897,2.220446049250313e-16,0.0001653621430932617
Strict C1 reservation,5104,16,0.5402397260273972,0.46087328767123287,4.676598995852434,6.180881385661039,9162.0,9122.0,42847.0,56382.0,0.6684130102597686,0.50460425345319,9162.0,9122.0,6124.0,4603.0,0.5866878144826078,0.50460425345319,False,1.0,1.0,"w1=1, w2=1",1.0011130136986301,5.427094727630715,1.001626712328767,5.372505787675008,0.5966237227898712,0.5886408404464872,0.5926028001322897,-0.0005136986301368385,0.054588939955706905
Strict C1 reservation,5104,20,0.6369006849315069,0.36481164383561643,2.933473544387868,7.600801646625501,9034.0,9231.0,26501.0,70163.0,0.8234447642240426,0.3865236702415773,9034.0,9231.0,7439.0,3568.0,0.6026279770052012,0.3865236702415773,True,1.0,1.0,"w1=1, w2=1",1.0017123287671232,5.292307692307692,1.001626712328767,5.372505787675008,0.5966237227898712,0.5886408404464872,0.5926028001322897,8.561643835625077e-05,-0.08019809536731604
Strict C1 reservation,5104,24,0.7487157534246576,0.25017123287671234,1.2554150632215504,9.139272970561999,9095.0,8968.0,11418.0,81961.0,0.9615173172072567,0.2729603209986625,9095.0,8972.0,8745.0,2449.0,0.6195826645264848,0.2729603209986625,True,1.0,1.0,"w1=1, w2=1",0.9988869863013699,5.169628522393844,1.001626712328767,5.372505787675008,0.5966237227898712,0.5886408404464872,0.5926028001322897,-0.002739726027397138,-0.20287726528116412
Strict C1 reservation,5104,28,0.7601883561643835,0.125,0.07208018921049668,10.632208293153328,8879.0,5185.0,640.0,55128.0,1.0,0.1384476737636589,8879.0,8877.0,8879.0,1229.0,0.5692723586393332,0.1384476737636589,True,1.0,1.0,"w1=1, w2=1",0.8851883561643835,3.9653014789533563,1.001626712328767,5.372505787675008,0.5966237227898712,0.5886408404464872,0.5926028001322897,-0.11643835616438347,-1.407204308721652
Strict C1 reservation,5104,32,0.7846746575342466,0.0,0.007637752318603383,,9165.0,0.0,70.0,0.0,1.0,0.0,9165.0,9208.0,9165.0,0.0,0.4988298046045828,0.0,True,1.0,1.0,"w1=1, w2=1",0.7846746575342466,0.007637752318603383,1.001626712328767,5.372505787675008,0.5966237227898712,0.5886408404464872,0.5926028001322897,-0.2169520547945204,-5.364868035356404
Strict C1 reservation,5105,0,0.5049657534246575,0.4946917808219178,5.395206304038525,5.392718392718392,9137.0,9009.0,49296.0,48583.0,0.5953814162197658,0.5888555888555889,9137.0,9009.0,5440.0,5305.0,0.5921415187920203,0.5888555888555889,False,1.0,1.0,"w1=1, w2=1",0.9996575342465753,5.393971123112531,0.9996575342465753,5.393971123112531,0.5953814162197658,0.5888555888555889,0.5921415187920203,0.0,0.0
Strict C1 reservation,5105,4,0.5065924657534246,0.4930650684931507,5.378898982160447,5.4092574092574095,9137.0,9009.0,49147.0,48732.0,0.5975703184852796,0.5866355866355867,9137.0,9009.0,5460.0,5285.0,0.5921415187920203,0.5866355866355867,False,1.0,1.0,"w1=1, w2=1",0.9996575342465753,5.393971123112531,0.9996575342465753,5.393971123112531,0.5953814162197658,0.5888555888555889,0.5921415187920203,0.0,0.0
Strict C1 reservation,5105,8,0.5077910958904109,0.4918664383561644,5.348473240669804,5.44011544011544,9137.0,9009.0,48869.0,49010.0,0.5996497756375178,0.5845265845265846,9137.0,9009.0,5479.0,5266.0,0.5921415187920203,0.5845265845265846,False,1.0,1.0,"w1=1, w2=1",0.9996575342465753,5.393971123112531,0.9996575342465753,5.393971123112531,0.5953814162197658,0.5888555888555889,0.5921415187920203,0.0,0.0
Strict C1 reservation,5105,12,0.5122431506849315,0.48741438356164385,5.279632264419393,5.510489510489511,9137.0,9009.0,48240.0,49644.0,0.6070920433402649,0.5765345765345765,9137.0,9009.0,5547.0,5194.0,0.591921084536537,0.5765345765345765,False,1.0,1.0,"w1=1, w2=1",0.9996575342465754,5.3942466659318855,0.9996575342465753,5.393971123112531,0.5953814162197658,0.5888555888555889,0.5921415187920203,1.1102230246251565e-16,0.0002755428193541576
Strict C1 reservation,5105,16,0.5387842465753425,0.461472602739726,4.778320842836972,6.2202197802197805,9207.0,9100.0,43994.0,56604.0,0.6673183447376996,0.49835164835164836,9207.0,9100.0,6144.0,4535.0,0.5833287813404708,0.49835164835164836,True,1.0,1.0,"w1=1, w2=1",1.0002568493150685,5.495056535751352,0.9996575342465753,5.393971123112531,0.5953814162197658,0.5888555888555889,0.5921415187920203,0.0005993150684932003,0.10108541263882032
Strict C1 reservation,5105,20,0.6367294520547945,0.3625,2.9326658598305646,7.559572357544362,9089.0,9073.0,26655.0,68588.0,0.8182418307844648,0.39171167199382784,9089.0,9073.0,7437.0,3554.0,0.6051646294460963,0.39171167199382784,True,1.0,1.0,"w1=1, w2=1",0.9992294520547944,5.244081048342694,0.9996575342465753,5.393971123112531,0.5953814162197658,0.5888555888555889,0.5921415187920203,-0.0004280821917809208,-0.1498900747698375
Strict C1 reservation,5105,24,0.7535102739726027,0.24965753424657533,1.5217065065923465,9.418783422459892,9329.0,8976.0,14196.0,84543.0,0.9434022939221781,0.2701983819128893,9329.0,9023.0,8801.0,2438.0,0.6124128160418483,0.2701983819128893,True,1.0,1.0,"w1=1, w2=1",1.0031678082191782,5.3940999726850585,0.9996575342465753,5.393971123112531,0.5953814162197658,0.5888555888555889,0.5921415187920203,0.00351027397260284,0.00012884957252712326
Strict C1 reservation,5105,28,0.7781678082191781,0.12508561643835617,0.07294531851688854,10.54203187250996,9089.0,5020.0,663.0,52921.0,1.0,0.13507316007861978,9089.0,9158.0,9089.0,1237.0,0.5659012440401162,0.13507316007861978,True,1.0,1.0,"w1=1, w2=1",0.9032534246575342,3.7978595222907363,0.9996575342465753,5.393971123112531,0.5953814162197658,0.5888555888555889,0.5921415187920203,-0.09640410958904111,-1.596111600821795
Strict C1 reservation,5105,32,0.7791952054794521,0.0,0.005603779804417097,,9101.0,0.0,51.0,0.0,1.0,0.0,9101.0,9105.0,9101.0,0.0,0.49989014610567944,0.0,True,1.0,1.0,"w1=1, w2=1",0.7791952054794521,0.005603779804417097,0.9996575342465753,5.393971123112531,0.5953814162197658,0.5888555888555889,0.5921415187920203,-0.22046232876712324,-5.388367343308114
Strict C1 reservation,5101,0,0.5060787671232877,0.4952054794520548,5.361535106846925,5.3316755083996465,9172.0,9048.0,49176.0,48241.0,0.5931094635848234,0.5908488063660478,9172.0,9048.0,5440.0,5346.0,0.59198682766191,0.5908488063660478,False,1.25,1.0,"w1=1.25, w2=1",1.1278039383561644,5.3483644518110465,1.1278039383561644,5.3483644518110465,0.5931094635848234,0.5908488063660478,0.59198682766191,0.0,0.0
Strict C1 reservation,5101,4,0.5069349315068493,0.49434931506849317,5.347361535106847,5.346043324491601,9172.0,9048.0,49046.0,48371.0,0.5944177932839075,0.5895225464190982,9172.0,9048.0,5452.0,5334.0,0.59198682766191,0.5895225464190982,False,1.25,1.0,"w1=1.25, w2=1",1.1280179794520548,5.346780090674207,1.1278039383561644,5.3483644518110465,0.5931094635848234,0.5908488063660478,0.59198682766191,0.00021404109589040488,-0.0015843611368397958
Strict C1 reservation,5101,8,0.508304794520548,0.49297945205479454,5.311382468382032,5.38262599469496,9172.0,9048.0,48716.0,48702.0,0.5964893153074575,0.587422634836428,9172.0,9048.0,5471.0,5315.0,0.59198682766191,0.587422634836428,False,1.25,1.0,"w1=1.25, w2=1",1.1283604452054794,5.3428070004387465,1.1278039383561644,5.3483644518110465,0.5931094635848234,0.5908488063660478,0.59198682766191,0.0005565068493149639,-0.005557451372300015
Strict C1 reservation,5101,12,0.5142123287671233,0.4870719178082192,5.239969472307021,5.4552387267904505,9172.0,9048.0,48061.0,49359.0,0.6049934583515045,0.5785809018567639,9172.0,9048.0,5549.0,5235.0,0.5918770581778265,0.5785809018567639,False,1.25,1.0,"w1=1.25, w2=1",1.1298373287671233,5.334921756934627,1.1278039383561644,5.3483644518110465,0.5931094635848234,0.5908488063660478,0.59198682766191,0.0020333904109588463,-0.013442694876419914
Strict C1 reservation,5101,16,0.5405821917808219,0.46113013698630134,4.647550908090259,6.089283743516169,9085.0,9061.0,42223.0,55175.0,0.6834342322509631,0.5003862708310342,9085.0,9061.0,6209.0,4534.0,0.5920313016642786,0.5003862708310342,False,1.25,1.0,"w1=1.25, w2=1",1.1368578767123287,5.287379544257919,1.1278039383561644,5.3483644518110465,0.5931094635848234,0.5908488063660478,0.59198682766191,0.009053938356164304,-0.06098490755312724
Strict C1 reservation,5101,20,0.6357876712328767,0.363527397260274,3.1084520831067115,7.576876712328767,9193.0,9125.0,28576.0,69139.0,0.8077885347547047,0.3873972602739726,9193.0,9125.0,7426.0,3535.0,0.5983731848455072,0.3873972602739726,True,1.25,1.0,"w1=1.25, w2=1",1.15826198630137,5.086230522039653,1.1278039383561644,5.3483644518110465,0.5931094635848234,0.5908488063660478,0.59198682766191,0.030458047945205458,-0.2621339297713936
Strict C1 reservation,5101,24,0.7462328767123287,0.2488013698630137,1.1711881297752187,9.376763217400667,9031.0,9287.0,10577.0,87082.0,0.9651201417340273,0.2609958060006452,9031.0,9299.0,8716.0,2427.0,0.607910529187125,0.2609958060006452,True,1.25,1.0,"w1=1.25, w2=1",1.1815924657534245,4.874828378066413,1.1278039383561644,5.3483644518110465,0.5931094635848234,0.5908488063660478,0.59198682766191,0.05378852739726003,-0.4735360737446337
Strict C1 reservation,5101,28,0.781763698630137,0.12551369863013698,0.06538166684919505,10.560570535365377,9131.0,5118.0,597.0,54049.0,1.0,0.13287867121328786,9131.0,9091.0,9131.0,1208.0,0.5673910657447042,0.13287867121328786,True,1.25,1.0,"w1=1.25, w2=1",1.1027183219178083,3.314546251909205,1.1278039383561644,5.3483644518110465,0.5931094635848234,0.5908488063660478,0.59198682766191,-0.025085616438356162,-2.0338181999018414
Strict C1 reservation,5101,32,0.7746575342465754,0.0,0.007957559681697613,,9048.0,0.0,72.0,0.0,1.0,0.0,9048.0,9030.0,9048.0,0.0,0.5004978426817126,0.0,True,1.25,1.0,"w1=1.25, w2=1",0.9683219178082192,0.007957559681697613,1.1278039383561644,5.3483644518110465,0.5931094635848234,0.5908488063660478,0.59198682766191,-0.15948202054794525,-5.340406892129349
Strict C1 reservation,5102,0,0.5008561643835616,0.49888698630136985,5.491321908088636,5.488626325088339,9161.0,9056.0,50306.0,49705.0,0.5761379762034713,0.5760821554770318,9161.0,9056.0,5278.0,5217.0,0.5761102267113136,0.5760821554770318,False,1.25,1.0,"w1=1.25, w2=1",1.1249571917808219,5.4901315388460175,1.1249571917808219,5.4901315388460175,0.5761379762034713,0.5760821554770318,0.5761102267113136,0.0,0.0
Strict C1 reservation,5102,4,0.5007705479452055,0.49897260273972605,5.474620674598843,5.505521201413427,9161.0,9056.0,50153.0,49858.0,0.5760288178146491,0.5761925795053003,9161.0,9056.0,5277.0,5218.0,0.5761102267113136,0.5760288178146491,False,1.25,1.0,"w1=1.25, w2=1",1.124935787671233,5.488266344829268,1.1249571917808219,5.4901315388460175,0.5761379762034713,0.5760821554770318,0.5761102267113136,-2.140410958895167e-05,-0.0018651940167497827
Strict C1 reservation,5102,8,0.5019691780821918,0.4977739726027397,5.442528108285122,5.537985865724382,9161.0,9056.0,49859.0,50152.0,0.5781028272022705,0.5740945229681979,9161.0,9056.0,5296.0,5199.0,0.5761102267113136,0.5740945229681979,False,1.25,1.0,"w1=1.25, w2=1",1.1252354452054794,5.4846822465225715,1.1249571917808219,5.4901315388460175,0.5761379762034713,0.5760821554770318,0.5761102267113136,0.00027825342465748193,-0.005449292323445931
Strict C1 reservation,5102,12,0.5060787671232877,0.4936643835616438,5.36786377033075,5.613626325088339,9161.0,9056.0,49175.0,50837.0,0.5849798056980678,0.5673586572438163,9161.0,9056.0,5359.0,5138.0,0.5762200142723829,0.5673586572438163,False,1.25,1.0,"w1=1.25, w2=1",1.1262628424657535,5.476392495337015,1.1249571917808219,5.4901315388460175,0.5761379762034713,0.5760821554770318,0.5761102267113136,0.001305650684931603,-0.01373904350900279
Strict C1 reservation,5102,16,0.539554794520548,0.4594178082191781,4.987412587412587,6.398267923700943,9295.0,9122.0,46358.0,58365.0,0.6478752017213556,0.49364174523130894,9295.0,9122.0,6022.0,4503.0,0.5714828690883423,0.49364174523130894,True,1.25,1.0,"w1=1.25, w2=1",1.133861301369863,5.607921603606427,1.1249571917808219,5.4901315388460175,0.5761379762034713,0.5760821554770318,0.5761102267113136,0.008904109589041198,0.11779006476040976
Strict C1 reservation,5102,20,0.6393835616438356,0.3626712328767123,3.0667754214246874,7.7298850574712645,9195.0,9222.0,28199.0,71285.0,0.811636759108211,0.38418998048145736,9195.0,9222.0,7463.0,3543.0,0.5976000434381278,0.38418998048145736,True,1.25,1.0,"w1=1.25, w2=1",1.1619006849315068,5.142645088881648,1.1249571917808219,5.4901315388460175,0.5761379762034713,0.5760821554770318,0.5761102267113136,0.0369434931506849,-0.3474864499643697
Strict C1 reservation,5102,24,0.7482020547945205,0.2495719178082192,1.3124246079613993,9.629491673970202,9119.0,9128.0,11968.0,87898.0,0.9583287641188727,0.26271460965338517,9119.0,9261.0,8739.0,2433.0,0.6078346028291621,0.26271460965338517,True,1.25,1.0,"w1=1.25, w2=1",1.1848244863013697,5.01092476889912,1.1249571917808219,5.4901315388460175,0.5761379762034713,0.5760821554770318,0.5761102267113136,0.05986729452054784,-0.4792067699468978
Strict C1 reservation,5102,28,0.7745719178082192,0.12491438356164383,0.087321764120703,10.598368808434454,9047.0,5027.0,790.0,53278.0,1.0,0.13742690058479531,9047.0,9234.0,9047.0,1269.0,0.5643017340408074,0.13742690058479531,True,1.25,1.0,"w1=1.25, w2=1",1.0931292808219177,3.3218860474725678,1.1249571917808219,5.4901315388460175,0.5761379762034713,0.5760821554770318,0.5761102267113136,-0.03182791095890414,-2.1682454913734497
Strict C1 reservation,5102,32,0.775,0.0,0.007843570481661512,,9052.0,0.0,71.0,0.0,1.0,0.0,9052.0,9108.0,9052.0,0.0,0.4984581497797357,0.0,True,1.25,1.0,"w1=1.25, w2=1",0.96875,0.007843570481661512,1.1249571917808219,5.4901315388460175,0.5761379762034713,0.5760821554770318,0.5761102267113136,-0.15620719178082187,-5.482287968364356
Strict C1 reservation,5103,0,0.5053938356164384,0.49648972602739727,5.481704692208352,5.502873563218391,9292.0,9048.0,50936.0,49790.0,0.5668316831683168,0.5713969938107869,9292.0,9048.0,5267.0,5170.0,0.5690839694656489,0.5668316831683168,False,1.25,1.0,"w1=1.25, w2=1",1.1282320205479452,5.490974205100905,1.1282320205479452,5.490974205100905,0.5668316831683168,0.5713969938107869,0.5690839694656489,0.0,0.0
Strict C1 reservation,5103,4,0.50625,0.4956335616438356,5.467283684890228,5.517683465959328,9292.0,9048.0,50802.0,49924.0,0.568123116659492,0.5700707338638373,9292.0,9048.0,5279.0,5158.0,0.5690839694656489,0.568123116659492,False,1.25,1.0,"w1=1.25, w2=1",1.1284460616438357,5.489352949716885,1.1282320205479452,5.490974205100905,0.5668316831683168,0.5713969938107869,0.5690839694656489,0.00021404109589040488,-0.001621255384019804
Strict C1 reservation,5103,8,0.5080479452054795,0.49383561643835616,5.435320705983642,5.550508399646331,9292.0,9048.0,50505.0,50221.0,0.5707059836418424,0.5674182139699381,9292.0,9048.0,5303.0,5134.0,0.5690839694656489,0.5674182139699381,False,1.25,1.0,"w1=1.25, w2=1",1.1288955479452056,5.485759570246334,1.1282320205479452,5.490974205100905,0.5668316831683168,0.5713969938107869,0.5690839694656489,0.0006635273972603883,-0.005214634854570299
Strict C1 reservation,5103,12,0.5130993150684932,0.4886986301369863,5.362247094274645,5.626105216622458,9292.0,9048.0,49826.0,50905.0,0.5786698235040896,0.5591290893015031,9292.0,9048.0,5377.0,5059.0,0.5690294438386041,0.5591290893015031,False,1.25,1.0,"w1=1.25, w2=1",1.1300727739726026,5.4777863814547745,1.1282320205479452,5.490974205100905,0.5668316831683168,0.5713969938107869,0.5690839694656489,0.0018407534246573931,-0.013187823646130248
Strict C1 reservation,5103,16,0.5412671232876712,0.4601027397260274,4.730299061340319,6.318520140105079,9162.0,9136.0,43339.0,57726.0,0.6737611875136433,0.4938704028021016,9162.0,9136.0,6173.0,4512.0,0.5839436003934856,0.4938704028021016,True,1.25,1.0,"w1=1.25, w2=1",1.1366866438356165,5.4350608349321226,1.1282320205479452,5.490974205100905,0.5668316831683168,0.5713969938107869,0.5690839694656489,0.008454623287671215,-0.05591337016878217
Strict C1 reservation,5103,20,0.6386986301369864,0.36061643835616436,3.0306741816605247,7.6470783165801395,9226.0,9053.0,27961.0,69229.0,0.8085844352915673,0.392245664420634,9226.0,9053.0,7460.0,3551.0,0.6023852508342907,0.392245664420634,True,1.25,1.0,"w1=1.25, w2=1",1.1589897260273974,5.060855942289476,1.1282320205479452,5.490974205100905,0.5668316831683168,0.5713969938107869,0.5690839694656489,0.030757705479452113,-0.43011826281142884
Strict C1 reservation,5103,24,0.7536815068493151,0.24837328767123287,1.4459911513974317,9.291915836101882,9267.0,9030.0,13400.0,83906.0,0.9499298586381785,0.2703238598810311,9267.0,9078.0,8803.0,2454.0,0.6136276914690652,0.2703238598810311,True,1.25,1.0,"w1=1.25, w2=1",1.1904751712328767,4.882954338730216,1.1282320205479452,5.490974205100905,0.5668316831683168,0.5713969938107869,0.5690839694656489,0.06224315068493147,-0.6080198663706886
Strict C1 reservation,5103,28,0.7753424657534247,0.12517123287671234,0.05167844522968198,10.573364761343548,9056.0,5091.0,468.0,53829.0,1.0,0.13661987399137837,9056.0,9047.0,9056.0,1236.0,0.5685245539413357,0.13661987399137837,True,1.25,1.0,"w1=1.25, w2=1",1.094349315068493,3.3157028822131496,1.1282320205479452,5.490974205100905,0.5668316831683168,0.5713969938107869,0.5690839694656489,-0.03388270547945216,-2.175271322887755
Strict C1 reservation,5103,32,0.7919520547945206,0.0,0.014702702702702703,,9250.0,0.0,136.0,0.0,1.0,0.0,9250.0,9092.0,9250.0,0.0,0.5043070548467997,0.0,True,1.25,1.0,"w1=1.25, w2=1",0.9899400684931507,0.014702702702702703,1.1282320205479452,5.490974205100905,0.5668316831683168,0.5713969938107869,0.5690839694656489,-0.1382919520547945,-5.476271502398202
Strict C1 reservation,5104,0,0.4995719178082192,0.5020547945205479,5.372167925366504,5.372838695557014,9004.0,9138.0,48371.0,49097.0,0.5966237227898712,0.5886408404464872,9004.0,9138.0,5372.0,5379.0,0.5926028001322897,0.5886408404464872,False,1.25,1.0,"w1=1.25, w2=1",1.126519691780822,5.37246849409111,1.126519691780822,5.37246849409111,0.5966237227898712,0.5886408404464872,0.5926028001322897,0.0,0.0
Strict C1 reservation,5104,4,0.49965753424657533,0.5019691780821918,5.352954242558862,5.391770628146203,9004.0,9138.0,48198.0,49270.0,0.5967347845402043,0.5885314073101335,9004.0,9138.0,5373.0,5378.0,0.5926028001322897,0.5885314073101335,False,1.25,1.0,"w1=1.25, w2=1",1.126541095890411,5.37034766831756,1.126519691780822,5.37246849409111,0.5966237227898712,0.5886408404464872,0.5926028001322897,2.140410958895167e-05,-0.0021208257735496616
Strict C1 reservation,5104,8,0.5026541095890411,0.49897260273972605,5.317858729453576,5.426460932370322,9004.0,9138.0,47882.0,49587.0,0.6013993780541982,0.5839352155832787,9004.0,9138.0,5415.0,5336.0,0.5926028001322897,0.5839352155832787,False,1.25,1.0,"w1=1.25, w2=1",1.1272902397260274,5.36652282646006,1.126519691780822,5.37246849409111,0.5966237227898712,0.5886408404464872,0.5926028001322897,0.0007705479452053687,-0.005945667631049645
Strict C1 reservation,5104,12,0.505736301369863,0.4958904109589041,5.239782318969347,5.503611293499672,9004.0,9138.0,47179.0,50292.0,0.6075077743225233,0.5773692274020573,9004.0,9138.0,5470.0,5276.0,0.5923271965604674,0.5773692274020573,False,1.25,1.0,"w1=1.25, w2=1",1.128060787671233,5.358002746040308,1.126519691780822,5.37246849409111,0.5966237227898712,0.5886408404464872,0.5926028001322897,0.0015410958904109595,-0.01446574805080214
Strict C1 reservation,5104,16,0.5402397260273972,0.46087328767123287,4.676598995852434,6.180881385661039,9162.0,9122.0,42847.0,56382.0,0.6684130102597686,0.50460425345319,9162.0,9122.0,6124.0,4603.0,0.5866878144826078,0.50460425345319,False,1.25,1.0,"w1=1.25, w2=1",1.1361729452054794,5.343544193054509,1.126519691780822,5.37246849409111,0.5966237227898712,0.5886408404464872,0.5926028001322897,0.009653253424657393,-0.02892430103660093
Strict C1 reservation,5104,20,0.6369006849315069,0.36481164383561643,2.933473544387868,7.600801646625501,9034.0,9231.0,26501.0,70163.0,0.8234447642240426,0.3865236702415773,9034.0,9231.0,7439.0,3568.0,0.6026279770052012,0.3865236702415773,True,1.25,1.0,"w1=1.25, w2=1",1.1609375,5.0327307720418055,1.126519691780822,5.37246849409111,0.5966237227898712,0.5886408404464872,0.5926028001322897,0.03441780821917795,-0.3397377220493043
Strict C1 reservation,5104,24,0.7487157534246576,0.25017123287671234,1.2554150632215504,9.139272970561999,9095.0,8968.0,11418.0,81961.0,0.9615173172072567,0.2729603209986625,9095.0,8972.0,8745.0,2449.0,0.6195826645264848,0.2729603209986625,True,1.25,1.0,"w1=1.25, w2=1",1.1860659246575342,4.731999950827935,1.126519691780822,5.37246849409111,0.5966237227898712,0.5886408404464872,0.5926028001322897,0.059546232876712235,-0.6404685432631751
Strict C1 reservation,5104,28,0.7601883561643835,0.125,0.07208018921049668,10.632208293153328,8879.0,5185.0,640.0,55128.0,1.0,0.1384476737636589,8879.0,8877.0,8879.0,1229.0,0.5692723586393332,0.1384476737636589,True,1.25,1.0,"w1=1.25, w2=1",1.0752354452054793,3.4345896983188764,1.126519691780822,5.37246849409111,0.5966237227898712,0.5886408404464872,0.5926028001322897,-0.051284246575342696,-1.9378787957722334
Strict C1 reservation,5104,32,0.7846746575342466,0.0,0.007637752318603383,,9165.0,0.0,70.0,0.0,1.0,0.0,9165.0,9208.0,9165.0,0.0,0.4988298046045828,0.0,True,1.25,1.0,"w1=1.25, w2=1",0.9808433219178082,0.007637752318603383,1.126519691780822,5.37246849409111,0.5966237227898712,0.5886408404464872,0.5926028001322897,-0.1456763698630138,-5.364830741772506
Strict C1 reservation,5105,0,0.5049657534246575,0.4946917808219178,5.395206304038525,5.392718392718392,9137.0,9009.0,49296.0,48583.0,0.5953814162197658,0.5888555888555889,9137.0,9009.0,5440.0,5305.0,0.5921415187920203,0.5888555888555889,False,1.25,1.0,"w1=1.25, w2=1",1.1258989726027397,5.394109225290929,1.1258989726027397,5.394109225290929,0.5953814162197658,0.5888555888555889,0.5921415187920203,0.0,0.0
Strict C1 reservation,5105,4,0.5065924657534246,0.4930650684931507,5.378898982160447,5.4092574092574095,9137.0,9009.0,49147.0,48732.0,0.5975703184852796,0.5866355866355867,9137.0,9009.0,5460.0,5285.0,0.5921415187920203,0.5866355866355867,False,1.25,1.0,"w1=1.25, w2=1",1.1263056506849316,5.3922859485322014,1.1258989726027397,5.394109225290929,0.5953814162197658,0.5888555888555889,0.5921415187920203,0.0004066780821918581,-0.0018232767587278431
Strict C1 reservation,5105,8,0.5077910958904109,0.4918664383561644,5.348473240669804,5.44011544011544,9137.0,9009.0,48869.0,49010.0,0.5996497756375178,0.5845265845265846,9137.0,9009.0,5479.0,5266.0,0.5921415187920203,0.5845265845265846,False,1.25,1.0,"w1=1.25, w2=1",1.126605308219178,5.388884130150145,1.1258989726027397,5.394109225290929,0.5953814162197658,0.5888555888555889,0.5921415187920203,0.0007063356164382917,-0.005225095140784397
Strict C1 reservation,5105,12,0.5122431506849315,0.48741438356164385,5.279632264419393,5.510489510489511,9137.0,9009.0,48240.0,49644.0,0.6070920433402649,0.5765345765345765,9137.0,9009.0,5547.0,5194.0,0.591921084536537,0.5765345765345765,False,1.25,1.0,"w1=1.25, w2=1",1.1277183219178082,5.381431945277224,1.1258989726027397,5.394109225290929,0.5953814162197658,0.5888555888555889,0.5921415187920203,0.0018193493150684414,-0.012677280013705605
Strict C1 reservation,5105,16,0.5387842465753425,0.461472602739726,4.778320842836972,6.2202197802197805,9207.0,9100.0,43994.0,56604.0,0.6673183447376996,0.49835164835164836,9207.0,9100.0,6144.0,4535.0,0.5833287813404708,0.49835164835164836,True,1.25,1.0,"w1=1.25, w2=1",1.134952910958904,5.415005762115606,1.1258989726027397,5.394109225290929,0.5953814162197658,0.5888555888555889,0.5921415187920203,0.009053938356164304,0.020896536824676737
Strict C1 reservation,5105,20,0.6367294520547945,0.3625,2.9326658598305646,7.559572357544362,9089.0,9073.0,26655.0,68588.0,0.8182418307844648,0.39171167199382784,9089.0,9073.0,7437.0,3554.0,0.6051646294460963,0.39171167199382784,True,1.25,1.0,"w1=1.25, w2=1",1.158411815068493,4.987056045609699,1.1258989726027397,5.394109225290929,0.5953814162197658,0.5888555888555889,0.5921415187920203,0.032512842465753256,-0.4070531796812302
Strict C1 reservation,5105,24,0.7535102739726027,0.24965753424657533,1.5217065065923465,9.418783422459892,9329.0,8976.0,14196.0,84543.0,0.9434022939221781,0.2701983819128893,9329.0,9023.0,8801.0,2438.0,0.6124128160418483,0.2701983819128893,True,1.25,1.0,"w1=1.25, w2=1",1.1915453767123287,4.956474336454712,1.1258989726027397,5.394109225290929,0.5953814162197658,0.5888555888555889,0.5921415187920203,0.065646404109589,-0.43763488883621715
Strict C1 reservation,5105,28,0.7781678082191781,0.12508561643835617,0.07294531851688854,10.54203187250996,9089.0,5020.0,663.0,52921.0,1.0,0.13507316007861978,9089.0,9158.0,9089.0,1237.0,0.5659012440401162,0.13507316007861978,True,1.25,1.0,"w1=1.25, w2=1",1.0977953767123287,3.281175123998474,1.1258989726027397,5.394109225290929,0.5953814162197658,0.5888555888555889,0.5921415187920203,-0.028103595890411004,-2.1129341012924554
Strict C1 reservation,5105,32,0.7791952054794521,0.0,0.005603779804417097,,9101.0,0.0,51.0,0.0,1.0,0.0,9101.0,9105.0,9101.0,0.0,0.49989014610567944,0.0,True,1.25,1.0,"w1=1.25, w2=1",0.9739940068493151,0.005603779804417097,1.1258989726027397,5.394109225290929,0.5953814162197658,0.5888555888555889,0.5921415187920203,-0.1519049657534246,-5.388505445486512
Strict C1 reservation,5101,0,0.5060787671232877,0.4952054794520548,5.361535106846925,5.3316755083996465,9172.0,9048.0,49176.0,48241.0,0.5931094635848234,0.5908488063660478,9172.0,9048.0,5440.0,5346.0,0.59198682766191,0.5908488063660478,False,1.5,1.0,"w1=1.5, w2=1",1.2543236301369864,5.3496886784179605,1.2543236301369864,5.3496886784179605,0.5931094635848234,0.5908488063660478,0.59198682766191,0.0,0.0
Strict C1 reservation,5101,4,0.5069349315068493,0.49434931506849317,5.347361535106847,5.346043324491601,9172.0,9048.0,49046.0,48371.0,0.5944177932839075,0.5895225464190982,9172.0,9048.0,5452.0,5334.0,0.59198682766191,0.5895225464190982,False,1.5,1.0,"w1=1.5, w2=1",1.2547517123287673,5.346838551258441,1.2543236301369864,5.3496886784179605,0.5931094635848234,0.5908488063660478,0.59198682766191,0.00042808219178080975,-0.002850127159519822
Strict C1 reservation,5101,8,0.508304794520548,0.49297945205479454,5.311382468382032,5.38262599469496,9172.0,9048.0,48716.0,48702.0,0.5964893153074575,0.587422634836428,9172.0,9048.0,5471.0,5315.0,0.59198682766191,0.587422634836428,False,1.5,1.0,"w1=1.5, w2=1",1.2554366438356166,5.3396474611944225,1.2543236301369864,5.3496886784179605,0.5931094635848234,0.5908488063660478,0.59198682766191,0.0011130136986301498,-0.010041217223538013
Strict C1 reservation,5101,12,0.5142123287671233,0.4870719178082192,5.239969472307021,5.4552387267904505,9172.0,9048.0,48061.0,49359.0,0.6049934583515045,0.5785809018567639,9172.0,9048.0,5549.0,5235.0,0.5918770581778265,0.5785809018567639,False,1.5,1.0,"w1=1.5, w2=1",1.2583904109589041,5.325374901341752,1.2543236301369864,5.3496886784179605,0.5931094635848234,0.5908488063660478,0.59198682766191,0.004066780821917693,-0.024313777076208076
Strict C1 reservation,5101,16,0.5405821917808219,0.46113013698630134,4.647550908090259,6.089283743516169,9085.0,9061.0,42223.0,55175.0,0.6834342322509631,0.5003862708310342,9085.0,9061.0,6209.0,4534.0,0.5920313016642786,0.5003862708310342,False,1.5,1.0,"w1=1.5, w2=1",1.2720034246575342,5.223328999272759,1.2543236301369864,5.3496886784179605,0.5931094635848234,0.5908488063660478,0.59198682766191,0.017679794520547798,-0.1263596791452013
Strict C1 reservation,5101,20,0.6357876712328767,0.363527397260274,3.1084520831067115,7.576876712328767,9193.0,9125.0,28576.0,69139.0,0.8077885347547047,0.3873972602739726,9193.0,9125.0,7426.0,3535.0,0.5983731848455072,0.3873972602739726,True,1.5,1.0,"w1=1.5, w2=1",1.3172089041095891,4.887865761853848,1.2543236301369864,5.3496886784179605,0.5931094635848234,0.5908488063660478,0.59198682766191,0.06288527397260268,-0.46182291656411234
Strict C1 reservation,5101,24,0.7462328767123287,0.2488013698630137,1.1711881297752187,9.376763217400667,9031.0,9287.0,10577.0,87082.0,0.9651201417340273,0.2609958060006452,9031.0,9299.0,8716.0,2427.0,0.607910529187125,0.2609958060006452,True,1.5,1.0,"w1=1.5, w2=1",1.368150684931507,4.5086167254253615,1.2543236301369864,5.3496886784179605,0.5931094635848234,0.5908488063660478,0.59198682766191,0.1138270547945206,-0.841071952992599
Strict C1 reservation,5101,28,0.781763698630137,0.12551369863013698,0.06538166684919505,10.560570535365377,9131.0,5118.0,597.0,54049.0,1.0,0.13287867121328786,9131.0,9091.0,9131.0,1208.0,0.5673910657447042,0.13287867121328786,True,1.5,1.0,"w1=1.5, w2=1",1.2981592465753424,2.9203274070530707,1.2543236301369864,5.3496886784179605,0.5931094635848234,0.5908488063660478,0.59198682766191,0.043835616438355984,-2.4293612713648898
Strict C1 reservation,5101,32,0.7746575342465754,0.0,0.007957559681697613,,9048.0,0.0,72.0,0.0,1.0,0.0,9048.0,9030.0,9048.0,0.0,0.5004978426817126,0.0,True,1.5,1.0,"w1=1.5, w2=1",1.161986301369863,0.007957559681697613,1.2543236301369864,5.3496886784179605,0.5931094635848234,0.5908488063660478,0.59198682766191,-0.09233732876712342,-5.341731118736263
Strict C1 reservation,5102,0,0.5008561643835616,0.49888698630136985,5.491321908088636,5.488626325088339,9161.0,9056.0,50306.0,49705.0,0.5761379762034713,0.5760821554770318,9161.0,9056.0,5278.0,5217.0,0.5761102267113136,0.5760821554770318,False,1.5,1.0,"w1=1.5, w2=1",1.2501712328767123,5.4902511240267575,1.2501712328767123,5.4902511240267575,0.5761379762034713,0.5760821554770318,0.5761102267113136,0.0,0.0
Strict C1 reservation,5102,4,0.5007705479452055,0.49897260273972605,5.474620674598843,5.505521201413427,9161.0,9056.0,50153.0,49858.0,0.5760288178146491,0.5761925795053003,9161.0,9056.0,5277.0,5218.0,0.5761102267113136,0.5760288178146491,False,1.5,1.0,"w1=1.5, w2=1",1.2501284246575344,5.486895492926856,1.2501712328767123,5.4902511240267575,0.5761379762034713,0.5760821554770318,0.5761102267113136,-4.280821917790334e-05,-0.003355631099901224
Strict C1 reservation,5102,8,0.5019691780821918,0.4977739726027397,5.442528108285122,5.537985865724382,9161.0,9056.0,49859.0,50152.0,0.5781028272022705,0.5740945229681979,9161.0,9056.0,5296.0,5199.0,0.5761102267113136,0.5740945229681979,False,1.5,1.0,"w1=1.5, w2=1",1.2507277397260275,5.480447417479986,1.2501712328767123,5.4902511240267575,0.5761379762034713,0.5760821554770318,0.5761102267113136,0.0005565068493151859,-0.009803706546771096
Strict C1 reservation,5102,12,0.5060787671232877,0.4936643835616438,5.36786377033075,5.613626325088339,9161.0,9056.0,49175.0,50837.0,0.5849798056980678,0.5673586572438163,9161.0,9056.0,5359.0,5138.0,0.5762200142723829,0.5673586572438163,False,1.5,1.0,"w1=1.5, w2=1",1.2527825342465755,5.465489637021603,1.2501712328767123,5.4902511240267575,0.5761379762034713,0.5760821554770318,0.5761102267113136,0.002611301369863206,-0.024761487005154237
Strict C1 reservation,5102,16,0.539554794520548,0.4594178082191781,4.987412587412587,6.398267923700943,9295.0,9122.0,46358.0,58365.0,0.6478752017213556,0.49364174523130894,9295.0,9122.0,6022.0,4503.0,0.5714828690883423,0.49364174523130894,True,1.5,1.0,"w1=1.5, w2=1",1.2687500000000003,5.545405276507187,1.2501712328767123,5.4902511240267575,0.5761379762034713,0.5760821554770318,0.5761102267113136,0.018578767123287987,0.0551541524804291
Strict C1 reservation,5102,20,0.6393835616438356,0.3626712328767123,3.0667754214246874,7.7298850574712645,9195.0,9222.0,28199.0,71285.0,0.811636759108211,0.38418998048145736,9195.0,9222.0,7463.0,3543.0,0.5976000434381278,0.38418998048145736,True,1.5,1.0,"w1=1.5, w2=1",1.3217465753424658,4.935301657650611,1.2501712328767123,5.4902511240267575,0.5761379762034713,0.5760821554770318,0.5761102267113136,0.07157534246575348,-0.5549494663761463
Strict C1 reservation,5102,24,0.7482020547945205,0.2495719178082192,1.3124246079613993,9.629491673970202,9119.0,9128.0,11968.0,87898.0,0.9583287641188727,0.26271460965338517,9119.0,9261.0,8739.0,2433.0,0.6078346028291621,0.26271460965338517,True,1.5,1.0,"w1=1.5, w2=1",1.371875,4.641220704623682,1.2501712328767123,5.4902511240267575,0.5761379762034713,0.5760821554770318,0.5761102267113136,0.12170376712328768,-0.8490304194030758
Strict C1 reservation,5102,28,0.7745719178082192,0.12491438356164383,0.087321764120703,10.598368808434454,9047.0,5027.0,790.0,53278.0,1.0,0.13742690058479531,9047.0,9234.0,9047.0,1269.0,0.5643017340408074,0.13742690058479531,True,1.5,1.0,"w1=1.5, w2=1",1.2867722602739726,2.9285118967603174,1.2501712328767123,5.4902511240267575,0.5761379762034713,0.5760821554770318,0.5761102267113136,0.036601027397260344,-2.56173922726644
Strict C1 reservation,5102,32,0.775,0.0,0.007843570481661512,,9052.0,0.0,71.0,0.0,1.0,0.0,9052.0,9108.0,9052.0,0.0,0.4984581497797357,0.0,True,1.5,1.0,"w1=1.5, w2=1",1.1625,0.007843570481661512,1.2501712328767123,5.4902511240267575,0.5761379762034713,0.5760821554770318,0.5761102267113136,-0.08767123287671219,-5.482407553545096
Strict C1 reservation,5103,0,0.5053938356164384,0.49648972602739727,5.481704692208352,5.502873563218391,9292.0,9048.0,50936.0,49790.0,0.5668316831683168,0.5713969938107869,9292.0,9048.0,5267.0,5170.0,0.5690839694656489,0.5668316831683168,False,1.5,1.0,"w1=1.5, w2=1",1.2545804794520548,5.4900374140781345,1.2545804794520548,5.4900374140781345,0.5668316831683168,0.5713969938107869,0.5690839694656489,0.0,0.0
Strict C1 reservation,5103,4,0.50625,0.4956335616438356,5.467283684890228,5.517683465959328,9292.0,9048.0,50802.0,49924.0,0.568123116659492,0.5700707338638373,9292.0,9048.0,5279.0,5158.0,0.5690839694656489,0.568123116659492,False,1.5,1.0,"w1=1.5, w2=1",1.2550085616438356,5.487122596363004,1.2545804794520548,5.4900374140781345,0.5668316831683168,0.5713969938107869,0.5690839694656489,0.00042808219178080975,-0.002914817715130802
Strict C1 reservation,5103,8,0.5080479452054795,0.49383561643835616,5.435320705983642,5.550508399646331,9292.0,9048.0,50505.0,50221.0,0.5707059836418424,0.5674182139699381,9292.0,9048.0,5303.0,5134.0,0.5690839694656489,0.5674182139699381,False,1.5,1.0,"w1=1.5, w2=1",1.2559075342465753,5.480662142173497,1.2545804794520548,5.4900374140781345,0.5668316831683168,0.5713969938107869,0.5690839694656489,0.0013270547945205546,-0.009375271904637827
Strict C1 reservation,5103,12,0.5130993150684932,0.4886986301369863,5.362247094274645,5.626105216622458,9292.0,9048.0,49826.0,50905.0,0.5786698235040896,0.5591290893015031,9292.0,9048.0,5377.0,5059.0,0.5690294438386041,0.5591290893015031,False,1.5,1.0,"w1=1.5, w2=1",1.258347602739726,5.46610980596885,1.2545804794520548,5.4900374140781345,0.5668316831683168,0.5713969938107869,0.5690839694656489,0.003767123287671259,-0.023927608109284293
Strict C1 reservation,5103,16,0.5412671232876712,0.4601027397260274,4.730299061340319,6.318520140105079,9162.0,9136.0,43339.0,57726.0,0.6737611875136433,0.4938704028021016,9162.0,9136.0,6173.0,4512.0,0.5839436003934856,0.4938704028021016,True,1.5,1.0,"w1=1.5, w2=1",1.2720034246575342,5.364504567507321,1.2545804794520548,5.4900374140781345,0.5668316831683168,0.5713969938107869,0.5690839694656489,0.01742294520547949,-0.1255328465708132
Strict C1 reservation,5103,20,0.6386986301369864,0.36061643835616436,3.0306741816605247,7.6470783165801395,9226.0,9053.0,27961.0,69229.0,0.8085844352915673,0.392245664420634,9226.0,9053.0,7460.0,3551.0,0.6023852508342907,0.392245664420634,True,1.5,1.0,"w1=1.5, w2=1",1.3186643835616438,4.85630351214398,1.2545804794520548,5.4900374140781345,0.5668316831683168,0.5713969938107869,0.5690839694656489,0.06408390410958908,-0.6337339019341544
Strict C1 reservation,5103,24,0.7536815068493151,0.24837328767123287,1.4459911513974317,9.291915836101882,9267.0,9030.0,13400.0,83906.0,0.9499298586381785,0.2703238598810311,9267.0,9078.0,8803.0,2454.0,0.6136276914690652,0.2703238598810311,True,1.5,1.0,"w1=1.5, w2=1",1.3788955479452054,4.535705719456619,1.2545804794520548,5.4900374140781345,0.5668316831683168,0.5713969938107869,0.5690839694656489,0.12431506849315066,-0.9543316946215157
Strict C1 reservation,5103,28,0.7753424657534247,0.12517123287671234,0.05167844522968198,10.573364761343548,9056.0,5091.0,468.0,53829.0,1.0,0.13661987399137837,9056.0,9047.0,9056.0,1236.0,0.5685245539413357,0.13661987399137837,True,1.5,1.0,"w1=1.5, w2=1",1.2881849315068494,2.92,1.2545804794520548,5.4900374140781345,0.5668316831683168,0.5713969938107869,0.5690839694656489,0.033604452054794676,-2.5700374140781346
Strict C1 reservation,5103,32,0.7919520547945206,0.0,0.014702702702702703,,9250.0,0.0,136.0,0.0,1.0,0.0,9250.0,9092.0,9250.0,0.0,0.5043070548467997,0.0,True,1.5,1.0,"w1=1.5, w2=1",1.1879280821917808,0.014702702702702703,1.2545804794520548,5.4900374140781345,0.5668316831683168,0.5713969938107869,0.5690839694656489,-0.06665239726027394,-5.475334711375432
Strict C1 reservation,5104,0,0.4995719178082192,0.5020547945205479,5.372167925366504,5.372838695557014,9004.0,9138.0,48371.0,49097.0,0.5966237227898712,0.5886408404464872,9004.0,9138.0,5372.0,5379.0,0.5926028001322897,0.5886408404464872,False,1.5,1.0,"w1=1.5, w2=1",1.2514126712328766,5.372438615085674,1.2514126712328766,5.372438615085674,0.5966237227898712,0.5886408404464872,0.5926028001322897,0.0,0.0
Strict C1 reservation,5104,4,0.49965753424657533,0.5019691780821918,5.352954242558862,5.391770628146203,9004.0,9138.0,48198.0,49270.0,0.5967347845402043,0.5885314073101335,9004.0,9138.0,5373.0,5378.0,0.5926028001322897,0.5885314073101335,False,1.5,1.0,"w1=1.5, w2=1",1.2514554794520547,5.368618618618618,1.2514126712328766,5.372438615085674,0.5966237227898712,0.5886408404464872,0.5926028001322897,4.2808219178125384e-05,-0.003819996467055553
Strict C1 reservation,5104,8,0.5026541095890411,0.49897260273972605,5.317858729453576,5.426460932370322,9004.0,9138.0,47882.0,49587.0,0.6013993780541982,0.5839352155832787,9004.0,9138.0,5415.0,5336.0,0.5926028001322897,0.5839352155832787,False,1.5,1.0,"w1=1.5, w2=1",1.2529537671232878,5.361685214626391,1.2514126712328766,5.372438615085674,0.5966237227898712,0.5886408404464872,0.5926028001322897,0.0015410958904111816,-0.010753400459282858
Strict C1 reservation,5104,12,0.505736301369863,0.4958904109589041,5.239782318969347,5.503611293499672,9004.0,9138.0,47179.0,50292.0,0.6075077743225233,0.5773692274020573,9004.0,9138.0,5470.0,5276.0,0.5923271965604674,0.5773692274020573,False,1.5,1.0,"w1=1.5, w2=1",1.2544948630136987,5.346250662427133,1.2514126712328766,5.372438615085674,0.5966237227898712,0.5886408404464872,0.5926028001322897,0.003082191780822141,-0.02618795265854068
Strict C1 reservation,5104,16,0.5402397260273972,0.46087328767123287,4.676598995852434,6.180881385661039,9162.0,9122.0,42847.0,56382.0,0.6684130102597686,0.50460425345319,9162.0,9122.0,6124.0,4603.0,0.5866878144826078,0.50460425345319,False,1.5,1.0,"w1=1.5, w2=1",1.2712328767123287,5.276732998031926,1.2514126712328766,5.372438615085674,0.5966237227898712,0.5886408404464872,0.5926028001322897,0.01982020547945207,-0.09570561705374736
Strict C1 reservation,5104,20,0.6369006849315069,0.36481164383561643,2.933473544387868,7.600801646625501,9034.0,9231.0,26501.0,70163.0,0.8234447642240426,0.3865236702415773,9034.0,9231.0,7439.0,3568.0,0.6026279770052012,0.3865236702415773,True,1.5,1.0,"w1=1.5, w2=1",1.3201626712328767,4.824620314283206,1.2514126712328766,5.372438615085674,0.5966237227898712,0.5886408404464872,0.5926028001322897,0.06875000000000009,-0.5478183008024677
Strict C1 reservation,5104,24,0.7487157534246576,0.25017123287671234,1.2554150632215504,9.139272970561999,9095.0,8968.0,11418.0,81961.0,0.9615173172072567,0.2729603209986625,9095.0,8972.0,8745.0,2449.0,0.6195826645264848,0.2729603209986625,True,1.5,1.0,"w1=1.5, w2=1",1.3732448630136986,4.382388713208465,1.2514126712328766,5.372438615085674,0.5966237227898712,0.5886408404464872,0.5926028001322897,0.12183219178082205,-0.9900499018772084
Strict C1 reservation,5104,28,0.7601883561643835,0.125,0.07208018921049668,10.632208293153328,8879.0,5185.0,640.0,55128.0,1.0,0.1384476737636589,8879.0,8877.0,8879.0,1229.0,0.5692723586393332,0.1384476737636589,True,1.5,1.0,"w1=1.5, w2=1",1.2652825342465752,3.031210311562677,1.2514126712328766,5.372438615085674,0.5966237227898712,0.5886408404464872,0.5926028001322897,0.013869863013698636,-2.3412283035229966
Strict C1 reservation,5104,32,0.7846746575342466,0.0,0.007637752318603383,,9165.0,0.0,70.0,0.0,1.0,0.0,9165.0,9208.0,9165.0,0.0,0.4988298046045828,0.0,True,1.5,1.0,"w1=1.5, w2=1",1.17701198630137,0.007637752318603383,1.2514126712328766,5.372438615085674,0.5966237227898712,0.5886408404464872,0.5926028001322897,-0.07440068493150664,-5.36480086276707
Strict C1 reservation,5105,0,0.5049657534246575,0.4946917808219178,5.395206304038525,5.392718392718392,9137.0,9009.0,49296.0,48583.0,0.5953814162197658,0.5888555888555889,9137.0,9009.0,5440.0,5305.0,0.5921415187920203,0.5888555888555889,False,1.5,1.0,"w1=1.5, w2=1",1.252140410958904,5.39421955138788,1.252140410958904,5.39421955138788,0.5953814162197658,0.5888555888555889,0.5921415187920203,0.0,0.0
Strict C1 reservation,5105,4,0.5065924657534246,0.4930650684931507,5.378898982160447,5.4092574092574095,9137.0,9009.0,49147.0,48732.0,0.5975703184852796,0.5866355866355867,9137.0,9009.0,5460.0,5285.0,0.5921415187920203,0.5866355866355867,False,1.5,1.0,"w1=1.5, w2=1",1.2529537671232878,5.390939708115961,1.252140410958904,5.39421955138788,0.5953814162197658,0.5888555888555889,0.5921415187920203,0.0008133561643837162,-0.003279843271918992
Strict C1 reservation,5105,8,0.5077910958904109,0.4918664383561644,5.348473240669804,5.44011544011544,9137.0,9009.0,48869.0,49010.0,0.5996497756375178,0.5845265845265846,9137.0,9009.0,5479.0,5266.0,0.5921415187920203,0.5845265845265846,False,1.5,1.0,"w1=1.5, w2=1",1.2535530821917809,5.384820268991173,1.252140410958904,5.39421955138788,0.5953814162197658,0.5888555888555889,0.5921415187920203,0.0014126712328768054,-0.009399282396707065
Strict C1 reservation,5105,12,0.5122431506849315,0.48741438356164385,5.279632264419393,5.510489510489511,9137.0,9009.0,48240.0,49644.0,0.6070920433402649,0.5765345765345765,9137.0,9009.0,5547.0,5194.0,0.591921084536537,0.5765345765345765,False,1.5,1.0,"w1=1.5, w2=1",1.2557791095890412,5.371194611371591,1.252140410958904,5.39421955138788,0.5953814162197658,0.5888555888555889,0.5921415187920203,0.003638698630137105,-0.023024940016289186
Strict C1 reservation,5105,16,0.5387842465753425,0.461472602739726,4.778320842836972,6.2202197802197805,9207.0,9100.0,43994.0,56604.0,0.6673183447376996,0.49835164835164836,9207.0,9100.0,6144.0,4535.0,0.5833287813404708,0.49835164835164836,True,1.5,1.0,"w1=1.5, w2=1",1.2696489726027398,5.351039916195631,1.252140410958904,5.39421955138788,0.5953814162197658,0.5888555888555889,0.5921415187920203,0.01750856164383574,-0.04317963519224932
Strict C1 reservation,5105,20,0.6367294520547945,0.3625,2.9326658598305646,7.559572357544362,9089.0,9073.0,26655.0,68588.0,0.8182418307844648,0.39171167199382784,9089.0,9073.0,7437.0,3554.0,0.6051646294460963,0.39171167199382784,True,1.5,1.0,"w1=1.5, w2=1",1.3175941780821918,4.781472265650804,1.252140410958904,5.39421955138788,0.5953814162197658,0.5888555888555889,0.5921415187920203,0.06545376712328776,-0.6127472857370755
Strict C1 reservation,5105,24,0.7535102739726027,0.24965753424657533,1.5217065065923465,9.418783422459892,9329.0,8976.0,14196.0,84543.0,0.9434022939221781,0.2701983819128893,9329.0,9023.0,8801.0,2438.0,0.6124128160418483,0.2701983819128893,True,1.5,1.0,"w1=1.5, w2=1",1.3799229452054793,4.607718931626723,1.252140410958904,5.39421955138788,0.5953814162197658,0.5888555888555889,0.5921415187920203,0.12778253424657526,-0.7865006197611573
Strict C1 reservation,5105,28,0.7781678082191781,0.12508561643835617,0.07294531851688854,10.54203187250996,9089.0,5020.0,663.0,52921.0,1.0,0.13507316007861978,9089.0,9158.0,9089.0,1237.0,0.5659012440401162,0.13507316007861978,True,1.5,1.0,"w1=1.5, w2=1",1.2923373287671234,2.890369099632777,1.252140410958904,5.39421955138788,0.5953814162197658,0.5888555888555889,0.5921415187920203,0.040196917808219323,-2.503850451755103
Strict C1 reservation,5105,32,0.7791952054794521,0.0,0.005603779804417097,,9101.0,0.0,51.0,0.0,1.0,0.0,9101.0,9105.0,9101.0,0.0,0.49989014610567944,0.0,True,1.5,1.0,"w1=1.5, w2=1",1.168792808219178,0.005603779804417097,1.252140410958904,5.39421955138788,0.5953814162197658,0.5888555888555889,0.5921415187920203,-0.08334760273972597,-5.388615771583463
Strict C1 reservation,5101,0,0.5060787671232877,0.4952054794520548,5.361535106846925,5.3316755083996465,9172.0,9048.0,49176.0,48241.0,0.5931094635848234,0.5908488063660478,9172.0,9048.0,5440.0,5346.0,0.59198682766191,0.5908488063660478,False,2.0,1.0,"w1=2, w2=1",1.5073630136986302,5.351672021028038,1.5073630136986302,5.351672021028038,0.5931094635848234,0.5908488063660478,0.59198682766191,0.0,0.0
Strict C1 reservation,5101,4,0.5069349315068493,0.49434931506849317,5.347361535106847,5.346043324491601,9172.0,9048.0,49046.0,48371.0,0.5944177932839075,0.5895225464190982,9172.0,9048.0,5452.0,5334.0,0.59198682766191,0.5895225464190982,False,2.0,1.0,"w1=2, w2=1",1.5082191780821919,5.346926109813084,1.5073630136986302,5.351672021028038,0.5931094635848234,0.5908488063660478,0.59198682766191,0.0008561643835616195,-0.004745911214953935
Strict C1 reservation,5101,8,0.508304794520548,0.49297945205479454,5.311382468382032,5.38262599469496,9172.0,9048.0,48716.0,48702.0,0.5964893153074575,0.587422634836428,9172.0,9048.0,5471.0,5315.0,0.59198682766191,0.587422634836428,False,2.0,1.0,"w1=2, w2=1",1.5095890410958905,5.334915303738318,1.5073630136986302,5.351672021028038,0.5931094635848234,0.5908488063660478,0.59198682766191,0.0022260273972602995,-0.016756717289720058
Strict C1 reservation,5101,12,0.5142123287671233,0.4870719178082192,5.239969472307021,5.4552387267904505,9172.0,9048.0,48061.0,49359.0,0.6049934583515045,0.5785809018567639,9172.0,9048.0,5549.0,5235.0,0.5918770581778265,0.5785809018567639,False,2.0,1.0,"w1=2, w2=1",1.5154965753424658,5.311076226635514,1.5073630136986302,5.351672021028038,0.5931094635848234,0.5908488063660478,0.59198682766191,0.008133561643835607,-0.04059579439252392
Strict C1 reservation,5101,16,0.5405821917808219,0.46113013698630134,4.647550908090259,6.089283743516169,9085.0,9061.0,42223.0,55175.0,0.6834342322509631,0.5003862708310342,9085.0,9061.0,6209.0,4534.0,0.5920313016642786,0.5003862708310342,False,2.0,1.0,"w1=2, w2=1",1.5422945205479452,5.127281407219713,1.5073630136986302,5.351672021028038,0.5931094635848234,0.5908488063660478,0.59198682766191,0.03493150684931501,-0.2243906138083247
Strict C1 reservation,5101,20,0.6357876712328767,0.363527397260274,3.1084520831067115,7.576876712328767,9193.0,9125.0,28576.0,69139.0,0.8077885347547047,0.3873972602739726,9193.0,9125.0,7426.0,3535.0,0.5983731848455072,0.3873972602739726,True,2.0,1.0,"w1=2, w2=1",1.6351027397260274,4.590563774490204,1.5073630136986302,5.351672021028038,0.5931094635848234,0.5908488063660478,0.59198682766191,0.12773972602739714,-0.7611082465378338
Strict C1 reservation,5101,24,0.7462328767123287,0.2488013698630137,1.1711881297752187,9.376763217400667,9031.0,9287.0,10577.0,87082.0,0.9651201417340273,0.2609958060006452,9031.0,9299.0,8716.0,2427.0,0.607910529187125,0.2609958060006452,True,2.0,1.0,"w1=2, w2=1",1.7412671232876713,3.9575852864821384,1.5073630136986302,5.351672021028038,0.5931094635848234,0.5908488063660478,0.59198682766191,0.23390410958904106,-1.3940867345458994
Strict C1 reservation,5101,28,0.781763698630137,0.12551369863013698,0.06538166684919505,10.560570535365377,9131.0,5118.0,597.0,54049.0,1.0,0.13287867121328786,9131.0,9091.0,9131.0,1208.0,0.5673910657447042,0.13287867121328786,True,2.0,1.0,"w1=2, w2=1",1.689041095890411,2.362831479897348,1.5073630136986302,5.351672021028038,0.5931094635848234,0.5908488063660478,0.59198682766191,0.18167808219178072,-2.9888405411306898
Strict C1 reservation,5101,32,0.7746575342465754,0.0,0.007957559681697613,,9048.0,0.0,72.0,0.0,1.0,0.0,9048.0,9030.0,9048.0,0.0,0.5004978426817126,0.0,True,2.0,1.0,"w1=2, w2=1",1.5493150684931507,0.007957559681697613,1.5073630136986302,5.351672021028038,0.5931094635848234,0.5908488063660478,0.59198682766191,0.041952054794520466,-5.34371446134634
Strict C1 reservation,5102,0,0.5008561643835616,0.49888698630136985,5.491321908088636,5.488626325088339,9161.0,9056.0,50306.0,49705.0,0.5761379762034713,0.5760821554770318,9161.0,9056.0,5278.0,5217.0,0.5761102267113136,0.5760821554770318,False,2.0,1.0,"w1=2, w2=1",1.500599315068493,5.490430272481555,1.500599315068493,5.490430272481555,0.5761379762034713,0.5760821554770318,0.5761102267113136,0.0,0.0
Strict C1 reservation,5102,4,0.5007705479452055,0.49897260273972605,5.474620674598843,5.505521201413427,9161.0,9056.0,50153.0,49858.0,0.5760288178146491,0.5761925795053003,9161.0,9056.0,5277.0,5218.0,0.5761102267113136,0.5760288178146491,False,2.0,1.0,"w1=2, w2=1",1.500513698630137,5.484841843816203,1.500599315068493,5.490430272481555,0.5761379762034713,0.5760821554770318,0.5761102267113136,-8.561643835602872e-05,-0.005588428665351586
Strict C1 reservation,5102,8,0.5019691780821918,0.4977739726027397,5.442528108285122,5.537985865724382,9161.0,9056.0,49859.0,50152.0,0.5781028272022705,0.5740945229681979,9161.0,9056.0,5296.0,5199.0,0.5761102267113136,0.5740945229681979,False,2.0,1.0,"w1=2, w2=1",1.5017123287671232,5.474103294616115,1.500599315068493,5.490430272481555,0.5761379762034713,0.5760821554770318,0.5761102267113136,0.0011130136986301498,-0.016326977865439574
Strict C1 reservation,5102,12,0.5060787671232877,0.4936643835616438,5.36786377033075,5.613626325088339,9161.0,9056.0,49175.0,50837.0,0.5849798056980678,0.5673586572438163,9161.0,9056.0,5359.0,5138.0,0.5762200142723829,0.5673586572438163,False,2.0,1.0,"w1=2, w2=1",1.5058219178082193,5.449156256848565,1.500599315068493,5.490430272481555,0.5761379762034713,0.5760821554770318,0.5761102267113136,0.00522260273972619,-0.0412740156329896
Strict C1 reservation,5102,16,0.539554794520548,0.4594178082191781,4.987412587412587,6.398267923700943,9295.0,9122.0,46358.0,58365.0,0.6478752017213556,0.49364174523130894,9295.0,9122.0,6022.0,4503.0,0.5714828690883423,0.49364174523130894,True,2.0,1.0,"w1=2, w2=1",1.5385273972602742,5.451825923787529,1.500599315068493,5.490430272481555,0.5761379762034713,0.5760821554770318,0.5761102267113136,0.03792808219178112,-0.03860434869402596
Strict C1 reservation,5102,20,0.6393835616438356,0.3626712328767123,3.0667754214246874,7.7298850574712645,9195.0,9222.0,28199.0,71285.0,0.811636759108211,0.38418998048145736,9195.0,9222.0,7463.0,3543.0,0.5976000434381278,0.38418998048145736,True,2.0,1.0,"w1=2, w2=1",1.6414383561643835,4.624185136897001,1.500599315068493,5.490430272481555,0.5761379762034713,0.5760821554770318,0.5761102267113136,0.1408390410958904,-0.8662451355845535
Strict C1 reservation,5102,24,0.7482020547945205,0.2495719178082192,1.3124246079613993,9.629491673970202,9119.0,9128.0,11968.0,87898.0,0.9583287641188727,0.26271460965338517,9119.0,9261.0,8739.0,2433.0,0.6078346028291621,0.26271460965338517,True,2.0,1.0,"w1=2, w2=1",1.7459760273972602,4.086603814952861,1.500599315068493,5.490430272481555,0.5761379762034713,0.5760821554770318,0.5761102267113136,0.24537671232876712,-1.4038264575286936
Strict C1 reservation,5102,28,0.7745719178082192,0.12491438356164383,0.087321764120703,10.598368808434454,9047.0,5027.0,790.0,53278.0,1.0,0.13742690058479531,9047.0,9234.0,9047.0,1269.0,0.5643017340408074,0.13742690058479531,True,2.0,1.0,"w1=2, w2=1",1.6740582191780822,2.3726482418580512,1.500599315068493,5.490430272481555,0.5761379762034713,0.5760821554770318,0.5761102267113136,0.17345890410958908,-3.1177820306235033
Strict C1 reservation,5102,32,0.775,0.0,0.007843570481661512,,9052.0,0.0,71.0,0.0,1.0,0.0,9052.0,9108.0,9052.0,0.0,0.4984581497797357,0.0,True,2.0,1.0,"w1=2, w2=1",1.55,0.007843570481661512,1.500599315068493,5.490430272481555,0.5761379762034713,0.5760821554770318,0.5761102267113136,0.049400684931506955,-5.482586701999893
Strict C1 reservation,5103,0,0.5053938356164384,0.49648972602739727,5.481704692208352,5.502873563218391,9292.0,9048.0,50936.0,49790.0,0.5668316831683168,0.5713969938107869,9292.0,9048.0,5267.0,5170.0,0.5690839694656489,0.5668316831683168,False,2.0,1.0,"w1=2, w2=1",1.507277397260274,5.488636363636363,1.507277397260274,5.488636363636363,0.5668316831683168,0.5713969938107869,0.5690839694656489,0.0,0.0
Strict C1 reservation,5103,4,0.50625,0.4956335616438356,5.467283684890228,5.517683465959328,9292.0,9048.0,50802.0,49924.0,0.568123116659492,0.5700707338638373,9292.0,9048.0,5279.0,5158.0,0.5690839694656489,0.568123116659492,False,2.0,1.0,"w1=2, w2=1",1.5081335616438356,5.483786913723219,1.507277397260274,5.488636363636363,0.5668316831683168,0.5713969938107869,0.5690839694656489,0.0008561643835616195,-0.004849449913144177
Strict C1 reservation,5103,8,0.5080479452054795,0.49383561643835616,5.435320705983642,5.550508399646331,9292.0,9048.0,50505.0,50221.0,0.5707059836418424,0.5674182139699381,9292.0,9048.0,5303.0,5134.0,0.5690839694656489,0.5674182139699381,False,2.0,1.0,"w1=2, w2=1",1.509931506849315,5.473038506079908,1.507277397260274,5.488636363636363,0.5668316831683168,0.5713969938107869,0.5690839694656489,0.0026541095890411093,-0.015597857556455708
Strict C1 reservation,5103,12,0.5130993150684932,0.4886986301369863,5.362247094274645,5.626105216622458,9292.0,9048.0,49826.0,50905.0,0.5786698235040896,0.5591290893015031,9292.0,9048.0,5377.0,5059.0,0.5690294438386041,0.5591290893015031,False,2.0,1.0,"w1=2, w2=1",1.5148972602739725,5.448646496815287,1.507277397260274,5.488636363636363,0.5668316831683168,0.5713969938107869,0.5690839694656489,0.007619863013698547,-0.039989866821076525
Strict C1 reservation,5103,16,0.5412671232876712,0.4601027397260274,4.730299061340319,6.318520140105079,9162.0,9136.0,43339.0,57726.0,0.6737611875136433,0.4938704028021016,9162.0,9136.0,6173.0,4512.0,0.5839436003934856,0.4938704028021016,True,2.0,1.0,"w1=2, w2=1",1.5426369863013698,5.258703568827385,1.507277397260274,5.488636363636363,0.5668316831683168,0.5713969938107869,0.5690839694656489,0.03535958904109582,-0.22993279480897844
Strict C1 reservation,5103,20,0.6386986301369864,0.36061643835616436,3.0306741816605247,7.6470783165801395,9226.0,9053.0,27961.0,69229.0,0.8085844352915673,0.392245664420634,9226.0,9053.0,7460.0,3551.0,0.6023852508342907,0.392245664420634,True,2.0,1.0,"w1=2, w2=1",1.638013698630137,4.550118160334485,1.507277397260274,5.488636363636363,0.5668316831683168,0.5713969938107869,0.5690839694656489,0.13073630136986303,-0.9385182033018786
Strict C1 reservation,5103,24,0.7536815068493151,0.24837328767123287,1.4459911513974317,9.291915836101882,9267.0,9030.0,13400.0,83906.0,0.9499298586381785,0.2703238598810311,9267.0,9078.0,8803.0,2454.0,0.6136276914690652,0.2703238598810311,True,2.0,1.0,"w1=2, w2=1",1.755736301369863,4.016325642141925,1.507277397260274,5.488636363636363,0.5668316831683168,0.5713969938107869,0.5690839694656489,0.24845890410958904,-1.4723107214944386
Strict C1 reservation,5103,28,0.7753424657534247,0.12517123287671234,0.05167844522968198,10.573364761343548,9056.0,5091.0,468.0,53829.0,1.0,0.13661987399137837,9056.0,9047.0,9056.0,1236.0,0.5685245539413357,0.13661987399137837,True,2.0,1.0,"w1=2, w2=1",1.6758561643835617,2.3602551394216267,1.507277397260274,5.488636363636363,0.5668316831683168,0.5713969938107869,0.5690839694656489,0.16857876712328768,-3.1283812242147366
Strict C1 reservation,5103,32,0.7919520547945206,0.0,0.014702702702702703,,9250.0,0.0,136.0,0.0,1.0,0.0,9250.0,9092.0,9250.0,0.0,0.5043070548467997,0.0,True,2.0,1.0,"w1=2, w2=1",1.5839041095890412,0.014702702702702703,1.507277397260274,5.488636363636363,0.5668316831683168,0.5713969938107869,0.5690839694656489,0.07662671232876717,-5.47393366093366
Strict C1 reservation,5104,0,0.4995719178082192,0.5020547945205479,5.372167925366504,5.372838695557014,9004.0,9138.0,48371.0,49097.0,0.5966237227898712,0.5886408404464872,9004.0,9138.0,5372.0,5379.0,0.5926028001322897,0.5886408404464872,False,2.0,1.0,"w1=2, w2=1",1.5011986301369862,5.3723937228320935,1.5011986301369862,5.3723937228320935,0.5966237227898712,0.5886408404464872,0.5926028001322897,0.0,0.0
Strict C1 reservation,5104,4,0.49965753424657533,0.5019691780821918,5.352954242558862,5.391770628146203,9004.0,9138.0,48198.0,49270.0,0.5967347845402043,0.5885314073101335,9004.0,9138.0,5373.0,5378.0,0.5926028001322897,0.5885314073101335,False,2.0,1.0,"w1=2, w2=1",1.5012842465753424,5.366020776541664,1.5011986301369862,5.3723937228320935,0.5966237227898712,0.5886408404464872,0.5926028001322897,8.561643835625077e-05,-0.006372946290429837
Strict C1 reservation,5104,8,0.5026541095890411,0.49897260273972605,5.317858729453576,5.426460932370322,9004.0,9138.0,47882.0,49587.0,0.6013993780541982,0.5839352155832787,9004.0,9138.0,5415.0,5336.0,0.5926028001322897,0.5839352155832787,False,2.0,1.0,"w1=2, w2=1",1.5042808219178083,5.354416856995506,1.5011986301369862,5.3723937228320935,0.5966237227898712,0.5886408404464872,0.5926028001322897,0.003082191780822141,-0.017976865836587308
Strict C1 reservation,5104,12,0.505736301369863,0.4958904109589041,5.239782318969347,5.503611293499672,9004.0,9138.0,47179.0,50292.0,0.6075077743225233,0.5773692274020573,9004.0,9138.0,5470.0,5276.0,0.5923271965604674,0.5773692274020573,False,2.0,1.0,"w1=2, w2=1",1.5073630136986302,5.328593531275326,1.5011986301369862,5.3723937228320935,0.5966237227898712,0.5886408404464872,0.5926028001322897,0.00616438356164406,-0.04380019155676784
Strict C1 reservation,5104,16,0.5402397260273972,0.46087328767123287,4.676598995852434,6.180881385661039,9162.0,9122.0,42847.0,56382.0,0.6684130102597686,0.50460425345319,9162.0,9122.0,6124.0,4603.0,0.5866878144826078,0.50460425345319,False,2.0,1.0,"w1=2, w2=1",1.5413527397260274,5.176564891058806,1.5011986301369862,5.3723937228320935,0.5966237227898712,0.5886408404464872,0.5926028001322897,0.0401541095890412,-0.19582883177328725
Strict C1 reservation,5104,20,0.6369006849315069,0.36481164383561643,2.933473544387868,7.600801646625501,9034.0,9231.0,26501.0,70163.0,0.8234447642240426,0.3865236702415773,9034.0,9231.0,7439.0,3568.0,0.6026279770052012,0.3865236702415773,True,2.0,1.0,"w1=2, w2=1",1.63861301369863,4.511703725411187,1.5011986301369862,5.3723937228320935,0.5966237227898712,0.5886408404464872,0.5926028001322897,0.13741438356164393,-0.8606899974209066
Strict C1 reservation,5104,24,0.7487157534246576,0.25017123287671234,1.2554150632215504,9.139272970561999,9095.0,8968.0,11418.0,81961.0,0.9615173172072567,0.2729603209986625,9095.0,8972.0,8745.0,2449.0,0.6195826645264848,0.2729603209986625,True,2.0,1.0,"w1=2, w2=1",1.7476027397260274,3.85878930701819,1.5011986301369862,5.3723937228320935,0.5966237227898712,0.5886408404464872,0.5926028001322897,0.24640410958904124,-1.5136044158139037
Strict C1 reservation,5104,28,0.7601883561643835,0.125,0.07208018921049668,10.632208293153328,8879.0,5185.0,640.0,55128.0,1.0,0.1384476737636589,8879.0,8877.0,8879.0,1229.0,0.5692723586393332,0.1384476737636589,True,2.0,1.0,"w1=2, w2=1",1.645376712328767,2.4586148280521294,1.5011986301369862,5.3723937228320935,0.5966237227898712,0.5886408404464872,0.5926028001322897,0.14417808219178085,-2.913778894779964
Strict C1 reservation,5104,32,0.7846746575342466,0.0,0.007637752318603383,,9165.0,0.0,70.0,0.0,1.0,0.0,9165.0,9208.0,9165.0,0.0,0.4988298046045828,0.0,True,2.0,1.0,"w1=2, w2=1",1.5693493150684932,0.007637752318603383,1.5011986301369862,5.3723937228320935,0.5966237227898712,0.5886408404464872,0.5926028001322897,0.068150684931507,-5.36475597051349
Strict C1 reservation,5105,0,0.5049657534246575,0.4946917808219178,5.395206304038525,5.392718392718392,9137.0,9009.0,49296.0,48583.0,0.5953814162197658,0.5888555888555889,9137.0,9009.0,5440.0,5305.0,0.5921415187920203,0.5888555888555889,False,2.0,1.0,"w1=2, w2=1",1.5046232876712329,5.394384781732215,1.5046232876712329,5.394384781732215,0.5953814162197658,0.5888555888555889,0.5921415187920203,0.0,0.0
Strict C1 reservation,5105,4,0.5065924657534246,0.4930650684931507,5.378898982160447,5.4092574092574095,9137.0,9009.0,49147.0,48732.0,0.5975703184852796,0.5866355866355867,9137.0,9009.0,5460.0,5285.0,0.5921415187920203,0.5866355866355867,False,2.0,1.0,"w1=2, w2=1",1.50625,5.388923505479602,1.5046232876712329,5.394384781732215,0.5953814162197658,0.5888555888555889,0.5921415187920203,0.0016267123287672103,-0.005461276252612279
Strict C1 reservation,5105,8,0.5077910958904109,0.4918664383561644,5.348473240669804,5.44011544011544,9137.0,9009.0,48869.0,49010.0,0.5996497756375178,0.5845265845265846,9137.0,9009.0,5479.0,5266.0,0.5921415187920203,0.5845265845265846,False,2.0,1.0,"w1=2, w2=1",1.5074486301369863,5.378734010189495,1.5046232876712329,5.394384781732215,0.5953814162197658,0.5888555888555889,0.5921415187920203,0.0028253424657533888,-0.015650771542719433
Strict C1 reservation,5105,12,0.5122431506849315,0.48741438356164385,5.279632264419393,5.510489510489511,9137.0,9009.0,48240.0,49644.0,0.6070920433402649,0.5765345765345765,9137.0,9009.0,5547.0,5194.0,0.591921084536537,0.5765345765345765,False,2.0,1.0,"w1=2, w2=1",1.5119006849315069,5.355862625077887,1.5046232876712329,5.394384781732215,0.5953814162197658,0.5888555888555889,0.5921415187920203,0.007277397260273988,-0.03852215665432723
Strict C1 reservation,5105,16,0.5387842465753425,0.461472602739726,4.778320842836972,6.2202197802197805,9207.0,9100.0,43994.0,56604.0,0.6673183447376996,0.49835164835164836,9207.0,9100.0,6144.0,4535.0,0.5833287813404708,0.49835164835164836,True,2.0,1.0,"w1=2, w2=1",1.539041095890411,5.255215526640983,1.5046232876712329,5.394384781732215,0.5953814162197658,0.5888555888555889,0.5921415187920203,0.03441780821917817,-0.13916925509123157
Strict C1 reservation,5105,20,0.6367294520547945,0.3625,2.9326658598305646,7.559572357544362,9089.0,9073.0,26655.0,68588.0,0.8182418307844648,0.39171167199382784,9089.0,9073.0,7437.0,3554.0,0.6051646294460963,0.39171167199382784,True,2.0,1.0,"w1=2, w2=1",1.635958904109589,4.473156948368867,1.5046232876712329,5.394384781732215,0.5953814162197658,0.5888555888555889,0.5921415187920203,0.13133561643835612,-0.9212278333633472
Strict C1 reservation,5105,24,0.7535102739726027,0.24965753424657533,1.5217065065923465,9.418783422459892,9329.0,8976.0,14196.0,84543.0,0.9434022939221781,0.2701983819128893,9329.0,9023.0,8801.0,2438.0,0.6124128160418483,0.2701983819128893,True,2.0,1.0,"w1=2, w2=1",1.756678082191781,4.086813345878266,1.5046232876712329,5.394384781732215,0.5953814162197658,0.5888555888555889,0.5921415187920203,0.252054794520548,-1.3075714358539487
Strict C1 reservation,5105,28,0.7781678082191781,0.12508561643835617,0.07294531851688854,10.54203187250996,9089.0,5020.0,663.0,52921.0,1.0,0.13507316007861978,9089.0,9158.0,9089.0,1237.0,0.5659012440401162,0.13507316007861978,True,2.0,1.0,"w1=2, w2=1",1.6814212328767124,2.3384343477886023,1.5046232876712329,5.394384781732215,0.5953814162197658,0.5888555888555889,0.5921415187920203,0.17679794520547953,-3.0559504339436123
Strict C1 reservation,5105,32,0.7791952054794521,0.0,0.005603779804417097,,9101.0,0.0,51.0,0.0,1.0,0.0,9101.0,9105.0,9101.0,0.0,0.49989014610567944,0.0,True,2.0,1.0,"w1=2, w2=1",1.5583904109589042,0.005603779804417097,1.5046232876712329,5.394384781732215,0.5953814162197658,0.5888555888555889,0.5921415187920203,0.0537671232876713,-5.388781001927797
Strict C1 reservation,5101,0,0.5060787671232877,0.4952054794520548,5.361535106846925,5.3316755083996465,9172.0,9048.0,49176.0,48241.0,0.5931094635848234,0.5908488063660478,9172.0,9048.0,5440.0,5346.0,0.59198682766191,0.5908488063660478,False,3.0,1.0,"w1=3, w2=1",2.013441780821918,5.354146154687671,2.013441780821918,5.354146154687671,0.5931094635848234,0.5908488063660478,0.59198682766191,0.0,0.0
Strict C1 reservation,5101,4,0.5069349315068493,0.49434931506849317,5.347361535106847,5.346043324491601,9172.0,9048.0,49046.0,48371.0,0.5944177932839075,0.5895225464190982,9172.0,9048.0,5452.0,5334.0,0.59198682766191,0.5895225464190982,False,3.0,1.0,"w1=3, w2=1",2.0151541095890413,5.3470353353024835,2.013441780821918,5.354146154687671,0.5931094635848234,0.5908488063660478,0.59198682766191,0.001712328767123239,-0.007110819385187206
Strict C1 reservation,5101,8,0.508304794520548,0.49297945205479454,5.311382468382032,5.38262599469496,9172.0,9048.0,48716.0,48702.0,0.5964893153074575,0.587422634836428,9172.0,9048.0,5471.0,5315.0,0.59198682766191,0.587422634836428,False,3.0,1.0,"w1=3, w2=1",2.0178938356164386,5.329012143091566,2.013441780821918,5.354146154687671,0.5931094635848234,0.5908488063660478,0.59198682766191,0.004452054794520599,-0.025134011596104955
Strict C1 reservation,5101,12,0.5142123287671233,0.4870719178082192,5.239969472307021,5.4552387267904505,9172.0,9048.0,48061.0,49359.0,0.6049934583515045,0.5785809018567639,9172.0,9048.0,5549.0,5235.0,0.5918770581778265,0.5785809018567639,False,3.0,1.0,"w1=3, w2=1",2.029708904109589,5.293239251723006,2.013441780821918,5.354146154687671,0.5931094635848234,0.5908488063660478,0.59198682766191,0.01626712328767077,-0.060906902964664944
Strict C1 reservation,5101,16,0.5405821917808219,0.46113013698630134,4.647550908090259,6.089283743516169,9085.0,9061.0,42223.0,55175.0,0.6834342322509631,0.5003862708310342,9085.0,9061.0,6209.0,4534.0,0.5920313016642786,0.5003862708310342,False,3.0,1.0,"w1=3, w2=1",2.082876712328767,5.007269523075228,2.013441780821918,5.354146154687671,0.5931094635848234,0.5908488063660478,0.59198682766191,0.06943493150684876,-0.3468766316124423
Strict C1 reservation,5101,20,0.6357876712328767,0.363527397260274,3.1084520831067115,7.576876712328767,9193.0,9125.0,28576.0,69139.0,0.8077885347547047,0.3873972602739726,9193.0,9125.0,7426.0,3535.0,0.5983731848455072,0.3873972602739726,True,3.0,1.0,"w1=3, w2=1",2.2708904109589043,4.219349389712293,2.013441780821918,5.354146154687671,0.5931094635848234,0.5908488063660478,0.59198682766191,0.25744863013698627,-1.1347967649753778
Strict C1 reservation,5101,24,0.7462328767123287,0.2488013698630137,1.1711881297752187,9.376763217400667,9031.0,9287.0,10577.0,87082.0,0.9651201417340273,0.2609958060006452,9031.0,9299.0,8716.0,2427.0,0.607910529187125,0.2609958060006452,True,3.0,1.0,"w1=3, w2=1",2.4875000000000003,3.2658878504672897,2.013441780821918,5.354146154687671,0.5931094635848234,0.5908488063660478,0.59198682766191,0.4740582191780822,-2.088258304220381
Strict C1 reservation,5101,28,0.781763698630137,0.12551369863013698,0.06538166684919505,10.560570535365377,9131.0,5118.0,597.0,54049.0,1.0,0.13287867121328786,9131.0,9091.0,9131.0,1208.0,0.5673910657447042,0.13287867121328786,True,3.0,1.0,"w1=3, w2=1",2.470804794520548,1.7175725139183662,2.013441780821918,5.354146154687671,0.5931094635848234,0.5908488063660478,0.59198682766191,0.45736301369862975,-3.6365736407693046
Strict C1 reservation,5101,32,0.7746575342465754,0.0,0.007957559681697613,,9048.0,0.0,72.0,0.0,1.0,0.0,9048.0,9030.0,9048.0,0.0,0.5004978426817126,0.0,True,3.0,1.0,"w1=3, w2=1",2.323972602739726,0.007957559681697613,2.013441780821918,5.354146154687671,0.5931094635848234,0.5908488063660478,0.59198682766191,0.310530821917808,-5.346188595005973
Strict C1 reservation,5102,0,0.5008561643835616,0.49888698630136985,5.491321908088636,5.488626325088339,9161.0,9056.0,50306.0,49705.0,0.5761379762034713,0.5760821554770318,9161.0,9056.0,5278.0,5217.0,0.5761102267113136,0.5760821554770318,False,3.0,1.0,"w1=3, w2=1",2.001455479452055,5.490653821943677,2.001455479452055,5.490653821943677,0.5761379762034713,0.5760821554770318,0.5761102267113136,0.0,0.0
Strict C1 reservation,5102,4,0.5007705479452055,0.49897260273972605,5.474620674598843,5.505521201413427,9161.0,9056.0,50153.0,49858.0,0.5760288178146491,0.5761925795053003,9161.0,9056.0,5277.0,5218.0,0.5761102267113136,0.5760288178146491,False,3.0,1.0,"w1=3, w2=1",2.0012842465753424,5.482279208516927,2.001455479452055,5.490653821943677,0.5761379762034713,0.5760821554770318,0.5761102267113136,-0.00017123287671250154,-0.008374613426749278
Strict C1 reservation,5102,8,0.5019691780821918,0.4977739726027397,5.442528108285122,5.537985865724382,9161.0,9056.0,49859.0,50152.0,0.5781028272022705,0.5740945229681979,9161.0,9056.0,5296.0,5199.0,0.5761102267113136,0.5740945229681979,False,3.0,1.0,"w1=3, w2=1",2.003681506849315,5.466186814089055,2.001455479452055,5.490653821943677,0.5761379762034713,0.5760821554770318,0.5761102267113136,0.0022260273972598554,-0.024467007854621414
Strict C1 reservation,5102,12,0.5060787671232877,0.4936643835616438,5.36786377033075,5.613626325088339,9161.0,9056.0,49175.0,50837.0,0.5849798056980678,0.5673586572438163,9161.0,9056.0,5359.0,5138.0,0.5762200142723829,0.5673586572438163,False,3.0,1.0,"w1=3, w2=1",2.011900684931507,5.428774733846027,2.001455479452055,5.490653821943677,0.5761379762034713,0.5760821554770318,0.5761102267113136,0.010445205479451936,-0.061879088097649415
Strict C1 reservation,5102,16,0.539554794520548,0.4594178082191781,4.987412587412587,6.398267923700943,9295.0,9122.0,46358.0,58365.0,0.6478752017213556,0.49364174523130894,9295.0,9122.0,6022.0,4503.0,0.5714828690883423,0.49364174523130894,True,3.0,1.0,"w1=3, w2=1",2.078082191780822,5.335179830842813,2.001455479452055,5.490653821943677,0.5761379762034713,0.5760821554770318,0.5761102267113136,0.07662671232876717,-0.15547399110086335
Strict C1 reservation,5102,20,0.6393835616438356,0.3626712328767123,3.0667754214246874,7.7298850574712645,9195.0,9222.0,28199.0,71285.0,0.811636759108211,0.38418998048145736,9195.0,9222.0,7463.0,3543.0,0.5976000434381278,0.38418998048145736,True,3.0,1.0,"w1=3, w2=1",2.280821917808219,4.235118319884805,2.001455479452055,5.490653821943677,0.5761379762034713,0.5760821554770318,0.5761102267113136,0.27936643835616426,-1.2555355020588719
Strict C1 reservation,5102,24,0.7482020547945205,0.2495719178082192,1.3124246079613993,9.629491673970202,9119.0,9128.0,11968.0,87898.0,0.9583287641188727,0.26271460965338517,9119.0,9261.0,8739.0,2433.0,0.6078346028291621,0.26271460965338517,True,3.0,1.0,"w1=3, w2=1",2.4941780821917807,3.393230094559408,2.001455479452055,5.490653821943677,0.5761379762034713,0.5760821554770318,0.5761102267113136,0.4927226027397258,-2.097423727384269
Strict C1 reservation,5102,28,0.7745719178082192,0.12491438356164383,0.087321764120703,10.598368808434454,9047.0,5027.0,790.0,53278.0,1.0,0.13742690058479531,9047.0,9234.0,9047.0,1269.0,0.5643017340408074,0.13742690058479531,True,3.0,1.0,"w1=3, w2=1",2.4486301369863015,1.7299179308629693,2.001455479452055,5.490653821943677,0.5761379762034713,0.5760821554770318,0.5761102267113136,0.44717465753424657,-3.7607358910807074
Strict C1 reservation,5102,32,0.775,0.0,0.007843570481661512,,9052.0,0.0,71.0,0.0,1.0,0.0,9052.0,9108.0,9052.0,0.0,0.4984581497797357,0.0,True,3.0,1.0,"w1=3, w2=1",2.325,0.007843570481661512,2.001455479452055,5.490653821943677,0.5761379762034713,0.5760821554770318,0.5761102267113136,0.32354452054794525,-5.482810251462015
Strict C1 reservation,5103,0,0.5053938356164384,0.49648972602739727,5.481704692208352,5.502873563218391,9292.0,9048.0,50936.0,49790.0,0.5668316831683168,0.5713969938107869,9292.0,9048.0,5267.0,5170.0,0.5690839694656489,0.5668316831683168,False,3.0,1.0,"w1=3, w2=1",2.0126712328767122,5.4868919943668075,2.0126712328767122,5.4868919943668075,0.5668316831683168,0.5713969938107869,0.5690839694656489,0.0,0.0
Strict C1 reservation,5103,4,0.50625,0.4956335616438356,5.467283684890228,5.517683465959328,9292.0,9048.0,50802.0,49924.0,0.568123116659492,0.5700707338638373,9292.0,9048.0,5279.0,5158.0,0.5690839694656489,0.568123116659492,False,3.0,1.0,"w1=3, w2=1",2.0143835616438355,5.479633842487271,2.0126712328767122,5.4868919943668075,0.5668316831683168,0.5713969938107869,0.5690839694656489,0.001712328767123239,-0.007258151879536712
Strict C1 reservation,5103,8,0.5080479452054795,0.49383561643835616,5.435320705983642,5.550508399646331,9292.0,9048.0,50505.0,50221.0,0.5707059836418424,0.5674182139699381,9292.0,9048.0,5303.0,5134.0,0.5690839694656489,0.5674182139699381,False,3.0,1.0,"w1=3, w2=1",2.0179794520547945,5.463546744664717,2.0126712328767122,5.4868919943668075,0.5668316831683168,0.5713969938107869,0.5690839694656489,0.0053082191780822185,-0.023345249702090953
Strict C1 reservation,5103,12,0.5130993150684932,0.4886986301369863,5.362247094274645,5.626105216622458,9292.0,9048.0,49826.0,50905.0,0.5786698235040896,0.5591290893015031,9292.0,9048.0,5377.0,5059.0,0.5690294438386041,0.5591290893015031,False,3.0,1.0,"w1=3, w2=1",2.027996575342466,5.4269039107355646,2.0126712328767122,5.4868919943668075,0.5668316831683168,0.5713969938107869,0.5690839694656489,0.015325342465753788,-0.05998808363124297
Strict C1 reservation,5103,16,0.5412671232876712,0.4601027397260274,4.730299061340319,6.318520140105079,9162.0,9136.0,43339.0,57726.0,0.6737611875136433,0.4938704028021016,9162.0,9136.0,6173.0,4512.0,0.5839436003934856,0.4938704028021016,True,3.0,1.0,"w1=3, w2=1",2.0839041095890414,5.126508655999126,2.0126712328767122,5.4868919943668075,0.5668316831683168,0.5713969938107869,0.5690839694656489,0.07123287671232914,-0.3603833383676811
Strict C1 reservation,5103,20,0.6386986301369864,0.36061643835616436,3.0306741816605247,7.6470783165801395,9226.0,9053.0,27961.0,69229.0,0.8085844352915673,0.392245664420634,9226.0,9053.0,7460.0,3551.0,0.6023852508342907,0.392245664420634,True,3.0,1.0,"w1=3, w2=1",2.2767123287671236,4.168468051509624,2.0126712328767122,5.4868919943668075,0.5668316831683168,0.5713969938107869,0.5690839694656489,0.26404109589041136,-1.3184239428571836
Strict C1 reservation,5103,24,0.7536815068493151,0.24837328767123287,1.4459911513974317,9.291915836101882,9267.0,9030.0,13400.0,83906.0,0.9499298586381785,0.2703238598810311,9267.0,9078.0,8803.0,2454.0,0.6136276914690652,0.2703238598810311,True,3.0,1.0,"w1=3, w2=1",2.5094178082191783,3.369607124433222,2.0126712328767122,5.4868919943668075,0.5668316831683168,0.5713969938107869,0.5690839694656489,0.496746575342466,-2.1172848699335853
Strict C1 reservation,5103,28,0.7753424657534247,0.12517123287671234,0.05167844522968198,10.573364761343548,9056.0,5091.0,468.0,53829.0,1.0,0.13661987399137837,9056.0,9047.0,9056.0,1236.0,0.5685245539413357,0.13661987399137837,True,3.0,1.0,"w1=3, w2=1",2.451198630136987,1.7121733469729379,2.0126712328767122,5.4868919943668075,0.5668316831683168,0.5713969938107869,0.5690839694656489,0.43852739726027457,-3.7747186473938696
Strict C1 reservation,5103,32,0.7919520547945206,0.0,0.014702702702702703,,9250.0,0.0,136.0,0.0,1.0,0.0,9250.0,9092.0,9250.0,0.0,0.5043070548467997,0.0,True,3.0,1.0,"w1=3, w2=1",2.3758561643835616,0.014702702702702703,2.0126712328767122,5.4868919943668075,0.5668316831683168,0.5713969938107869,0.5690839694656489,0.3631849315068494,-5.472189291664105
Strict C1 reservation,5104,0,0.4995719178082192,0.5020547945205479,5.372167925366504,5.372838695557014,9004.0,9138.0,48371.0,49097.0,0.5966237227898712,0.5886408404464872,9004.0,9138.0,5372.0,5379.0,0.5926028001322897,0.5886408404464872,False,3.0,1.0,"w1=3, w2=1",2.0007705479452054,5.372337482710926,2.0007705479452054,5.372337482710926,0.5966237227898712,0.5886408404464872,0.5926028001322897,0.0,0.0
Strict C1 reservation,5104,4,0.49965753424657533,0.5019691780821918,5.352954242558862,5.391770628146203,9004.0,9138.0,48198.0,49270.0,0.5967347845402043,0.5885314073101335,9004.0,9138.0,5373.0,5378.0,0.5926028001322897,0.5885314073101335,False,3.0,1.0,"w1=3, w2=1",2.0009417808219174,5.362766251728908,2.0007705479452054,5.372337482710926,0.5966237227898712,0.5886408404464872,0.5926028001322897,0.00017123287671205745,-0.00957123098201862
Strict C1 reservation,5104,8,0.5026541095890411,0.49897260273972605,5.317858729453576,5.426460932370322,9004.0,9138.0,47882.0,49587.0,0.6013993780541982,0.5839352155832787,9004.0,9138.0,5415.0,5336.0,0.5926028001322897,0.5839352155832787,False,3.0,1.0,"w1=3, w2=1",2.006934931506849,5.345311203319502,2.0007705479452054,5.372337482710926,0.5966237227898712,0.5886408404464872,0.5926028001322897,0.006164383561643838,-0.02702627939142399
Strict C1 reservation,5104,12,0.505736301369863,0.4958904109589041,5.239782318969347,5.503611293499672,9004.0,9138.0,47179.0,50292.0,0.6075077743225233,0.5773692274020573,9004.0,9138.0,5470.0,5276.0,0.5923271965604674,0.5773692274020573,False,3.0,1.0,"w1=3, w2=1",2.013099315068493,5.306473029045643,2.0007705479452054,5.372337482710926,0.5966237227898712,0.5886408404464872,0.5926028001322897,0.012328767123287676,-0.06586445366528348
Strict C1 reservation,5104,16,0.5402397260273972,0.46087328767123287,4.676598995852434,6.180881385661039,9162.0,9122.0,42847.0,56382.0,0.6684130102597686,0.50460425345319,9162.0,9122.0,6124.0,4603.0,0.5866878144826078,0.50460425345319,False,3.0,1.0,"w1=3, w2=1",2.0815924657534244,5.051436844405594,2.0007705479452054,5.372337482710926,0.5966237227898712,0.5886408404464872,0.5926028001322897,0.08082191780821901,-0.3209006383053321
Strict C1 reservation,5104,20,0.6369006849315069,0.36481164383561643,2.933473544387868,7.600801646625501,9034.0,9231.0,26501.0,70163.0,0.8234447642240426,0.3865236702415773,9034.0,9231.0,7439.0,3568.0,0.6026279770052012,0.3865236702415773,True,3.0,1.0,"w1=3, w2=1",2.275513698630137,4.119285498032092,2.0007705479452054,5.372337482710926,0.5966237227898712,0.5886408404464872,0.5926028001322897,0.2747431506849316,-1.2530519846788346
Strict C1 reservation,5104,24,0.7487157534246576,0.25017123287671234,1.2554150632215504,9.139272970561999,9095.0,8968.0,11418.0,81961.0,0.9615173172072567,0.2729603209986625,9095.0,8972.0,8745.0,2449.0,0.6195826645264848,0.2729603209986625,True,3.0,1.0,"w1=3, w2=1",2.496318493150685,3.205665738007889,2.0007705479452054,5.372337482710926,0.5966237227898712,0.5886408404464872,0.5926028001322897,0.49554794520547985,-2.1666717447030375
Strict C1 reservation,5104,28,0.7601883561643835,0.125,0.07208018921049668,10.632208293153328,8879.0,5185.0,640.0,55128.0,1.0,0.1384476737636589,8879.0,8877.0,8879.0,1229.0,0.5692723586393332,0.1384476737636589,True,3.0,1.0,"w1=3, w2=1",2.4055650684931504,1.7927220162151971,2.0007705479452054,5.372337482710926,0.5966237227898712,0.5886408404464872,0.5926028001322897,0.40479452054794507,-3.579615466495729
Strict C1 reservation,5104,32,0.7846746575342466,0.0,0.007637752318603383,,9165.0,0.0,70.0,0.0,1.0,0.0,9165.0,9208.0,9165.0,0.0,0.4988298046045828,0.0,True,3.0,1.0,"w1=3, w2=1",2.35402397260274,0.007637752318603383,2.0007705479452054,5.372337482710926,0.5966237227898712,0.5886408404464872,0.5926028001322897,0.3532534246575345,-5.3646997303923225
Strict C1 reservation,5105,0,0.5049657534246575,0.4946917808219178,5.395206304038525,5.392718392718392,9137.0,9009.0,49296.0,48583.0,0.5953814162197658,0.5888555888555889,9137.0,9009.0,5440.0,5305.0,0.5921415187920203,0.5888555888555889,False,3.0,1.0,"w1=3, w2=1",2.0095890410958903,5.394590884129599,2.0095890410958903,5.394590884129599,0.5953814162197658,0.5888555888555889,0.5921415187920203,0.0,0.0
Strict C1 reservation,5105,4,0.5065924657534246,0.4930650684931507,5.378898982160447,5.4092574092574095,9137.0,9009.0,49147.0,48732.0,0.5975703184852796,0.5866355866355867,9137.0,9009.0,5460.0,5285.0,0.5921415187920203,0.5866355866355867,False,3.0,1.0,"w1=3, w2=1",2.0128424657534247,5.386408566721582,2.0095890410958903,5.394590884129599,0.5953814162197658,0.5888555888555889,0.5921415187920203,0.0032534246575344206,-0.008182317408016893
Strict C1 reservation,5105,8,0.5077910958904109,0.4918664383561644,5.348473240669804,5.44011544011544,9137.0,9009.0,48869.0,49010.0,0.5996497756375178,0.5845265845265846,9137.0,9009.0,5479.0,5266.0,0.5921415187920203,0.5845265845265846,False,3.0,1.0,"w1=3, w2=1",2.0152397260273975,5.371142229544207,2.0095890410958903,5.394590884129599,0.5953814162197658,0.5888555888555889,0.5921415187920203,0.005650684931507222,-0.023448654585392248
Strict C1 reservation,5105,12,0.5122431506849315,0.48741438356164385,5.279632264419393,5.510489510489511,9137.0,9009.0,48240.0,49644.0,0.6070920433402649,0.5765345765345765,9137.0,9009.0,5547.0,5194.0,0.591921084536537,0.5765345765345765,False,3.0,1.0,"w1=3, w2=1",2.0241438356164387,5.336738056013179,2.0095890410958903,5.394590884129599,0.5953814162197658,0.5888555888555889,0.5921415187920203,0.01455479452054842,-0.05785282811641945
Strict C1 reservation,5105,16,0.5387842465753425,0.461472602739726,4.778320842836972,6.2202197802197805,9207.0,9100.0,43994.0,56604.0,0.6673183447376996,0.49835164835164836,9207.0,9100.0,6144.0,4535.0,0.5833287813404708,0.49835164835164836,True,3.0,1.0,"w1=3, w2=1",2.0778253424657533,5.135644454127066,2.0095890410958903,5.394590884129599,0.5953814162197658,0.5888555888555889,0.5921415187920203,0.06823630136986303,-0.25894643000253303
Strict C1 reservation,5105,20,0.6367294520547945,0.3625,2.9326658598305646,7.559572357544362,9089.0,9073.0,26655.0,68588.0,0.8182418307844648,0.39171167199382784,9089.0,9073.0,7437.0,3554.0,0.6051646294460963,0.39171167199382784,True,3.0,1.0,"w1=3, w2=1",2.2726883561643834,4.087864611997799,2.0095890410958903,5.394590884129599,0.5953814162197658,0.5888555888555889,0.5921415187920203,0.26309931506849304,-1.3067262721318
Strict C1 reservation,5105,24,0.7535102739726027,0.24965753424657533,1.5217065065923465,9.418783422459892,9329.0,8976.0,14196.0,84543.0,0.9434022939221781,0.2701983819128893,9329.0,9023.0,8801.0,2438.0,0.6124128160418483,0.2701983819128893,True,3.0,1.0,"w1=3, w2=1",2.5101883561643836,3.4394123853583314,2.0095890410958903,5.394590884129599,0.5953814162197658,0.5888555888555889,0.5921415187920203,0.5005993150684933,-1.9551784987712675
Strict C1 reservation,5105,28,0.7781678082191781,0.12508561643835617,0.07294531851688854,10.54203187250996,9089.0,5020.0,663.0,52921.0,1.0,0.13507316007861978,9089.0,9158.0,9089.0,1237.0,0.5659012440401162,0.13507316007861978,True,3.0,1.0,"w1=3, w2=1",2.4595890410958905,1.7006844860160437,2.0095890410958903,5.394590884129599,0.5953814162197658,0.5888555888555889,0.5921415187920203,0.4500000000000002,-3.693906398113555
Strict C1 reservation,5105,32,0.7791952054794521,0.0,0.005603779804417097,,9101.0,0.0,51.0,0.0,1.0,0.0,9101.0,9105.0,9101.0,0.0,0.49989014610567944,0.0,True,3.0,1.0,"w1=3, w2=1",2.337585616438356,0.005603779804417097,2.0095890410958903,5.394590884129599,0.5953814162197658,0.5888555888555889,0.5921415187920203,0.32799657534246585,-5.388987104325182
