background_id,source_scenario_ids,scenario_type,rho,class1_share,slots_per_day,lambda_total,lambda_class1,lambda_class2,horizon_class1,horizon_class2,cancel_class1,cancel_class2,balk_threshold_class1,balk_threshold_class2,balk_low_class1,balk_low_class2,balk_high_class1,balk_high_class2,noshow_threshold_class1,noshow_threshold_class2,noshow_low_class1,noshow_low_class2,noshow_high_class1,noshow_high_class2,lower_threshold,higher_threshold,reclassified_delay_bucket,n_paired_seeds,mean_reclassified_bucket_mass,mean_reclassified_bucket_mass_ci_low,mean_reclassified_bucket_mass_ci_high,signed_served_rate_jump,signed_served_rate_jump_ci_low,signed_served_rate_jump_ci_high,absolute_served_rate_jump,material_jump
H6B0001,A001,anchor,0.8,0.1,16,12.8,1.2800000000000002,11.52,14,14,0.1,0.1,0,9,0.0,0.0,0.5,0.5,6,6,0.0,0.0,0.3,0.3,0,1,1,2,0.03676686622754397,-0.03437722009079234,0.10791095254588029,0.0165054606715464,0.00183508660790805,0.031175834735184753,0.0165054606715464,True
H6B0001,A001,anchor,0.8,0.1,16,12.8,1.2800000000000002,11.52,14,14,0.1,0.1,0,9,0.0,0.0,0.5,0.5,6,6,0.0,0.0,0.3,0.3,1,2,2,2,0.0,0.0,0.0,0.0,0.0,0.0,0.0,False
H6B0001,A001,anchor,0.8,0.1,16,12.8,1.2800000000000002,11.52,14,14,0.1,0.1,0,9,0.0,0.0,0.5,0.5,6,6,0.0,0.0,0.3,0.3,2,3,3,2,0.0,0.0,0.0,0.0,0.0,0.0,0.0,False
H6B0001,A001,anchor,0.8,0.1,16,12.8,1.2800000000000002,11.52,14,14,0.1,0.1,0,9,0.0,0.0,0.5,0.5,6,6,0.0,0.0,0.3,0.3,3,4,4,2,0.0,0.0,0.0,0.0,0.0,0.0,0.0,False
H6B0001,A001,anchor,0.8,0.1,16,12.8,1.2800000000000002,11.52,14,14,0.1,0.1,0,9,0.0,0.0,0.5,0.5,6,6,0.0,0.0,0.3,0.3,4,5,5,2,0.0,0.0,0.0,0.0,0.0,0.0,0.0,False
H6B0001,A001,anchor,0.8,0.1,16,12.8,1.2800000000000002,11.52,14,14,0.1,0.1,0,9,0.0,0.0,0.5,0.5,6,6,0.0,0.0,0.3,0.3,5,6,6,2,0.0,0.0,0.0,0.0,0.0,0.0,0.0,False
H6B0001,A001,anchor,0.8,0.1,16,12.8,1.2800000000000002,11.52,14,14,0.1,0.1,0,9,0.0,0.0,0.5,0.5,6,6,0.0,0.0,0.3,0.3,6,7,7,2,0.0,0.0,0.0,0.0,0.0,0.0,0.0,False
H6B0001,A001,anchor,0.8,0.1,16,12.8,1.2800000000000002,11.52,14,14,0.1,0.1,0,9,0.0,0.0,0.5,0.5,6,6,0.0,0.0,0.3,0.3,7,8,8,2,0.0,0.0,0.0,0.0,0.0,0.0,0.0,False
H6B0001,A001,anchor,0.8,0.1,16,12.8,1.2800000000000002,11.52,14,14,0.1,0.1,0,9,0.0,0.0,0.5,0.5,6,6,0.0,0.0,0.3,0.3,8,9,9,2,0.0,0.0,0.0,0.0,0.0,0.0,0.0,False
H6B0001,A001,anchor,0.8,0.1,16,12.8,1.2800000000000002,11.52,14,14,0.1,0.1,0,9,0.0,0.0,0.5,0.5,6,6,0.0,0.0,0.3,0.3,9,10,10,2,0.0,0.0,0.0,0.0,0.0,0.0,0.0,False
H6B0001,A001,anchor,0.8,0.1,16,12.8,1.2800000000000002,11.52,14,14,0.1,0.1,0,9,0.0,0.0,0.5,0.5,6,6,0.0,0.0,0.3,0.3,10,11,11,2,0.0,0.0,0.0,0.0,0.0,0.0,0.0,False
H6B0001,A001,anchor,0.8,0.1,16,12.8,1.2800000000000002,11.52,14,14,0.1,0.1,0,9,0.0,0.0,0.5,0.5,6,6,0.0,0.0,0.3,0.3,11,12,12,2,0.0,0.0,0.0,0.0,0.0,0.0,0.0,False
H6B0002,A002,anchor,0.8,0.3,32,25.6,7.68,17.919999999999998,14,14,0.1,0.1,0,9,0.0,0.0,0.5,0.5,6,6,0.0,0.0,0.3,0.3,0,1,1,2,0.013693145979634667,-0.03092043392586071,0.05830672588513005,0.006629296916350891,-0.013175487435448236,0.026434081268150018,0.006629296916350891,False
H6B0002,A002,anchor,0.8,0.3,32,25.6,7.68,17.919999999999998,14,14,0.1,0.1,0,9,0.0,0.0,0.5,0.5,6,6,0.0,0.0,0.3,0.3,1,2,2,2,0.0,0.0,0.0,0.0,0.0,0.0,0.0,False
H6B0002,A002,anchor,0.8,0.3,32,25.6,7.68,17.919999999999998,14,14,0.1,0.1,0,9,0.0,0.0,0.5,0.5,6,6,0.0,0.0,0.3,0.3,2,3,3,2,0.0,0.0,0.0,0.0,0.0,0.0,0.0,False
H6B0002,A002,anchor,0.8,0.3,32,25.6,7.68,17.919999999999998,14,14,0.1,0.1,0,9,0.0,0.0,0.5,0.5,6,6,0.0,0.0,0.3,0.3,3,4,4,2,0.0,0.0,0.0,0.0,0.0,0.0,0.0,False
H6B0002,A002,anchor,0.8,0.3,32,25.6,7.68,17.919999999999998,14,14,0.1,0.1,0,9,0.0,0.0,0.5,0.5,6,6,0.0,0.0,0.3,0.3,4,5,5,2,0.0,0.0,0.0,0.0,0.0,0.0,0.0,False
H6B0002,A002,anchor,0.8,0.3,32,25.6,7.68,17.919999999999998,14,14,0.1,0.1,0,9,0.0,0.0,0.5,0.5,6,6,0.0,0.0,0.3,0.3,5,6,6,2,0.0,0.0,0.0,0.0,0.0,0.0,0.0,False
H6B0002,A002,anchor,0.8,0.3,32,25.6,7.68,17.919999999999998,14,14,0.1,0.1,0,9,0.0,0.0,0.5,0.5,6,6,0.0,0.0,0.3,0.3,6,7,7,2,0.0,0.0,0.0,0.0,0.0,0.0,0.0,False
H6B0002,A002,anchor,0.8,0.3,32,25.6,7.68,17.919999999999998,14,14,0.1,0.1,0,9,0.0,0.0,0.5,0.5,6,6,0.0,0.0,0.3,0.3,7,8,8,2,0.0,0.0,0.0,0.0,0.0,0.0,0.0,False
H6B0002,A002,anchor,0.8,0.3,32,25.6,7.68,17.919999999999998,14,14,0.1,0.1,0,9,0.0,0.0,0.5,0.5,6,6,0.0,0.0,0.3,0.3,8,9,9,2,0.0,0.0,0.0,0.0,0.0,0.0,0.0,False
H6B0002,A002,anchor,0.8,0.3,32,25.6,7.68,17.919999999999998,14,14,0.1,0.1,0,9,0.0,0.0,0.5,0.5,6,6,0.0,0.0,0.3,0.3,9,10,10,2,0.0,0.0,0.0,0.0,0.0,0.0,0.0,False
H6B0002,A002,anchor,0.8,0.3,32,25.6,7.68,17.919999999999998,14,14,0.1,0.1,0,9,0.0,0.0,0.5,0.5,6,6,0.0,0.0,0.3,0.3,10,11,11,2,0.0,0.0,0.0,0.0,0.0,0.0,0.0,False
H6B0002,A002,anchor,0.8,0.3,32,25.6,7.68,17.919999999999998,14,14,0.1,0.1,0,9,0.0,0.0,0.5,0.5,6,6,0.0,0.0,0.3,0.3,11,12,12,2,0.0,0.0,0.0,0.0,0.0,0.0,0.0,False
