balk_threshold,noshow_threshold,average_utilization,overall_percent_serviced,mean_accepted_booking_delay,mean_offered_booking_delay,class_1_percent_serviced,class_2_percent_serviced,overall_balking_rate,class_1_balking_rate,class_2_balking_rate,class_1_slot_utilization,class_2_slot_utilization,class_1_mean_offered_booking_delay,class_2_mean_offered_booking_delay,access_advantage_class_1,balking_rate_gap_class_1,delay_advantage_class_1,total_arrivals,total_booked,served_rate,balked_rate,no_offer_rate,canceled_rate,no_show_rate,unresolved_booked_rate,lost_after_booking_rate
0,0,0.6961472602739726,0.22277078361995667,5.520347582037997,5.518719657697688,0.2235229759299781,0.22201441223389626,0.49181272113881347,0.4903172866520788,0.493316464051928,0.3498287671232877,0.34554794520547943,5.533424507658643,5.503933109631993,0.0015085636960818494,-0.002999177399849229,-0.029491398026650018,36459,18528,0.22277078361995667,0.49181272113881347,0.0,0.1880194190734798,0.09739707616775008,0.0,0.28541649524122986
0,1,0.7276541095890411,0.23280945719849694,5.520347582037997,5.518719657697688,0.23320568927789934,0.23241102370867484,0.49181272113881347,0.4903172866520788,0.493316464051928,0.36498287671232876,0.3617294520547945,5.533424507658643,5.503933109631993,0.0007946655692245008,-0.002999177399849229,-0.029491398026650018,36459,18528,0.23280945719849694,0.49181272113881347,0.0,0.1880194190734798,0.0873584025892098,0.0,0.2753778216626896
0,2,0.758818493150685,0.2428207027071505,5.520347582037997,5.518719657697688,0.24327133479212254,0.2423675669728808,0.49181272113881347,0.4903172866520788,0.493316464051928,0.38073630136986303,0.3772260273972603,5.533424507658643,5.503933109631993,0.0009037678192417298,-0.002999177399849229,-0.029491398026650018,36459,18528,0.2428207027071505,0.49181272113881347,0.0,0.1880194190734798,0.07734715708055624,0.0,0.265366576154036
0,3,0.7854452054794521,0.2512959763021476,5.520347582037997,5.518719657697688,0.25065645514223195,0.25193905055283566,0.49181272113881347,0.4903172866520788,0.493316464051928,0.3922945205479452,0.3921232876712329,5.533424507658643,5.503933109631993,-0.0012825954106037152,-0.002999177399849229,-0.029491398026650018,36459,18528,0.2512959763021476,0.49181272113881347,0.0,0.1880194190734798,0.06887188348555912,0.0,0.2568913025590389
0,4,0.8059075342465754,0.2578512850050742,5.520347582037997,5.518719657697688,0.2574945295404814,0.2582100225534958,0.49181272113881347,0.4903172866520788,0.493316464051928,0.40299657534246575,0.4018835616438356,5.533424507658643,5.503933109631993,-0.0007154930130143788,-0.002999177399849229,-0.029491398026650018,36459,18528,0.2578512850050742,0.49181272113881347,0.0,0.1880194190734798,0.06231657478263255,0.0,0.2503359938561123
0,5,0.8273116438356164,0.26473573054664146,5.520347582037997,5.518719657697688,0.26460612691466084,0.264866054238407,0.49181272113881347,0.4903172866520788,0.493316464051928,0.41412671232876713,0.4122431506849315,5.533424507658643,5.503933109631993,-0.00025992732374613414,-0.002999177399849229,-0.029491398026650018,36459,18528,0.26473573054664146,0.49181272113881347,0.0,0.1880194190734798,0.0554321292410653,0.0,0.2434515483145451
0,6,0.8915239726027397,0.2862393373378315,5.520347582037997,5.518719657697688,0.287417943107221,0.28505418339842675,0.49181272113881347,0.4903172866520788,0.493316464051928,0.4498287671232877,0.44366438356164384,5.533424507658643,5.503933109631993,0.0023637597087942663,-0.002999177399849229,-0.029491398026650018,36459,18528,0.2862393373378315,0.49181272113881347,0.0,0.1880194190734798,0.0339285224498752,0.0,0.221947941523355
0,7,0.9824486301369864,0.31495652650922956,5.520347582037997,5.518719657697688,0.3149890590809628,0.3149238131910446,0.49181272113881347,0.4903172866520788,0.493316464051928,0.49297945205479454,0.4901541095890411,5.533424507658643,5.503933109631993,6.524588991818625e-05,-0.002999177399849229,-0.029491398026650018,36459,18528,0.31495652650922956,0.49181272113881347,0.0,0.1880194190734798,0.005211333278477194,0.0,0.193230752351957
0,8,1.0,0.32016785978770673,5.520347582037997,5.518719657697688,0.3203501094091904,0.31998459761263,0.49181272113881347,0.4903172866520788,0.493316464051928,0.5013698630136987,0.49803082191780823,5.533424507658643,5.503933109631993,0.00036551179656041377,-0.002999177399849229,-0.029491398026650018,36459,18528,0.32016785978770673,0.49181272113881347,0.0,0.1880194190734798,0.0,0.0,0.1880194190734798
0,9,1.0,0.32016785978770673,5.520347582037997,5.518719657697688,0.3203501094091904,0.31998459761263,0.49181272113881347,0.4903172866520788,0.493316464051928,0.5013698630136987,0.49803082191780823,5.533424507658643,5.503933109631993,0.00036551179656041377,-0.002999177399849229,-0.029491398026650018,36459,18528,0.32016785978770673,0.49181272113881347,0.0,0.1880194190734798,0.0,0.0,0.1880194190734798
0,10,1.0,0.32016785978770673,5.520347582037997,5.518719657697688,0.3203501094091904,0.31998459761263,0.49181272113881347,0.4903172866520788,0.493316464051928,0.5013698630136987,0.49803082191780823,5.533424507658643,5.503933109631993,0.00036551179656041377,-0.002999177399849229,-0.029491398026650018,36459,18528,0.32016785978770673,0.49181272113881347,0.0,0.1880194190734798,0.0,0.0,0.1880194190734798
0,11,1.0,0.32016785978770673,5.520347582037997,5.518719657697688,0.3203501094091904,0.31998459761263,0.49181272113881347,0.4903172866520788,0.493316464051928,0.5013698630136987,0.49803082191780823,5.533424507658643,5.503933109631993,0.00036551179656041377,-0.002999177399849229,-0.029491398026650018,36459,18528,0.32016785978770673,0.49181272113881347,0.0,0.1880194190734798,0.0,0.0,0.1880194190734798
0,12,1.0,0.32016785978770673,5.520347582037997,5.518719657697688,0.3203501094091904,0.31998459761263,0.49181272113881347,0.4903172866520788,0.493316464051928,0.5013698630136987,0.49803082191780823,5.533424507658643,5.503933109631993,0.00036551179656041377,-0.002999177399849229,-0.029491398026650018,36459,18528,0.32016785978770673,0.49181272113881347,0.0,0.1880194190734798,0.0,0.0,0.1880194190734798
0,13,1.0,0.32016785978770673,5.520347582037997,5.518719657697688,0.3203501094091904,0.31998459761263,0.49181272113881347,0.4903172866520788,0.493316464051928,0.5013698630136987,0.49803082191780823,5.533424507658643,5.503933109631993,0.00036551179656041377,-0.002999177399849229,-0.029491398026650018,36459,18528,0.32016785978770673,0.49181272113881347,0.0,0.1880194190734798,0.0,0.0,0.1880194190734798
1,0,0.695804794520548,0.2226694045174538,5.8780203476049175,6.0327446954141,0.22310800480506715,0.22222832354071714,0.48331279945242983,0.4844927377962215,0.48212618746911207,0.3498287671232877,0.34648972602739725,6.035055149066288,6.0304211740157045,0.0008796812643500074,0.002366550327109418,-0.004633975050583494,36525,18872,0.2226694045174538,0.48331279945242983,0.0,0.19707049965776866,0.09694729637234771,0.0,0.29401779603011635
1,1,0.7287671232876712,0.23318275154004106,5.8780203476049175,6.0327446954141,0.2338101998471115,0.23255175443413323,0.48331279945242983,0.4844927377962215,0.48212618746911207,0.3666095890410959,0.3625856164383562,6.035055149066288,6.0304211740157045,0.0012584454129782596,0.002366550327109418,-0.004633975050583494,36525,18872,0.23318275154004106,0.48331279945242983,0.0,0.19707049965776866,0.08643394934976044,0.0,0.2835044490075291
1,2,0.7537671232876713,0.2411772758384668,5.8780203476049175,6.0327446954141,0.241236212733428,0.24111800560101038,0.48331279945242983,0.4844927377962215,0.48212618746911207,0.37825342465753425,0.3759417808219178,6.035055149066288,6.0304211740157045,0.00011820713241761371,0.002366550327109418,-0.004633975050583494,36525,18872,0.2411772758384668,0.48331279945242983,0.0,0.19707049965776866,0.07843942505133471,0.0,0.27550992470910335
1,3,0.7773972602739726,0.24876112251882274,5.8780203476049175,6.0327446954141,0.2480069891885989,0.24951952116852452,0.48331279945242983,0.4844927377962215,0.48212618746911207,0.38886986301369864,0.38904109589041097,6.035055149066288,6.0304211740157045,-0.0015125319799256243,0.002366550327109418,-0.004633975050583494,36525,18872,0.24876112251882274,0.48331279945242983,0.0,0.19707049965776866,0.07085557837097878,0.0,0.26792607802874746
1,4,0.798972602739726,0.2556331279945243,5.8780203476049175,6.0327446954141,0.2548323686796986,0.25643841634177145,0.48331279945242983,0.4844927377962215,0.48212618746911207,0.39957191780821916,0.3998287671232877,6.035055149066288,6.0304211740157045,-0.0016060476620728403,0.002366550327109418,-0.004633975050583494,36525,18872,0.2556331279945243,0.48331279945242983,0.0,0.19707049965776866,0.0639835728952772,0.0,0.26105407255304586
1,5,0.8178082191780822,0.26168377823408623,5.8780203476049175,6.0327446954141,0.26045648138036476,0.26291801658338365,0.48331279945242983,0.4844927377962215,0.48212618746911207,0.4083904109589041,0.40993150684931506,6.035055149066288,6.0304211740157045,-0.002461535203018894,0.002366550327109418,-0.004633975050583494,36525,18872,0.26168377823408623,0.48331279945242983,0.0,0.19707049965776866,0.057932922655715265,0.0,0.25500342231348394
1,6,0.8552226027397261,0.2735660506502396,5.8780203476049175,6.0327446954141,0.2724145462487714,0.27472406787106696,0.48331279945242983,0.4844927377962215,0.48212618746911207,0.4271404109589041,0.42833904109589044,6.035055149066288,6.0304211740157045,-0.0023095216222955295,0.002366550327109418,-0.004633975050583494,36525,18872,0.2735660506502396,0.48331279945242983,0.0,0.19707049965776866,0.046050650239561945,0.0,0.2431211498973306
1,7,0.9498287671232877,0.30365503080082135,5.8780203476049175,6.0327446954141,0.30266462815332534,0.3046510350886827,0.48331279945242983,0.4844927377962215,0.48212618746911207,0.47457191780821917,0.475,6.035055149066288,6.0304211740157045,-0.0019864069353573433,0.002366550327109418,-0.004633975050583494,36525,18872,0.30365503080082135,0.48331279945242983,0.0,0.19707049965776866,0.01596167008898015,0.0,0.2130321697467488
1,8,0.9970034246575342,0.31854893908282,5.8780203476049175,6.0327446954141,0.3174620508900295,0.3196419746307177,0.48331279945242983,0.4844927377962215,0.48212618746911207,0.4977739726027397,0.4983732876712329,6.035055149066288,6.0304211740157045,-0.0021799237406882055,0.002366550327109418,-0.004633975050583494,36525,18872,0.31854893908282,0.48331279945242983,0.0,0.19707049965776866,0.0010677618069815196,0.0,0.19813826146475016
1,9,1.0,0.3196167008898015,5.8780203476049175,6.0327446954141,0.3187179207163918,0.32052056449398714,0.48331279945242983,0.4844927377962215,0.48212618746911207,0.4997431506849315,0.4997431506849315,6.035055149066288,6.0304211740157045,-0.0018026437775953141,0.002366550327109418,-0.004633975050583494,36525,18872,0.3196167008898015,0.48331279945242983,0.0,0.19707049965776866,0.0,0.0,0.19707049965776866
1,10,1.0,0.3196167008898015,5.8780203476049175,6.0327446954141,0.3187179207163918,0.32052056449398714,0.48331279945242983,0.4844927377962215,0.48212618746911207,0.4997431506849315,0.4997431506849315,6.035055149066288,6.0304211740157045,-0.0018026437775953141,0.002366550327109418,-0.004633975050583494,36525,18872,0.3196167008898015,0.48331279945242983,0.0,0.19707049965776866,0.0,0.0,0.19707049965776866
1,11,1.0,0.3196167008898015,5.8780203476049175,6.0327446954141,0.3187179207163918,0.32052056449398714,0.48331279945242983,0.4844927377962215,0.48212618746911207,0.4997431506849315,0.4997431506849315,6.035055149066288,6.0304211740157045,-0.0018026437775953141,0.002366550327109418,-0.004633975050583494,36525,18872,0.3196167008898015,0.48331279945242983,0.0,0.19707049965776866,0.0,0.0,0.19707049965776866
1,12,1.0,0.3196167008898015,5.8780203476049175,6.0327446954141,0.3187179207163918,0.32052056449398714,0.48331279945242983,0.4844927377962215,0.48212618746911207,0.4997431506849315,0.4997431506849315,6.035055149066288,6.0304211740157045,-0.0018026437775953141,0.002366550327109418,-0.004633975050583494,36525,18872,0.3196167008898015,0.48331279945242983,0.0,0.19707049965776866,0.0,0.0,0.19707049965776866
1,13,1.0,0.3196167008898015,5.8780203476049175,6.0327446954141,0.3187179207163918,0.32052056449398714,0.48331279945242983,0.4844927377962215,0.48212618746911207,0.4997431506849315,0.4997431506849315,6.035055149066288,6.0304211740157045,-0.0018026437775953141,0.002366550327109418,-0.004633975050583494,36525,18872,0.3196167008898015,0.48331279945242983,0.0,0.19707049965776866,0.0,0.0,0.19707049965776866
2,0,0.6946061643835616,0.22129265091863518,6.194306049822064,6.513260061242344,0.22153175252112292,0.22105205419340684,0.4622156605424322,0.4618697192695557,0.46256376501563273,0.34794520547945207,0.3450342465753425,6.5144180975742705,6.512094783610334,0.0004796983277160771,-0.00069404574607701,-0.0023233139639362577,36576,19670,0.22129265091863518,0.4622156605424322,0.0,0.21885936132983377,0.09763232720909887,0.0,0.3164916885389326
2,1,0.7268835616438356,0.2316272965879265,6.194306049822064,6.513260061242344,0.23188879803761242,0.23136415994734244,0.4622156605424322,0.4618697192695557,0.46256376501563273,0.3642123287671233,0.36113013698630136,6.5144180975742705,6.512094783610334,0.0005246380902699799,-0.00069404574607701,-0.0023233139639362577,36576,19670,0.2316272965879265,0.4622156605424322,0.0,0.21885936132983377,0.08729768153980752,0.0,0.3061570428696413
2,2,0.7542808219178082,0.24034886264216973,6.194306049822064,6.513260061242344,0.24017443445080403,0.2405243815479129,0.4622156605424322,0.4618697192695557,0.46256376501563273,0.3772260273972603,0.3754280821917808,6.5144180975742705,6.512094783610334,-0.00034994709710886585,-0.00069404574607701,-0.0023233139639362577,36576,19670,0.24034886264216973,0.4622156605424322,0.0,0.21885936132983377,0.0785761154855643,0.0,0.29743547681539806
2,3,0.778681506849315,0.248086176727909,6.194306049822064,6.513260061242344,0.24786045243935678,0.24831331248971533,0.4622156605424322,0.4618697192695557,0.46256376501563273,0.38929794520547945,0.38758561643835615,6.5144180975742705,6.512094783610334,-0.00045286005035855004,-0.00069404574607701,-0.0023233139639362577,36576,19670,0.248086176727909,0.4622156605424322,0.0,0.21885936132983377,0.07083880139982503,0.0,0.2896981627296588
2,4,0.8025684931506849,0.2556594488188976,6.194306049822064,6.513260061242344,0.25511038430089944,0.2562119466842192,0.4622156605424322,0.4618697192695557,0.46256376501563273,0.4006849315068493,0.3999143835616438,6.5144180975742705,6.512094783610334,-0.0011015623833197652,-0.00069404574607701,-0.0023233139639362577,36576,19670,0.2556594488188976,0.4622156605424322,0.0,0.21885936132983377,0.0632655293088364,0.0,0.2821248906386702
2,5,0.8224315068493151,0.26202974628171477,6.194306049822064,6.513260061242344,0.2613791223766694,0.2626844385936043,0.4622156605424322,0.4618697192695557,0.46256376501563273,0.4105308219178082,0.41001712328767126,6.5144180975742705,6.512094783610334,-0.0013053162169349153,-0.00069404574607701,-0.0023233139639362577,36576,19670,0.26202974628171477,0.4622156605424322,0.0,0.21885936132983377,0.056895231846019245,0.0,0.275754593175853
2,6,0.8382705479452055,0.2670877077865267,6.194306049822064,6.513260061242344,0.26590351594439904,0.2682793044813779,0.4622156605424322,0.4618697192695557,0.46256376501563273,0.41763698630136986,0.41875,6.5144180975742705,6.512094783610334,-0.00237578853697884,-0.00069404574607701,-0.0023233139639362577,36576,19670,0.2670877077865267,0.4622156605424322,0.0,0.21885936132983377,0.05183727034120735,0.0,0.27069663167104113
2,7,0.8940068493150685,0.2854877515310586,6.194306049822064,6.513260061242344,0.2846007086399564,0.2863803411771159,0.4622156605424322,0.4618697192695557,0.46256376501563273,0.44700342465753423,0.44700342465753423,6.5144180975742705,6.512094783610334,-0.0017796325371595145,-0.00069404574607701,-0.0023233139639362577,36576,19670,0.2854877515310586,0.4622156605424322,0.0,0.21885936132983377,0.03343722659667542,0.0,0.25229658792650916
2,8,0.9887842465753425,0.31539807524059493,6.194306049822064,6.513260061242344,0.3154538021259199,0.31534199989029676,0.4622156605424322,0.4618697192695557,0.46256376501563273,0.49546232876712326,0.49220890410958906,6.5144180975742705,6.512094783610334,0.0001118022356231263,-0.00069404574607701,-0.0023233139639362577,36576,19670,0.31539807524059493,0.4622156605424322,0.0,0.21885936132983377,0.0035269028871391076,0.0,0.22238626421697288
2,9,1.0,0.318924978127734,6.194306049822064,6.513260061242344,0.31910602343962935,0.3187428007240415,0.4622156605424322,0.4618697192695557,0.46256376501563273,0.5011986301369863,0.4975171232876712,6.5144180975742705,6.512094783610334,0.0003632227155878631,-0.00069404574607701,-0.0023233139639362577,36576,19670,0.318924978127734,0.4622156605424322,0.0,0.21885936132983377,0.0,0.0,0.21885936132983377
2,10,1.0,0.318924978127734,6.194306049822064,6.513260061242344,0.31910602343962935,0.3187428007240415,0.4622156605424322,0.4618697192695557,0.46256376501563273,0.5011986301369863,0.4975171232876712,6.5144180975742705,6.512094783610334,0.0003632227155878631,-0.00069404574607701,-0.0023233139639362577,36576,19670,0.318924978127734,0.4622156605424322,0.0,0.21885936132983377,0.0,0.0,0.21885936132983377
2,11,1.0,0.318924978127734,6.194306049822064,6.513260061242344,0.31910602343962935,0.3187428007240415,0.4622156605424322,0.4618697192695557,0.46256376501563273,0.5011986301369863,0.4975171232876712,6.5144180975742705,6.512094783610334,0.0003632227155878631,-0.00069404574607701,-0.0023233139639362577,36576,19670,0.318924978127734,0.4622156605424322,0.0,0.21885936132983377,0.0,0.0,0.21885936132983377
2,12,1.0,0.318924978127734,6.194306049822064,6.513260061242344,0.31910602343962935,0.3187428007240415,0.4622156605424322,0.4618697192695557,0.46256376501563273,0.5011986301369863,0.4975171232876712,6.5144180975742705,6.512094783610334,0.0003632227155878631,-0.00069404574607701,-0.0023233139639362577,36576,19670,0.318924978127734,0.4622156605424322,0.0,0.21885936132983377,0.0,0.0,0.21885936132983377
2,13,1.0,0.318924978127734,6.194306049822064,6.513260061242344,0.31910602343962935,0.3187428007240415,0.4622156605424322,0.4618697192695557,0.46256376501563273,0.5011986301369863,0.4975171232876712,6.5144180975742705,6.512094783610334,0.0003632227155878631,-0.00069404574607701,-0.0023233139639362577,36576,19670,0.318924978127734,0.4622156605424322,0.0,0.21885936132983377,0.0,0.0,0.21885936132983377
3,0,0.6941780821917808,0.2209740898655297,6.441784060928867,6.868973433912759,0.21831409660303047,0.22363030534768122,0.45094019897234067,0.4512882227449264,0.45059266947069426,0.34169520547945204,0.350513698630137,6.869700782232919,6.868247118588518,-0.005316208744650747,0.0006955532742321524,-0.0014536636444013595,36588,20089,0.2209740898655297,0.45094019897234067,0.0,0.23032141685798624,0.09776429430414343,0.0,0.32808571116212965
3,1,0.7265410958904109,0.23133267738056193,6.441784060928867,6.868973433912759,0.22898090914063782,0.23368110558802643,0.45094019897234067,0.4512882227449264,0.45059266947069426,0.3583904109589041,0.36626712328767125,6.869700782232919,6.868247118588518,-0.004700196447388616,0.0006955532742321524,-0.0014536636444013595,36588,20089,0.23133267738056193,0.45094019897234067,0.0,0.23032141685798624,0.08740570678911118,0.0,0.31772712364709743
3,2,0.7526541095890411,0.23964141248496776,6.441784060928867,6.868973433912759,0.2369673431431541,0.2423116840552794,0.45094019897234067,0.4512882227449264,0.45059266947069426,0.3708904109589041,0.3797945205479452,6.869700782232919,6.868247118588518,-0.005344340912125295,0.0006955532742321524,-0.0014536636444013595,36588,20089,0.23964141248496776,0.45094019897234067,0.0,0.23032141685798624,0.07909697168470536,0.0,0.3094183885426916
3,3,0.7785102739726028,0.24789548485842353,6.441784060928867,6.868973433912759,0.24539138996772605,0.2503960233790353,0.45094019897234067,0.4512882227449264,0.45059266947069426,0.3840753424657534,0.39246575342465756,6.869700782232919,6.868247118588518,-0.005004633411309273,0.0006955532742321524,-0.0014536636444013595,36588,20089,0.24789548485842353,0.45094019897234067,0.0,0.23032141685798624,0.0708428993112496,0.0,0.30116431616923584
3,4,0.8009417808219178,0.25508363397835354,6.441784060928867,6.868973433912759,0.2526667031344018,0.25749713224449666,0.45094019897234067,0.4512882227449264,0.45059266947069426,0.3954623287671233,0.4035958904109589,6.869700782232919,6.868247118588518,-0.004830429110094847,0.0006955532742321524,-0.0014536636444013595,36588,20089,0.25508363397835354,0.45094019897234067,0.0,0.23032141685798624,0.06365475019131955,0.0,0.2939761670493058
3,5,0.8221746575342466,0.2618891439816333,6.441784060928867,6.868973433912759,0.2598326130955637,0.2639427541377615,0.45094019897234067,0.4512882227449264,0.45059266947069426,0.4066780821917808,0.4136986301369863,6.869700782232919,6.868247118588518,-0.004110141042197812,0.0006955532742321524,-0.0014536636444013595,36588,20089,0.2618891439816333,0.45094019897234067,0.0,0.23032141685798624,0.056849240188039794,0.0,0.287170657046026
3,6,0.8414383561643836,0.2681206953099377,6.441784060928867,6.868973433912759,0.26590449100158636,0.2703337521166767,0.45094019897234067,0.4512882227449264,0.45059266947069426,0.41618150684931504,0.42371575342465756,6.869700782232919,6.868247118588518,-0.004429261115090344,0.0006955532742321524,-0.0014536636444013595,36588,20089,0.2681206953099377,0.45094019897234067,0.0,0.23032141685798624,0.05061768885973543,0.0,0.2809391057177217
3,7,0.8772260273972603,0.27916256696184544,6.441784060928867,6.868973433912759,0.27700891636124936,0.28131315890096686,0.45094019897234067,0.4512882227449264,0.45059266947069426,0.43356164383561646,0.4409246575342466,6.869700782232919,6.868247118588518,-0.004304242539717507,0.0006955532742321524,-0.0014536636444013595,36588,20089,0.27916256696184544,0.45094019897234067,0.0,0.23032141685798624,0.039575817207827706,0.0,0.26989723406581395
3,8,0.9696061643835616,0.3088990925986662,6.441784060928867,6.868973433912759,0.30621957223346646,0.31157480745070193,0.45094019897234067,0.4512882227449264,0.45059266947069426,0.47928082191780824,0.48835616438356166,6.869700782232919,6.868247118588518,-0.005355235217235466,0.0006955532742321524,-0.0014536636444013595,36588,20089,0.3088990925986662,0.45094019897234067,0.0,0.23032141685798624,0.009839291571006888,0.0,0.24016070842899312
3,9,0.9996575342465753,0.318629058707773,6.441784060928867,6.868973433912759,0.3154641430993928,0.32178947943409625,0.45094019897234067,0.4512882227449264,0.45059266947069426,0.49375,0.5043664383561643,6.869700782232919,6.868247118588518,-0.006325336334703446,0.0006955532742321524,-0.0014536636444013595,36588,20089,0.318629058707773,0.45094019897234067,0.0,0.23032141685798624,0.00010932546190007652,0.0,0.2304307423198863
3,10,1.0,0.3187383841696731,6.441784060928867,6.868973433912759,0.31557354630490675,0.32189872726279567,0.45094019897234067,0.4512882227449264,0.45059266947069426,0.4939212328767123,0.5045376712328767,6.869700782232919,6.868247118588518,-0.006325180957888921,0.0006955532742321524,-0.0014536636444013595,36588,20089,0.3187383841696731,0.45094019897234067,0.0,0.23032141685798624,0.0,0.0,0.23032141685798624
3,11,1.0,0.3187383841696731,6.441784060928867,6.868973433912759,0.31557354630490675,0.32189872726279567,0.45094019897234067,0.4512882227449264,0.45059266947069426,0.4939212328767123,0.5045376712328767,6.869700782232919,6.868247118588518,-0.006325180957888921,0.0006955532742321524,-0.0014536636444013595,36588,20089,0.3187383841696731,0.45094019897234067,0.0,0.23032141685798624,0.0,0.0,0.23032141685798624
3,12,1.0,0.3187383841696731,6.441784060928867,6.868973433912759,0.31557354630490675,0.32189872726279567,0.45094019897234067,0.4512882227449264,0.45059266947069426,0.4939212328767123,0.5045376712328767,6.869700782232919,6.868247118588518,-0.006325180957888921,0.0006955532742321524,-0.0014536636444013595,36588,20089,0.3187383841696731,0.45094019897234067,0.0,0.23032141685798624,0.0,0.0,0.23032141685798624
3,13,1.0,0.3187383841696731,6.441784060928867,6.868973433912759,0.31557354630490675,0.32189872726279567,0.45094019897234067,0.4512882227449264,0.45059266947069426,0.4939212328767123,0.5045376712328767,6.869700782232919,6.868247118588518,-0.006325180957888921,0.0006955532742321524,-0.0014536636444013595,36588,20089,0.3187383841696731,0.45094019897234067,0.0,0.23032141685798624,0.0,0.0,0.23032141685798624
4,0,0.7030821917808219,0.22526869927615706,6.757728951973556,7.279255319148936,0.2247663806765397,0.2257745006328069,0.4359508664180741,0.4374555986665938,0.43443570131513787,0.3521404109589041,0.35128424657534246,7.295535275151647,7.262862488306829,-0.001008119956267206,0.0030198973514559135,-0.03267278684481845,36472,20572,0.22526869927615706,0.4359508664180741,0.0,0.24361153761789867,0.09516889668787015,0.0,0.3387804343057688
4,1,0.7298801369863014,0.2338780434305769,6.757728951973556,7.279255319148936,0.23351002787037542,0.23424861057612942,0.4359508664180741,0.4374555986665938,0.43443570131513787,0.36583904109589044,0.36446917808219176,7.295535275151647,7.262862488306829,-0.0007385827057539984,0.0030198973514559135,-0.03267278684481845,36472,20572,0.2338780434305769,0.4359508664180741,0.0,0.24361153761789867,0.08655955253345032,0.0,0.330171090151349
4,2,0.7589041095890411,0.24314542662864663,6.757728951973556,7.279255319148936,0.24225367506421117,0.2440433610300996,0.4359508664180741,0.4374555986665938,0.43443570131513787,0.37953767123287674,0.379708904109589,7.295535275151647,7.262862488306829,-0.0017896859658884379,0.0030198973514559135,-0.03267278684481845,36472,20572,0.24314542662864663,0.4359508664180741,0.0,0.24361153761789867,0.07729216933538056,0.0,0.32090370695327924
4,3,0.7825342465753424,0.2506854573371353,6.757728951973556,7.279255319148936,0.24946718399912562,0.25191217740604194,0.4359508664180741,0.4374555986665938,0.43443570131513787,0.3908390410958904,0.39195205479452055,7.295535275151647,7.262862488306829,-0.0024449934069163126,0.0030198973514559135,-0.03267278684481845,36472,20572,0.2506854573371353,0.4359508664180741,0.0,0.24361153761789867,0.06975213862689186,0.0,0.3133636762447905
4,4,0.8048801369863013,0.25786905023031365,6.757728951973556,7.279255319148936,0.2564621017541942,0.2592857535904914,0.4359508664180741,0.4374555986665938,0.43443570131513787,0.40179794520547946,0.40342465753424656,7.295535275151647,7.262862488306829,-0.0028236518362971808,0.0030198973514559135,-0.03267278684481845,36472,20572,0.25786905023031365,0.4359508664180741,0.0,0.24361153761789867,0.06256854573371354,0.0,0.3061800833516122
4,5,0.8238869863013699,0.26392849309059,6.757728951973556,7.279255319148936,0.2628012459697251,0.2650635558245749,0.4359508664180741,0.4374555986665938,0.43443570131513787,0.4117294520547945,0.41241438356164384,7.295535275151647,7.262862488306829,-0.00226230985484982,0.0030198973514559135,-0.03267278684481845,36472,20572,0.26392849309059,0.4359508664180741,0.0,0.24361153761789867,0.056509102873437154,0.0,0.3001206404913358
4,6,0.8413527397260274,0.26949440666812896,6.757728951973556,7.279255319148936,0.2685392644406798,0.2704561712430529,0.4359508664180741,0.4374555986665938,0.43443570131513787,0.4207191780821918,0.4208047945205479,7.295535275151647,7.262862488306829,-0.0019169068023730529,0.0030198973514559135,-0.03267278684481845,36472,20572,0.26949440666812896,0.4359508664180741,0.0,0.24361153761789867,0.05094318929589822,0.0,0.29455472691379686
4,7,0.8608732876712328,0.2757731958762887,6.757728951973556,7.279255319148936,0.2738947483469042,0.2776646673636714,0.4359508664180741,0.4374555986665938,0.43443570131513787,0.4291095890410959,0.4320205479452055,7.295535275151647,7.262862488306829,-0.003769919016767209,0.0030198973514559135,-0.03267278684481845,36472,20572,0.2757731958762887,0.4359508664180741,0.0,0.24361153761789867,0.04466440008773854,0.0,0.2882759377056372
4,8,0.9290239726027397,0.2977900855450757,6.757728951973556,7.279255319148936,0.29630034428110824,0.29929015572552686,0.4359508664180741,0.4374555986665938,0.43443570131513787,0.46421232876712326,0.4656678082191781,7.295535275151647,7.262862488306829,-0.002989811444418622,0.0030198973514559135,-0.03267278684481845,36472,20572,0.2977900855450757,0.4359508664180741,0.0,0.24361153761789867,0.022647510418951525,0.0,0.2662590480368502
4,9,0.9924657534246575,0.31802478613731083,6.757728951973556,7.279255319148936,0.3155910159025083,0.32047543058383315,0.4359508664180741,0.4374555986665938,0.43443570131513787,0.4944349315068493,0.4986301369863014,7.295535275151647,7.262862488306829,-0.0048844146813248335,0.0030198973514559135,-0.03267278684481845,36472,20572,0.31802478613731083,0.4359508664180741,0.0,0.24361153761789867,0.002412809826716385,0.0,0.24602434744461504
4,10,0.9999143835616439,0.3204101776705418,6.757728951973556,7.279255319148936,0.31755833652112136,0.32328179166895943,0.4359508664180741,0.4374555986665938,0.43443570131513787,0.4975171232876712,0.5029965753424658,7.295535275151647,7.262862488306829,-0.0057234551478380635,0.0030198973514559135,-0.03267278684481845,36472,20572,0.3204101776705418,0.4359508664180741,0.0,0.24361153761789867,2.741829348541347e-05,0.0,0.24363895591138407
4,11,1.0,0.3204375959640272,6.757728951973556,7.279255319148936,0.31761298431608287,0.32328179166895943,0.4359508664180741,0.4374555986665938,0.43443570131513787,0.4976027397260274,0.5029965753424658,7.295535275151647,7.262862488306829,-0.005668807352876559,0.0030198973514559135,-0.03267278684481845,36472,20572,0.3204375959640272,0.4359508664180741,0.0,0.24361153761789867,0.0,0.0,0.24361153761789867
4,12,1.0,0.3204375959640272,6.757728951973556,7.279255319148936,0.31761298431608287,0.32328179166895943,0.4359508664180741,0.4374555986665938,0.43443570131513787,0.4976027397260274,0.5029965753424658,7.295535275151647,7.262862488306829,-0.005668807352876559,0.0030198973514559135,-0.03267278684481845,36472,20572,0.3204375959640272,0.4359508664180741,0.0,0.24361153761789867,0.0,0.0,0.24361153761789867
4,13,1.0,0.3204375959640272,6.757728951973556,7.279255319148936,0.31761298431608287,0.32328179166895943,0.4359508664180741,0.4374555986665938,0.43443570131513787,0.4976027397260274,0.5029965753424658,7.295535275151647,7.262862488306829,-0.005668807352876559,0.0030198973514559135,-0.03267278684481845,36472,20572,0.3204375959640272,0.4359508664180741,0.0,0.24361153761789867,0.0,0.0,0.24361153761789867
5,0,0.6999143835616438,0.22456429257581995,7.068823807274445,7.732098257170303,0.22489915455600376,0.22423383138837386,0.41896528063675037,0.4228877714538321,0.41509433962264153,0.348458904109589,0.35205479452054794,7.73454163673537,7.729686988766495,0.0006653231676299054,0.007793431831190578,-0.0048546479688749145,36435,21170,0.22456429257581995,0.41896528063675037,0.0,0.26010703993412926,0.0963633868533004,0.0,0.3564704267874297
5,1,0.7273972602739726,0.23334705640181144,7.068823807274445,7.732098257170303,0.23374039896115378,0.23295888319336897,0.41896528063675037,0.4228877714538321,0.41509433962264153,0.3621575342465753,0.36575342465753424,7.73454163673537,7.729686988766495,0.0007815157677848183,0.007793431831190578,-0.0048546479688749145,36435,21170,0.23334705640181144,0.41896528063675037,0.0,0.26010703993412926,0.0875806230273089,0.0,0.34768766296143816
5,2,0.7564212328767124,0.24259640455605874,7.068823807274445,7.732098257170303,0.24318947891915788,0.24201112444105136,0.41896528063675037,0.4228877714538321,0.41509433962264153,0.37679794520547943,0.37996575342465755,7.73454163673537,7.729686988766495,0.0011783544781065192,0.007793431831190578,-0.0048546479688749145,36435,21170,0.24259640455605874,0.41896528063675037,0.0,0.26010703993412926,0.07833127487306162,0.0,0.3384383148071909
5,3,0.7799657534246576,0.25011664608206396,7.068823807274445,7.732098257170303,0.25042824777587447,0.24980913949176572,0.41896528063675037,0.4228877714538321,0.41509433962264153,0.38801369863013696,0.39220890410958903,7.73454163673537,7.729686988766495,0.0006191082841087436,0.007793431831190578,-0.0048546479688749145,36435,21170,0.25011664608206396,0.41896528063675037,0.0,0.26010703993412926,0.0708110333470564,0.0,0.33091807328118567
5,4,0.8007705479452055,0.25675861122547,7.068823807274445,7.732098257170303,0.25728021218986574,0.2562438651979496,0.41896528063675037,0.4228877714538321,0.41509433962264153,0.39863013698630134,0.40231164383561646,7.73454163673537,7.729686988766495,0.0010363469919161261,0.007793431831190578,-0.0048546479688749145,36435,21170,0.25675861122547,0.41896528063675037,0.0,0.26010703993412926,0.06416906820365034,0.0,0.32427610813777963
5,5,0.8206335616438356,0.2631535611362701,7.068823807274445,7.732098257170303,0.2636901143835995,0.26262405933035227,0.41896528063675037,0.4228877714538321,0.41509433962264153,0.40856164383561644,0.4123287671232877,7.73454163673537,7.729686988766495,0.0010660550532472501,0.007793431831190578,-0.0048546479688749145,36435,21170,0.2631535611362701,0.41896528063675037,0.0,0.26010703993412926,0.05777411829285028,0.0,0.31788115822697954
5,6,0.8393835616438357,0.269164265129683,7.068823807274445,7.732098257170303,0.27015527435486547,0.26818627985603666,0.41896528063675037,0.4228877714538321,0.41509433962264153,0.4185787671232877,0.42106164383561645,7.73454163673537,7.729686988766495,0.0019689944988288133,0.007793431831190578,-0.0048546479688749145,36435,21170,0.269164265129683,0.41896528063675037,0.0,0.26010703993412926,0.05176341429943736,0.0,0.31187045423356663
5,7,0.8549657534246575,0.2742143543296281,7.068823807274445,7.732098257170303,0.2753495054428911,0.2730941214963464,0.41896528063675037,0.4228877714538321,0.41509433962264153,0.42662671232876714,0.42876712328767125,7.73454163673537,7.729686988766495,0.002255383946544731,0.007793431831190578,-0.0048546479688749145,36435,21170,0.2742143543296281,0.41896528063675037,0.0,0.26010703993412926,0.04671332509949225,0.0,0.30682036503362153
5,8,0.893236301369863,0.2860161932208042,7.068823807274445,7.732098257170303,0.28805879427529424,0.28400043625259025,0.41896528063675037,0.4228877714538321,0.41509433962264153,0.44631849315068495,0.4458904109589041,7.73454163673537,7.729686988766495,0.0040583580227039895,0.007793431831190578,-0.0048546479688749145,36435,21170,0.2860161932208042,0.41896528063675037,0.0,0.26010703993412926,0.03491148620831618,0.0,0.29501852614244545
5,9,0.9720890410958904,0.31118430080966103,7.068823807274445,7.732098257170303,0.3119854119467315,0.3103937179627004,0.41896528063675037,0.4228877714538321,0.41509433962264153,0.4833904109589041,0.48732876712328765,7.73454163673537,7.729686988766495,0.0015916939840311395,0.007793431831190578,-0.0048546479688749145,36435,21170,0.31118430080966103,0.41896528063675037,0.0,0.26010703993412926,0.00974337861945931,0.0,0.2698504185535886
5,10,0.9995719178082192,0.3207904487443392,7.068823807274445,7.732098257170303,0.3213239763496712,0.3202639328171011,0.41896528063675037,0.4228877714538321,0.41509433962264153,0.4978595890410959,0.5028253424657534,7.73454163673537,7.729686988766495,0.0010600435325701096,0.007793431831190578,-0.0048546479688749145,36435,21170,0.3207904487443392,0.41896528063675037,0.0,0.26010703993412926,0.00013723068478111705,0.0,0.26024427061891037
5,11,1.0,0.32092767942912037,7.068823807274445,7.732098257170303,0.3214344919047356,0.3204275275384448,0.41896528063675037,0.4228877714538321,0.41509433962264153,0.49803082191780823,0.5030821917808219,7.73454163673537,7.729686988766495,0.00100696436629083,0.007793431831190578,-0.0048546479688749145,36435,21170,0.32092767942912037,0.41896528063675037,0.0,0.26010703993412926,0.0,0.0,0.26010703993412926
5,12,1.0,0.32092767942912037,7.068823807274445,7.732098257170303,0.3214344919047356,0.3204275275384448,0.41896528063675037,0.4228877714538321,0.41509433962264153,0.49803082191780823,0.5030821917808219,7.73454163673537,7.729686988766495,0.00100696436629083,0.007793431831190578,-0.0048546479688749145,36435,21170,0.32092767942912037,0.41896528063675037,0.0,0.26010703993412926,0.0,0.0,0.26010703993412926
5,13,1.0,0.32092767942912037,7.068823807274445,7.732098257170303,0.3214344919047356,0.3204275275384448,0.41896528063675037,0.4228877714538321,0.41509433962264153,0.49803082191780823,0.5030821917808219,7.73454163673537,7.729686988766495,0.00100696436629083,0.007793431831190578,-0.0048546479688749145,36435,21170,0.32092767942912037,0.41896528063675037,0.0,0.26010703993412926,0.0,0.0,0.26010703993412926
6,0,0.7021404109589041,0.2240056779406546,7.455304315919827,8.208309447765675,0.22394896123016522,0.22406253416420685,0.4048262495564109,0.40438409946016685,0.4052694872635837,0.35162671232876713,0.3509417808219178,8.21642401439555,8.20017492073904,-0.00011357293404162805,-0.0008853878034168483,-0.016249093656510283,36633,21803,0.2240056779406546,0.4048262495564109,0.0,0.27647203341249693,0.09469603909043758,0.0,0.3711680725029345
6,1,0.7310787671232877,0.23325962929598995,7.455304315919827,8.208309447765675,0.23300070887180327,0.23351918661856347,0.4048262495564109,0.40438409946016685,0.4052694872635837,0.36583904109589044,0.36575342465753424,8.21642401439555,8.20017492073904,-0.0005184777467601986,-0.0008853878034168483,-0.016249093656510283,36633,21803,0.23325962929598995,0.4048262495564109,0.0,0.27647203341249693,0.08544208773510223,0.0,0.36191412114759913
6,2,0.7578767123287671,0.24174924248628285,7.455304315919827,8.208309447765675,0.24177981351218714,0.2417185962610692,0.4048262495564109,0.40438409946016685,0.4052694872635837,0.3796232876712329,0.3785958904109589,8.21642401439555,8.20017492073904,6.12172511179343e-05,-0.0008853878034168483,-0.016249093656510283,36633,21803,0.24174924248628285,0.4048262495564109,0.0,0.27647203341249693,0.07695247454480933,0.0,0.35342450795730623
6,3,0.7831335616438356,0.24966560205279392,7.455304315919827,8.208309447765675,0.24903211734554773,0.2503006450202252,0.4048262495564109,0.40438409946016685,0.4052694872635837,0.39101027397260274,0.3920376712328767,8.21642401439555,8.20017492073904,-0.001268527674677472,-0.0008853878034168483,-0.016249093656510283,36633,21803,0.24966560205279392,0.4048262495564109,0.0,0.27647203341249693,0.06903611497829826,0.0,0.3455081483907952
6,4,0.806763698630137,0.25725438812000107,7.455304315919827,8.208309447765675,0.25677517858116583,0.25773477642943043,0.4048262495564109,0.40438409946016685,0.4052694872635837,0.4031678082191781,0.4036815068493151,8.21642401439555,8.20017492073904,-0.0009595978482646039,-0.0008853878034168483,-0.016249093656510283,36633,21803,0.25725438812000107,0.4048262495564109,0.0,0.27647203341249693,0.061447328911091094,0.0,0.33791936232358805
6,5,0.825,0.2630961155242541,7.455304315919827,8.208309447765675,0.26255521020775396,0.26363835137203456,0.4048262495564109,0.40438409946016685,0.4052694872635837,0.4122431506849315,0.41292808219178084,8.21642401439555,8.20017492073904,-0.0010831411642805988,-0.0008853878034168483,-0.016249093656510283,36633,21803,0.2630961155242541,0.4048262495564109,0.0,0.27647203341249693,0.0556056015068381,0.0,0.332077634919335
6,6,0.8419520547945205,0.2684737804711599,7.455304315919827,8.208309447765675,0.268062598833088,0.26888597354323823,0.4048262495564109,0.40438409946016685,0.4052694872635837,0.4208904109589041,0.4211472602739726,8.21642401439555,8.20017492073904,-0.0008233747101502598,-0.0008853878034168483,-0.016249093656510283,36633,21803,0.2684737804711599,0.4048262495564109,0.0,0.27647203341249693,0.0502279365599323,0.0,0.3266999699724292
6,7,0.8589041095890411,0.27379684983484837,7.455304315919827,8.208309447765675,0.27340640165766944,0.2741882584453919,0.4048262495564109,0.40438409946016685,0.4052694872635837,0.4292808219178082,0.42945205479452053,8.21642401439555,8.20017492073904,-0.000781856787722468,-0.0008853878034168483,-0.016249093656510283,36633,21803,0.27379684983484837,0.4048262495564109,0.0,0.27647203341249693,0.04490486719624382,0.0,0.32137690060874075
6,8,0.8741438356164384,0.278628558949581,7.455304315919827,8.208309447765675,0.27836850428049514,0.27888925330709524,0.4048262495564109,0.40438409946016685,0.4052694872635837,0.4370719178082192,0.43681506849315066,8.21642401439555,8.20017492073904,-0.000520749026600098,-0.0008853878034168483,-0.016249093656510283,36633,21803,0.278628558949581,0.4048262495564109,0.0,0.27647203341249693,0.040073158081511205,0.0,0.3165451914940081
6,9,0.9284246575342465,0.2955531897469495,7.455304315919827,8.208309447765675,0.29554501335950706,0.2955613862468569,0.4048262495564109,0.40438409946016685,0.4052694872635837,0.464041095890411,0.46292808219178083,8.21642401439555,8.20017492073904,-1.6372887349846987e-05,-0.0008853878034168483,-0.016249093656510283,36633,21803,0.2955531897469495,0.4048262495564109,0.0,0.27647203341249693,0.02314852728414271,0.0,0.2996205606966396
6,10,0.9920376712328767,0.3161084268282696,7.455304315919827,8.208309447765675,0.31637493865532473,0.31584125942932106,0.4048262495564109,0.40438409946016685,0.4052694872635837,0.49674657534246575,0.4946917808219178,8.21642401439555,8.20017492073904,0.0005336792260036693,-0.0008853878034168483,-0.016249093656510283,36633,21803,0.3161084268282696,0.4048262495564109,0.0,0.27647203341249693,0.0025932902028225915,0.0,0.2790653236153195
6,11,1.0,0.3187017170310922,7.455304315919827,8.208309447765675,0.31931948306886965,0.31808243139827264,0.4048262495564109,0.40438409946016685,0.4052694872635837,0.5013698630136987,0.49820205479452057,8.21642401439555,8.20017492073904,0.0012370516705970114,-0.0008853878034168483,-0.016249093656510283,36633,21803,0.3187017170310922,0.4048262495564109,0.0,0.27647203341249693,0.0,0.0,0.27647203341249693
6,12,1.0,0.3187017170310922,7.455304315919827,8.208309447765675,0.31931948306886965,0.31808243139827264,0.4048262495564109,0.40438409946016685,0.4052694872635837,0.5013698630136987,0.49820205479452057,8.21642401439555,8.20017492073904,0.0012370516705970114,-0.0008853878034168483,-0.016249093656510283,36633,21803,0.3187017170310922,0.4048262495564109,0.0,0.27647203341249693,0.0,0.0,0.27647203341249693
6,13,1.0,0.3187017170310922,7.455304315919827,8.208309447765675,0.31931948306886965,0.31808243139827264,0.4048262495564109,0.40438409946016685,0.4052694872635837,0.5013698630136987,0.49820205479452057,8.21642401439555,8.20017492073904,0.0012370516705970114,-0.0008853878034168483,-0.016249093656510283,36633,21803,0.3187017170310922,0.4048262495564109,0.0,0.27647203341249693,0.0,0.0,0.27647203341249693
7,0,0.693236301369863,0.22218567552010526,7.715901976567391,8.556807280103062,0.22360557768924302,0.22079191787518332,0.3870569854452759,0.38778220451527223,0.3863451197653577,0.3459760273972603,0.3480308219178082,8.576969898185038,8.537015914399001,0.0028136598140597047,0.0014370847499145523,-0.03995398378603632,36483,22362,0.22218567552010526,0.3870569854452759,0.0,0.2926020338239728,0.09815530521064605,0.0,0.39075733903461884
7,1,0.7225171232876713,0.23153249458651975,7.715901976567391,8.556807280103062,0.23218238158477203,0.2308945738960404,0.3870569854452759,0.38778220451527223,0.3863451197653577,0.35924657534246573,0.3639554794520548,8.576969898185038,8.537015914399001,0.0012878076887316292,0.0014370847499145523,-0.03995398378603632,36483,22362,0.23153249458651975,0.3870569854452759,0.0,0.2926020338239728,0.08880848614423156,0.0,0.38141051996820435
7,2,0.7531678082191781,0.24129046405175014,7.715901976567391,8.556807280103062,0.241091190792386,0.24148606811145512,0.3870569854452759,0.38778220451527223,0.3863451197653577,0.37303082191780823,0.38065068493150683,8.576969898185038,8.537015914399001,-0.00039487731906912016,0.0014370847499145523,-0.03995398378603632,36483,22362,0.24129046405175014,0.3870569854452759,0.0,0.2926020338239728,0.07905051667900118,0.0,0.37165255050297397
7,3,0.7749143835616439,0.24833484088479565,7.715901976567391,8.556807280103062,0.24822930500221338,0.2484384335451632,0.3870569854452759,0.38778220451527223,0.3863451197653577,0.3840753424657534,0.3916095890410959,8.576969898185038,8.537015914399001,-0.00020912854294982686,0.0014370847499145523,-0.03995398378603632,36483,22362,0.24833484088479565,0.3870569854452759,0.0,0.2926020338239728,0.07200613984595565,0.0,0.3646081736699285
7,4,0.7975171232876712,0.2555162678507798,7.715901976567391,8.556807280103062,0.25575475874280656,0.25528216826896966,0.3870569854452759,0.38778220451527223,0.3863451197653577,0.39571917808219176,0.4023972602739726,8.576969898185038,8.537015914399001,0.0004725904738369091,0.0014370847499145523,-0.03995398378603632,36483,22362,0.2555162678507798,0.3870569854452759,0.0,0.2926020338239728,0.06482471287997149,0.0,0.3574267467039443
7,5,0.8178082191780822,0.26198503412548313,7.715901976567391,8.556807280103062,0.26228419654714474,0.2616913801531693,0.3870569854452759,0.38778220451527223,0.3863451197653577,0.4058219178082192,0.4125,8.576969898185038,8.537015914399001,0.0005928163939754594,0.0014370847499145523,-0.03995398378603632,36483,22362,0.26198503412548313,0.3870569854452759,0.0,0.2926020338239728,0.05835594660526821,0.0,0.35095798042924103
7,6,0.8356164383561644,0.2676863196557301,7.715901976567391,8.556807280103062,0.2669876051350155,0.26837216881212317,0.3870569854452759,0.38778220451527223,0.3863451197653577,0.4130993150684932,0.4230308219178082,8.576969898185038,8.537015914399001,-0.001384563677107653,0.0014370847499145523,-0.03995398378603632,36483,22362,0.2676863196557301,0.3870569854452759,0.0,0.2926020338239728,0.052654661075021245,0.0,0.3452566948989941
7,7,0.8529965753424658,0.27319573499986294,7.715901976567391,8.556807280103062,0.2722996901283754,0.2740752810819619,0.3870569854452759,0.38778220451527223,0.3863451197653577,0.4213184931506849,0.4320205479452055,8.576969898185038,8.537015914399001,-0.0017755909535864811,0.0014370847499145523,-0.03995398378603632,36483,22362,0.27319573499986294,0.3870569854452759,0.0,0.2926020338239728,0.04714524573088836,0.0,0.33974727955486117
7,8,0.8664383561643836,0.27747169914754816,7.715901976567391,8.556807280103062,0.27656042496679945,0.2783661941230786,0.3870569854452759,0.38778220451527223,0.3863451197653577,0.4279109589041096,0.4387842465753425,8.576969898185038,8.537015914399001,-0.001805769156279169,0.0014370847499145523,-0.03995398378603632,36483,22362,0.27747169914754816,0.3870569854452759,0.0,0.2926020338239728,0.042869281583203134,0.0,0.33547131540717595
7,9,0.8917808219178082,0.28528355672505,7.715901976567391,8.556807280103062,0.283643204957946,0.2868937048503612,0.3870569854452759,0.38778220451527223,0.3863451197653577,0.4388698630136986,0.45222602739726026,8.576969898185038,8.537015914399001,-0.003250499892415215,0.0014370847499145523,-0.03995398378603632,36483,22362,0.28528355672505,0.3870569854452759,0.0,0.2926020338239728,0.03505742400570128,0.0,0.3276594578296741
7,10,0.9738013698630137,0.31173423238220543,7.715901976567391,8.556807280103062,0.30848826914563965,0.31492042800499703,0.3870569854452759,0.38778220451527223,0.3863451197653577,0.4773116438356164,0.4964041095890411,8.576969898185038,8.537015914399001,-0.006432158859357384,0.0014370847499145523,-0.03995398378603632,36483,22362,0.31173423238220543,0.3870569854452759,0.0,0.2926020338239728,0.008606748348545898,0.0,0.30120878217251873
7,11,0.9997431506849315,0.32025875065098813,7.715901976567391,8.556807280103062,0.31712040725984947,0.3233393080223779,0.3870569854452759,0.38778220451527223,0.3863451197653577,0.4906678082191781,0.5096746575342466,8.576969898185038,8.537015914399001,-0.0062189007625284565,0.0014370847499145523,-0.03995398378603632,36483,22362,0.32025875065098813,0.3870569854452759,0.0,0.2926020338239728,8.223007976317738e-05,0.0,0.292684263903736
7,12,1.0,0.3203409807307513,7.715901976567391,8.556807280103062,0.31712040725984947,0.32350225408723043,0.3870569854452759,0.38778220451527223,0.3863451197653577,0.4906678082191781,0.5099315068493151,8.576969898185038,8.537015914399001,-0.006381846827380966,0.0014370847499145523,-0.03995398378603632,36483,22362,0.3203409807307513,0.3870569854452759,0.0,0.2926020338239728,0.0,0.0,0.2926020338239728
7,13,1.0,0.3203409807307513,7.715901976567391,8.556807280103062,0.31712040725984947,0.32350225408723043,0.3870569854452759,0.38778220451527223,0.3863451197653577,0.4906678082191781,0.5099315068493151,8.576969898185038,8.537015914399001,-0.006381846827380966,0.0014370847499145523,-0.03995398378603632,36483,22362,0.3203409807307513,0.3870569854452759,0.0,0.2926020338239728,0.0,0.0,0.2926020338239728
8,0,0.7037671232876712,0.225314650799309,8.009992614154756,8.90921056239546,0.22451669595782073,0.226110289688407,0.36886122460171655,0.3681348857644991,0.36958545534198567,0.35,0.35351027397260276,8.896309314586995,8.92207436613548,-0.0015935937305862624,-0.0014505695774865712,0.025765051548484408,36469,23017,0.225314650799309,0.36886122460171655,0.0,0.31070224025884996,0.09487509939948997,0.0002467849406345115,0.4058241245989745
8,1,0.7338184931506849,0.23491184293509557,8.009992614154756,8.90921056239546,0.23385325131810195,0.2359673621378895,0.36886122460171655,0.3681348857644991,0.36958545534198567,0.36455479452054795,0.3689212328767123,8.896309314586995,8.92207436613548,-0.0021141108197875458,-0.0014505695774865712,0.025765051548484408,36469,23017,0.23491184293509557,0.36886122460171655,0.0,0.31070224025884996,0.08527790726370342,0.0002467849406345115,0.3962269324631879
8,2,0.7599315068493151,0.24330253091666895,8.009992614154756,8.90921056239546,0.24291520210896309,0.2436887355566508,0.36886122460171655,0.3681348857644991,0.36958545534198567,0.37868150684931506,0.3809931506849315,8.896309314586995,8.92207436613548,-0.0007735334476877131,-0.0014505695774865712,0.025765051548484408,36469,23017,0.24330253091666895,0.36886122460171655,0.0,0.31070224025884996,0.07688721928213003,0.0002467849406345115,0.3878362444816145
8,3,0.7834760273972603,0.2508157613315419,8.009992614154756,8.90921056239546,0.25054920913884005,0.25108153989376264,0.36886122460171655,0.3681348857644991,0.36958545534198567,0.39058219178082193,0.3925513698630137,8.896309314586995,8.92207436613548,-0.0005323307549225942,-0.0014505695774865712,0.025765051548484408,36469,23017,0.2508157613315419,0.36886122460171655,0.0,0.31070224025884996,0.06937398886725712,0.0002467849406345115,0.3803230140667416
8,4,0.8063356164383562,0.25802736570786144,8.009992614154756,8.90921056239546,0.25785369068541303,0.2582005366628334,0.36886122460171655,0.3681348857644991,0.36958545534198567,0.4019691780821918,0.4036815068493151,8.896309314586995,8.92207436613548,-0.0003468459774203514,-0.0014505695774865712,0.025765051548484408,36469,23017,0.25802736570786144,0.36886122460171655,0.0,0.31070224025884996,0.06216238449093751,0.0002467849406345115,0.373111409690422
8,5,0.8230308219178082,0.26334695220598314,8.009992614154756,8.90921056239546,0.2633457820738137,0.26334811894200755,0.36886122460171655,0.3681348857644991,0.36958545534198567,0.4105308219178082,0.4117294520547945,8.896309314586995,8.92207436613548,-2.3368681938418234e-06,-0.0014505695774865712,0.025765051548484408,36469,23017,0.26334695220598314,0.36886122460171655,0.0,0.31070224025884996,0.056842797992815816,0.0002467849406345115,0.3677918231923003
8,6,0.8417808219178082,0.26943431407496776,8.009992614154756,8.90921056239546,0.26988137082601055,0.26898855484365586,0.36886122460171655,0.3681348857644991,0.36958545534198567,0.4207191780821918,0.42054794520547945,8.896309314586995,8.92207436613548,0.0008928159823546888,-0.0014505695774865712,0.025765051548484408,36469,23017,0.26943431407496776,0.36886122460171655,0.0,0.31070224025884996,0.050755436123831196,0.0002467849406345115,0.3617044613233157
8,7,0.8559931506849315,0.27395870465326716,8.009992614154756,8.90921056239546,0.27389059753954303,0.27402661409561363,0.36886122460171655,0.3681348857644991,0.36958545534198567,0.42696917808219176,0.4284246575342466,8.896309314586995,8.92207436613548,-0.00013601655607059504,-0.0014505695774865712,0.025765051548484408,36469,23017,0.27395870465326716,0.36886122460171655,0.0,0.31070224025884996,0.04623104554553182,0.0002467849406345115,0.35718007074501634
8,8,0.8718321917808219,0.2790589267597137,8.009992614154756,8.90921056239546,0.2789433216168717,0.2791741963747878,0.36886122460171655,0.3681348857644991,0.36958545534198567,0.4348458904109589,0.43647260273972605,8.896309314586995,8.92207436613548,-0.00023087475791611078,-0.0014505695774865712,0.025765051548484408,36469,23017,0.2790589267597137,0.36886122460171655,0.0,0.31070224025884996,0.04113082343908525,0.0002467849406345115,0.3520798486385697
8,9,0.8875856164383562,0.2841865694151197,8.009992614154756,8.90921056239546,0.28383128295254834,0.2845408247083949,0.36886122460171655,0.3681348857644991,0.36958545534198567,0.44246575342465755,0.4448630136986301,8.896309314586995,8.92207436613548,-0.0007095417558465877,-0.0014505695774865712,0.025765051548484408,36469,23017,0.2841865694151197,0.36886122460171655,0.0,0.31070224025884996,0.03600318078367929,0.0002467849406345115,0.3469522059831638
8,10,0.9401541095890411,0.30129699196577914,8.009992614154756,8.90921056239546,0.30069200351493847,0.3019002245222058,0.36886122460171655,0.3681348857644991,0.36958545534198567,0.46875,0.47200342465753425,8.896309314586995,8.92207436613548,-0.0012082210072673072,-0.0014505695774865712,0.025765051548484408,36469,23017,0.30129699196577914,0.36886122460171655,0.0,0.31070224025884996,0.018892758233019825,0.0002467849406345115,0.3298417834325043
8,11,0.9946917808219178,0.3184896761633168,8.009992614154756,8.90921056239546,0.31766256590509667,0.3193143858496249,0.36886122460171655,0.3681348857644991,0.36958545534198567,0.4952054794520548,0.4992294520547945,8.896309314586995,8.92207436613548,-0.0016518199445282322,-0.0014505695774865712,0.025765051548484408,36469,23017,0.3184896761633168,0.36886122460171655,0.0,0.31070224025884996,0.0017000740354821903,0.0002467849406345115,0.3126490992349667
8,12,1.0,0.320189750198799,8.009992614154756,8.90921056239546,0.31947495606326887,0.32090246974426373,0.36886122460171655,0.3681348857644991,0.36958545534198567,0.49803082191780823,0.5017123287671232,8.896309314586995,8.92207436613548,-0.001427513680994863,-0.0014505695774865712,0.025765051548484408,36469,23017,0.320189750198799,0.36886122460171655,0.0,0.31070224025884996,0.0,0.0002467849406345115,0.3109490251994845
8,13,1.0,0.320189750198799,8.009992614154756,8.90921056239546,0.31947495606326887,0.32090246974426373,0.36886122460171655,0.3681348857644991,0.36958545534198567,0.49803082191780823,0.5017123287671232,8.896309314586995,8.92207436613548,-0.001427513680994863,-0.0014505695774865712,0.025765051548484408,36469,23017,0.320189750198799,0.36886122460171655,0.0,0.31070224025884996,0.0,0.0002467849406345115,0.3109490251994845
9,0,0.7014554794520548,0.2239817762652322,8.239743040685225,9.203727083104623,0.22594211720436058,0.2220528178600599,0.3591502909210671,0.3592496264733551,0.3590525456030493,0.34957191780821917,0.34914383561643836,9.191909689557855,9.215355295398856,0.003889299344300684,0.00019708087030584354,0.023445605841001083,36436,23350,0.2239817762652322,0.3591502909210671,0.0,0.32058952684158526,0.09597650675156438,0.0003018992205511033,0.4168679328137007
9,1,0.73125,0.23350532440443517,8.239743040685225,9.203727083104623,0.23446405843616844,0.2325619384699156,0.3591502909210671,0.3592496264733551,0.3590525456030493,0.3627568493150685,0.3656678082191781,9.191909689557855,9.215355295398856,0.0019021199662528354,0.00019708087030584354,0.023445605841001083,36436,23350,0.23350532440443517,0.3591502909210671,0.0,0.32058952684158526,0.0864529586123614,0.0003018992205511033,0.40734438467449774
9,2,0.7573630136986301,0.24201339334723898,8.239743040685225,9.203727083104623,0.2427093132643462,0.24132861421181595,0.3591502909210671,0.3592496264733551,0.3590525456030493,0.375513698630137,0.37945205479452054,9.191909689557855,9.215355295398856,0.0013806990525302432,0.00019708087030584354,0.023445605841001083,36436,23350,0.24201339334723898,0.3591502909210671,0.0,0.32058952684158526,0.07794488966955758,0.0003018992205511033,0.3988363157316939
9,3,0.7806506849315068,0.24953342847733012,8.239743040685225,9.203727083104623,0.2493497869514692,0.24971413013885108,0.3591502909210671,0.3592496264733551,0.3590525456030493,0.3857876712328767,0.39263698630136984,9.191909689557855,9.215355295398856,-0.000364343187381877,0.00019708087030584354,0.023445605841001083,36436,23350,0.24953342847733012,0.3591502909210671,0.0,0.32058952684158526,0.07042485453946647,0.0003018992205511033,0.3913162806016028
9,4,0.7997431506849315,0.25568119442309806,8.239743040685225,9.203727083104623,0.2562116097614963,0.25515927035121155,0.3591502909210671,0.3592496264733551,0.3590525456030493,0.3964041095890411,0.4011986301369863,9.191909689557855,9.215355295398856,0.0010523394102847639,0.00019708087030584354,0.023445605841001083,36436,23350,0.25568119442309806,0.3591502909210671,0.0,0.32058952684158526,0.06427708859369854,0.0003018992205511033,0.3851685146558349
9,5,0.8196061643835616,0.26207596882204415,8.239743040685225,9.203727083104623,0.2627414088871673,0.2614211815954261,0.3591502909210671,0.3592496264733551,0.3590525456030493,0.4065068493150685,0.4110445205479452,9.191909689557855,9.215355295398856,0.001320227291741194,0.00019708087030584354,0.023445605841001083,36436,23350,0.26207596882204415,0.3591502909210671,0.0,0.32058952684158526,0.05788231419475244,0.0003018992205511033,0.3787737402568888
9,6,0.8385273972602739,0.2681413986167527,8.239743040685225,9.203727083104623,0.26882850976703004,0.2674652872311462,0.3591502909210671,0.3592496264733551,0.3590525456030493,0.41592465753424657,0.42054794520547945,9.191909689557855,9.215355295398856,0.0013632225358838346,0.00019708087030584354,0.023445605841001083,36436,23350,0.2681413986167527,0.3591502909210671,0.0,0.32058952684158526,0.051816884400043915,0.0003018992205511033,0.3727083104621803
9,7,0.8534246575342466,0.27286200461082444,8.239743040685225,9.203727083104623,0.27419622599745447,0.27154914239041655,0.3591502909210671,0.3592496264733551,0.3590525456030493,0.4242294520547945,0.42696917808219176,9.191909689557855,9.215355295398856,0.0026470836070379145,0.00019708087030584354,0.023445605841001083,36436,23350,0.27286200461082444,0.3591502909210671,0.0,0.32058952684158526,0.047096278405972115,0.0003018992205511033,0.36798770446810847
9,8,0.8669520547945205,0.2771709298495993,8.239743040685225,9.203727083104623,0.27845719661335844,0.2759052545603049,0.3591502909210671,0.3592496264733551,0.3590525456030493,0.43082191780821916,0.43381849315068494,9.191909689557855,9.215355295398856,0.0025519420530535353,0.00019708087030584354,0.023445605841001083,36436,23350,0.2771709298495993,0.3591502909210671,0.0,0.32058952684158526,0.04278735316719728,0.0003018992205511033,0.3636787792293336
9,9,0.879708904109589,0.281232846635196,8.239743040685225,9.203727083104623,0.2825521553870843,0.2799346583174517,0.3591502909210671,0.3592496264733551,0.3590525456030493,0.43715753424657533,0.4401541095890411,9.191909689557855,9.215355295398856,0.0026174970696326016,0.00019708087030584354,0.023445605841001083,36436,23350,0.281232846635196,0.3591502909210671,0.0,0.32058952684158526,0.038725436381600614,0.0003018992205511033,0.359616862443737
9,10,0.9114726027397261,0.29182676473817104,8.239743040685225,9.203727083104623,0.2937856233744674,0.2898992649060713,0.3591502909210671,0.3592496264733551,0.3590525456030493,0.4545376712328767,0.4558219178082192,9.191909689557855,9.215355295398856,0.0038863584683960783,0.00019708087030584354,0.023445605841001083,36436,23350,0.29182676473817104,0.3591502909210671,0.0,0.32058952684158526,0.028131518278625534,0.0003018992205511033,0.34902294434076186
9,11,0.979708904109589,0.31419475244263917,8.239743040685225,9.203727083104623,0.3145924409274528,0.3138034304383338,0.3591502909210671,0.3592496264733551,0.3590525456030493,0.4867294520547945,0.49340753424657535,9.191909689557855,9.215355295398856,0.000789010489119002,0.00019708087030584354,0.023445605841001083,36436,23350,0.31419475244263917,0.3591502909210671,0.0,0.32058952684158526,0.005763530574157427,0.0003018992205511033,0.3266549566362938
9,12,0.9999143835616439,0.3199308376331101,8.239743040685225,9.203727083104623,0.32018150628078135,0.3196841818676831,0.3591502909210671,0.3592496264733551,0.3590525456030493,0.4953767123287671,0.5026541095890411,9.191909689557855,9.215355295398856,0.0004973244130982435,0.00019708087030584354,0.023445605841001083,36436,23350,0.3199308376331101,0.3591502909210671,0.0,0.32058952684158526,2.7445383686463937e-05,0.0003018992205511033,0.3209188714458228
9,13,1.0,0.3199582830167966,8.239743040685225,9.203727083104623,0.3202368435615074,0.3196841818676831,0.3591502909210671,0.3592496264733551,0.3590525456030493,0.49546232876712326,0.5026541095890411,9.191909689557855,9.215355295398856,0.0005526616938242856,0.00019708087030584354,0.023445605841001083,36436,23350,0.3199582830167966,0.3591502909210671,0.0,0.32058952684158526,0.0,0.0003018992205511033,0.32089142606213633
10,0,0.6902397260273972,0.22280983497618784,8.660375789823744,9.65353306013955,0.2219650630958285,0.22366297512382435,0.3339240225938642,0.33476607703752687,0.33307362680171404,0.34486301369863015,0.34409246575342467,9.664958395327051,9.641994546162836,-0.0016979120279958515,0.0016924502358128257,-0.022963849164215233,36116,24056,0.22280983497618784,0.3339240225938642,0.0,0.34206445896555543,0.10039871525085835,0.0008029682135341677,0.44326614242994794
10,1,0.7205479452054795,0.23261158489312217,8.660375789823744,9.65353306013955,0.23199426902518322,0.2332350158606489,0.3339240225938642,0.33476607703752687,0.33307362680171404,0.3604452054794521,0.3588184931506849,9.664958395327051,9.641994546162836,-0.0012407468354656837,0.0016924502358128257,-0.022963849164215233,36116,24056,0.23261158489312217,0.3339240225938642,0.0,0.34206445896555543,0.09059696533392403,0.0008029682135341677,0.4334643925130136
10,2,0.7466609589041096,0.24102890685568723,8.660375789823744,9.65353306013955,0.24070094230451314,0.24136012020702322,0.3339240225938642,0.33476607703752687,0.33307362680171404,0.37397260273972605,0.37131849315068494,9.664958395327051,9.641994546162836,-0.0006591779025100775,0.0016924502358128257,-0.022963849164215233,36116,24056,0.24102890685568723,0.3339240225938642,0.0,0.34206445896555543,0.08217964337135895,0.0008029682135341677,0.42504707055044855
10,3,0.7708904109589041,0.24892014619559197,8.660375789823744,9.65353306013955,0.24841571609632446,0.24942957315376482,0.3339240225938642,0.33476607703752687,0.33307362680171404,0.38595890410958905,0.38373287671232875,9.664958395327051,9.641994546162836,-0.001013857057440365,0.0016924502358128257,-0.022963849164215233,36116,24056,0.24892014619559197,0.3339240225938642,0.0,0.34206445896555543,0.0742884040314542,0.0008029682135341677,0.4171558312105438
10,4,0.7940068493150685,0.25642374570827337,8.660375789823744,9.65353306013955,0.2557998567256296,0.2570538149034448,0.3339240225938642,0.33476607703752687,0.33307362680171404,0.39743150684931505,0.3954623287671233,9.664958395327051,9.641994546162836,-0.0012539581778152065,0.0016924502358128257,-0.022963849164215233,36116,24056,0.25642374570827337,0.3339240225938642,0.0,0.34206445896555543,0.06678480451877285,0.0008029682135341677,0.40965223169786247
10,5,0.8151541095890411,0.26323513124377007,8.660375789823744,9.65353306013955,0.2624676255028379,0.2640102398575324,0.3339240225938642,0.33476607703752687,0.33307362680171404,0.40779109589041096,0.40616438356164386,9.664958395327051,9.641994546162836,-0.0015426143546944937,0.0016924502358128257,-0.022963849164215233,36116,24056,0.26323513124377007,0.3339240225938642,0.0,0.34206445896555543,0.05997341898327611,0.0008029682135341677,0.4028408461623657
10,6,0.8326198630136986,0.2689666629748588,8.660375789823744,9.65353306013955,0.26852923348211827,0.26940842562190437,0.3339240225938642,0.33476607703752687,0.33307362680171404,0.41720890410958905,0.4144691780821918,9.664958395327051,9.641994546162836,-0.0008791921397861002,0.0016924502358128257,-0.022963849164215233,36116,24056,0.2689666629748588,0.3339240225938642,0.0,0.34206445896555543,0.0542418872521874,0.0008029682135341677,0.397109314431277
10,7,0.848458904109589,0.27406135784693764,8.660375789823744,9.65353306013955,0.27387446960930184,0.2742500973899494,0.3339240225938642,0.33476607703752687,0.33307362680171404,0.425513698630137,0.42191780821917807,9.664958395327051,9.641994546162836,-0.0003756277806475361,0.0016924502358128257,-0.022963849164215233,36116,24056,0.27406135784693764,0.3339240225938642,0.0,0.34206445896555543,0.04914719238010854,0.0008029682135341677,0.39201461955919814
10,8,0.8623287671232877,0.2786022815372688,8.660375789823744,9.65353306013955,0.27861354493855733,0.27859090656130003,0.3339240225938642,0.33476607703752687,0.33307362680171404,0.4328767123287671,0.4285958904109589,9.664958395327051,9.641994546162836,2.2638377257300224e-05,0.0016924502358128257,-0.022963849164215233,36116,24056,0.2786022815372688,0.3339240225938642,0.0,0.34206445896555543,0.044606268689777386,0.0008029682135341677,0.387473695868867
10,9,0.8785958904109589,0.2837523535275224,8.660375789823744,9.65353306013955,0.28357304237615033,0.2839334409260393,0.3339240225938642,0.33476607703752687,0.33307362680171404,0.4405821917808219,0.43681506849315066,9.664958395327051,9.641994546162836,-0.0003603985498889517,0.0016924502358128257,-0.022963849164215233,36116,24056,0.2837523535275224,0.3339240225938642,0.0,0.34206445896555543,0.03945619669952376,0.0008029682135341677,0.38232362387861335
10,10,0.8896404109589041,0.28726880053162035,8.660375789823744,9.65353306013955,0.2872651126908029,0.28727252490400135,0.3339240225938642,0.33476607703752687,0.33307362680171404,0.44631849315068495,0.44195205479452054,9.664958395327051,9.641994546162836,-7.412213198443318e-06,0.0016924502358128257,-0.022963849164215233,36116,24056,0.28726880053162035,0.3339240225938642,0.0,0.34206445896555543,0.03593974969542585,0.0008029682135341677,0.3788071768745154
10,11,0.9394691780821918,0.30299590209325505,8.660375789823744,9.65353306013955,0.30297018790984737,0.3030218710000557,0.3339240225938642,0.33476607703752687,0.33307362680171404,0.47071917808219177,0.4661815068493151,9.664958395327051,9.641994546162836,-5.1683090208309856e-05,0.0016924502358128257,-0.022963849164215233,36116,24056,0.30299590209325505,0.3339240225938642,0.0,0.34206445896555543,0.020212648133791117,0.0008029682135341677,0.3630800753128807
10,12,0.9958904109589041,0.32179643371358957,8.660375789823744,9.65353306013955,0.3218162781727007,0.32177639267627584,0.3339240225938642,0.33476607703752687,0.33307362680171404,0.5,0.49503424657534245,9.664958395327051,9.641994546162836,3.988549642486294e-05,0.0016924502358128257,-0.022963849164215233,36116,24056,0.32179643371358957,0.3339240225938642,0.0,0.34206445896555543,0.0014121165134566398,0.0008029682135341677,0.34427954369254626
10,13,1.0,0.3232085502270462,8.660375789823744,9.65353306013955,0.3231939163498099,0.323223329066726,0.3339240225938642,0.33476607703752687,0.33307362680171404,0.5021404109589042,0.49726027397260275,9.664958395327051,9.641994546162836,-2.9412716916144e-05,0.0016924502358128257,-0.022963849164215233,36116,24056,0.3232085502270462,0.3339240225938642,0.0,0.34206445896555543,0.0,0.0008029682135341677,0.3428674271790896
11,0,0.7035102739726027,0.22554220841694383,9.01082625669095,10.047163551918612,0.2296971027216857,0.2213715229964197,0.31308747097202255,0.3101031837995917,0.3160839935730511,0.3583904109589041,0.34409246575342467,10.052088506317938,10.042218405451825,0.008325579725265986,-0.005980809773459439,-0.009870100866113063,36379,24847,0.22554220841694383,0.31130597322631187,0.005690095934467687,0.3623244179334231,0.09458753676571649,0.0005497677231369746,0.45746172242227656
11,1,0.7337328767123288,0.23519063195799775,9.01082625669095,10.047163551918612,0.23831211589113258,0.2320572844946296,0.31308747097202255,0.3101031837995917,0.3160839935730511,0.37183219178082194,0.36070205479452055,10.052088506317938,10.042218405451825,0.006254831396502986,-0.005980809773459439,-0.009870100866113063,36379,24847,0.23519063195799775,0.31130597322631187,0.005690095934467687,0.3623244179334231,0.08493911322466258,0.0005497677231369746,0.4478132988812227
11,2,0.7579623287671233,0.24291486846807223,9.01082625669095,10.047163551918612,0.24550043898156276,0.24031947122004957,0.31308747097202255,0.3101031837995917,0.3160839935730511,0.38304794520547947,0.3735445205479452,10.052088506317938,10.042218405451825,0.005180967761513194,-0.005980809773459439,-0.009870100866113063,36379,24847,0.24291486846807223,0.31130597322631187,0.005690095934467687,0.3623244179334231,0.07721487671458808,0.0005497677231369746,0.4400890623711482
11,3,0.7819349315068493,0.2507215701366173,9.01082625669095,10.047163551918612,0.25290825285338014,0.24852657670063344,0.31308747097202255,0.3101031837995917,0.3160839935730511,0.39460616438356166,0.3863013698630137,10.052088506317938,10.042218405451825,0.004381676152746705,-0.005980809773459439,-0.009870100866113063,36379,24847,0.2507215701366173,0.31130597322631187,0.005690095934467687,0.3623244179334231,0.06940817504604305,0.0005497677231369746,0.4322823607026032
11,4,0.8041095890410959,0.25781357376508424,9.01082625669095,10.047163551918612,0.26020632133450394,0.2554117323051501,0.31308747097202255,0.3101031837995917,0.3160839935730511,0.4059931506849315,0.39700342465753424,10.052088506317938,10.042218405451825,0.0047945890293538684,-0.005980809773459439,-0.009870100866113063,36379,24847,0.25781357376508424,0.31130597322631187,0.005690095934467687,0.3623244179334231,0.062316171417576074,0.0005497677231369746,0.42519035707413616
11,5,0.8256849315068493,0.26463069353198276,9.01082625669095,10.047163551918612,0.2672848990342406,0.26196640044064995,0.31308747097202255,0.3101031837995917,0.3160839935730511,0.4170376712328767,0.4071917808219178,10.052088506317938,10.042218405451825,0.005318498593590626,-0.005980809773459439,-0.009870100866113063,36379,24847,0.26463069353198276,0.31130597322631187,0.005690095934467687,0.3623244179334231,0.05549905165067759,0.0005497677231369746,0.4183732373072377
11,6,0.8453767123287671,0.2709255339619011,9.01082625669095,10.047163551918612,0.27310140474100086,0.26874139355549437,0.31308747097202255,0.3101031837995917,0.3160839935730511,0.42611301369863014,0.417722602739726,10.052088506317938,10.042218405451825,0.004360011185506496,-0.005980809773459439,-0.009870100866113063,36379,24847,0.2709255339619011,0.31130597322631187,0.005690095934467687,0.3623244179334231,0.04920421122075923,0.0005497677231369746,0.41207839687731934
11,7,0.8587328767123288,0.2751587454300558,9.01082625669095,10.047163551918612,0.27705223880597013,0.2732580556320573,0.31308747097202255,0.3101031837995917,0.3160839935730511,0.432277397260274,0.4247431506849315,10.052088506317938,10.042218405451825,0.003794183173912835,-0.005980809773459439,-0.009870100866113063,36379,24847,0.2751587454300558,0.31130597322631187,0.005690095934467687,0.3623244179334231,0.044970999752604525,0.0005497677231369746,0.40784518540916465
11,8,0.8742294520547945,0.2801891200967591,9.01082625669095,10.047163551918612,0.28199078138718175,0.2783806114018177,0.31308747097202255,0.3101031837995917,0.3160839935730511,0.4399828767123288,0.4327054794520548,10.052088506317938,10.042218405451825,0.0036101699853640645,-0.005980809773459439,-0.009870100866113063,36379,24847,0.2801891200967591,0.31130597322631187,0.005690095934467687,0.3623244179334231,0.03994062508590121,0.0005497677231369746,0.40281481074246134
11,9,0.8871575342465754,0.2843123780202864,9.01082625669095,10.047163551918612,0.2860513608428446,0.2825667860093638,0.31308747097202255,0.3101031837995917,0.3160839935730511,0.44631849315068495,0.4392123287671233,10.052088506317938,10.042218405451825,0.0034845748334808024,-0.005980809773459439,-0.009870100866113063,36379,24847,0.2843123780202864,0.31130597322631187,0.005690095934467687,0.3623244179334231,0.035817367162373895,0.0005497677231369746,0.398691552818934
11,10,0.8983732876712329,0.2878583798345199,9.01082625669095,10.047163551918612,0.2893437225636523,0.286367391903057,0.31308747097202255,0.3101031837995917,0.3160839935730511,0.4514554794520548,0.44511986301369866,10.052088506317938,10.042218405451825,0.0029763306605953277,-0.005980809773459439,-0.009870100866113063,36379,24847,0.2878583798345199,0.31130597322631187,0.005690095934467687,0.3623244179334231,0.03227136534814041,0.0005497677231369746,0.3951455510047005
11,11,0.9121575342465753,0.2923939635504,9.01082625669095,10.047163551918612,0.29428226514486394,0.290498485265767,0.31308747097202255,0.3101031837995917,0.3160839935730511,0.4591609589041096,0.45154109589041097,10.052088506317938,10.042218405451825,0.003783779879096949,-0.005980809773459439,-0.009870100866113063,36379,24847,0.2923939635504,0.31130597322631187,0.005690095934467687,0.3623244179334231,0.02773578163226037,0.0005497677231369746,0.39060996728882047
11,12,0.9761986301369863,0.3124604854448995,9.01082625669095,10.047163551918612,0.3149692712906058,0.3099421646929221,0.31308747097202255,0.3101031837995917,0.3160839935730511,0.4914383561643836,0.48176369863013696,10.052088506317938,10.042218405451825,0.005027106597683739,-0.005980809773459439,-0.009870100866113063,36379,24847,0.3124604854448995,0.31130597322631187,0.005690095934467687,0.3623244179334231,0.007669259737760796,0.0005497677231369746,0.3705434453943209
11,13,1.0,0.32012974518266035,9.01082625669095,10.047163551918612,0.3224868305531168,0.317763701459653,0.31308747097202255,0.3101031837995917,0.3160839935730511,0.5031678082191781,0.4939212328767123,10.052088506317938,10.042218405451825,0.004723129093463785,-0.005980809773459439,-0.009870100866113063,36379,24847,0.32012974518266035,0.31130597322631187,0.005690095934467687,0.3623244179334231,0.0,0.0005497677231369746,0.3628741856565601
12,0,0.7040239726027397,0.22430546051731218,9.384382851758794,10.405791386158137,0.22720104410245257,0.22137110106910615,0.28249908453283007,0.2805839906024501,0.2844416704493872,0.3577054794520548,0.34392123287671234,10.373944174078424,10.438095778483886,0.005829943033346413,-0.0038576798469370788,0.06415160440546153,36535,25472,0.22430546051731218,0.27450390036950867,0.028301628575338716,0.3775831394553168,0.0944299986314493,0.0008758724510743123,0.47288901053784044
12,1,0.7340753424657535,0.23391268646503352,9.384382851758794,10.405791386158137,0.23731578661156125,0.23046401410779235,0.28249908453283007,0.2805839906024501,0.2844416704493872,0.3736301369863014,0.35804794520547945,10.373944174078424,10.438095778483886,0.006851772503768894,-0.0038576798469370788,0.06415160440546153,36535,25472,0.23391268646503352,0.27450390036950867,0.028301628575338716,0.3775831394553168,0.08482277268372793,0.0008758724510743123,0.46328178459011904
12,2,0.7606164383561644,0.24237032982071985,9.384382851758794,10.405791386158137,0.24487465332535754,0.23983246996583268,0.28249908453283007,0.2805839906024501,0.2844416704493872,0.38553082191780824,0.3726027397260274,10.373944174078424,10.438095778483886,0.00504218335952486,-0.0038576798469370788,0.06415160440546153,36535,25472,0.24237032982071985,0.27450390036950867,0.028301628575338716,0.3775831394553168,0.0763651293280416,0.0008758724510743123,0.4548241412344327
12,3,0.7839897260273972,0.24984261666894758,9.384382851758794,10.405791386158137,0.25221599869487193,0.24743745178000662,0.28249908453283007,0.2805839906024501,0.2844416704493872,0.39708904109589044,0.3844178082191781,10.373944174078424,10.438095778483886,0.004778546914865317,-0.0038576798469370788,0.06415160440546153,36535,25472,0.24984261666894758,0.27450390036950867,0.028301628575338716,0.3775831394553168,0.06889284247981388,0.0008758724510743123,0.447351854386205
12,4,0.8058219178082192,0.25679485424934995,9.384382851758794,10.405791386158137,0.25857849801511773,0.2549873250303097,0.28249908453283007,0.2805839906024501,0.2844416704493872,0.4071061643835616,0.3961472602739726,10.373944174078424,10.438095778483886,0.0035911729848080443,-0.0038576798469370788,0.06415160440546153,36535,25472,0.25679485424934995,0.27450390036950867,0.028301628575338716,0.3775831394553168,0.06194060489941152,0.0008758724510743123,0.44039961680580264
12,5,0.8275684931506849,0.2637197208156562,9.384382851758794,10.405791386158137,0.2654304203599978,0.2619861126419046,0.28249908453283007,0.2805839906024501,0.2844416704493872,0.41789383561643834,0.4070205479452055,10.373944174078424,10.438095778483886,0.0034443077180932313,-0.0038576798469370788,0.06415160440546153,36535,25472,0.2637197208156562,0.27450390036950867,0.028301628575338716,0.3775831394553168,0.05501573833310524,0.0008758724510743123,0.4334747502394964
12,6,0.8451198630136987,0.2692486656630628,9.384382851758794,10.405791386158137,0.27075969329490457,0.2677174032844704,0.28249908453283007,0.2805839906024501,0.2844416704493872,0.4262842465753425,0.41592465753424657,10.373944174078424,10.438095778483886,0.0030422900104341566,-0.0038576798469370788,0.06415160440546153,36535,25472,0.2692486656630628,0.27450390036950867,0.028301628575338716,0.3775831394553168,0.04948679348569864,0.0008758724510743123,0.42794580539208976
12,7,0.8587328767123288,0.27365539893253044,9.384382851758794,10.405791386158137,0.2753820218608951,0.27190565413865314,0.28249908453283007,0.2805839906024501,0.2844416704493872,0.43356164383561646,0.4224315068493151,10.373944174078424,10.438095778483886,0.0034763677222419687,-0.0038576798469370788,0.06415160440546153,36535,25472,0.27365539893253044,0.27450390036950867,0.028301628575338716,0.3775831394553168,0.04508006021623101,0.0008758724510743123,0.42353907212262215
12,8,0.8731164383561644,0.2782537293006706,9.384382851758794,10.405791386158137,0.2808200554679428,0.2756530364818693,0.28249908453283007,0.2805839906024501,0.2844416704493872,0.4421232876712329,0.42825342465753424,10.373944174078424,10.438095778483886,0.005167018986073524,-0.0038576798469370788,0.06415160440546153,36535,25472,0.2782537293006706,0.27450390036950867,0.028301628575338716,0.3775831394553168,0.04048172984809087,0.0008758724510743123,0.418940741754482
12,9,0.8842465753424658,0.28167510606267965,9.384382851758794,10.405791386158137,0.2840284952961009,0.27929020169734375,0.28249908453283007,0.2805839906024501,0.2844416704493872,0.44717465753424657,0.4339041095890411,10.373944174078424,10.438095778483886,0.0047382935987571595,-0.0038576798469370788,0.06415160440546153,36535,25472,0.28167510606267965,0.27450390036950867,0.028301628575338716,0.3775831394553168,0.03706035308608184,0.0008758724510743123,0.415519364992473
12,10,0.8970034246575342,0.2859176132475708,9.384382851758794,10.405791386158137,0.28865082386209145,0.28314780116830157,0.28249908453283007,0.2805839906024501,0.2844416704493872,0.45445205479452055,0.4398972602739726,10.373944174078424,10.438095778483886,0.005503022693789883,-0.0038576798469370788,0.06415160440546153,36535,25472,0.2859176132475708,0.27450390036950867,0.028301628575338716,0.3775831394553168,0.03281784590119064,0.0008758724510743123,0.4112768578075818
12,11,0.9083047945205479,0.2894758450800602,9.384382851758794,10.405791386158137,0.2920767850345315,0.28684007494764685,0.28249908453283007,0.2805839906024501,0.2844416704493872,0.4598458904109589,0.4456335616438356,10.373944174078424,10.438095778483886,0.005236710086884644,-0.0038576798469370788,0.06415160440546153,36535,25472,0.2894758450800602,0.27450390036950867,0.028301628575338716,0.3775831394553168,0.029259614068701246,0.0008758724510743123,0.4077186259750924
12,12,0.9289383561643836,0.29599014643492544,9.384382851758794,10.405791386158137,0.29816738267442494,0.2937837539953709,0.28249908453283007,0.2805839906024501,0.2844416704493872,0.46943493150684934,0.4564212328767123,10.373944174078424,10.438095778483886,0.0043836286790540635,-0.0038576798469370788,0.06415160440546153,36535,25472,0.29599014643492544,0.27450390036950867,0.028301628575338716,0.3775831394553168,0.022745312713836046,0.0008758724510743123,0.4012043246202272
12,13,1.0,0.31873545914876145,9.384382851758794,10.405791386158137,0.3208983631518843,0.31654359087402184,0.28249908453283007,0.2805839906024501,0.2844416704493872,0.5052226027397261,0.4917808219178082,10.373944174078424,10.438095778483886,0.004354772277862462,-0.0038576798469370788,0.06415160440546153,36535,25472,0.31873545914876145,0.27450390036950867,0.028301628575338716,0.3775831394553168,0.0,0.0008758724510743123,0.37845901190639114
13,0,0.6982876712328767,0.2210632113655502,9.45594867807154,9.45594867807154,0.22037591936801962,0.22174666811138802,0.0,0.0,0.0,0.3463184931506849,0.35042808219178084,9.467413283558875,9.444487638003421,-0.0013707487433683996,0.0,-0.0229256455554534,36813,25720,0.2210632113655502,0.0,0.3013337679624046,0.3815771602423057,0.09523809523809523,0.0007877651916442561,0.4776030206720452
13,1,0.7273972602739726,0.23029907912965528,9.45594867807154,9.45594867807154,0.22909289022064833,0.23149853721963376,0.0,0.0,0.0,0.3600171232876712,0.36583904109589044,9.467413283558875,9.444487638003421,-0.0024056469989854334,0.0,-0.0229256455554534,36813,25720,0.23029907912965528,0.0,0.3013337679624046,0.3815771602423057,0.08600222747399017,0.0007877651916442561,0.4683671529079401
13,2,0.7516267123287671,0.2380409094613316,9.45594867807154,9.45594867807154,0.23731953146281667,0.23875826200021671,0.0,0.0,0.0,0.37294520547945204,0.37731164383561644,9.467413283558875,9.444487638003421,-0.0014387305374000403,0.0,-0.0229256455554534,36813,25720,0.2380409094613316,0.0,0.3013337679624046,0.3815771602423057,0.07826039714231385,0.0007877651916442561,0.4606253225762638
13,3,0.7769691780821918,0.24613587591340017,9.45594867807154,9.45594867807154,0.24472895668755107,0.24753494419763789,0.0,0.0,0.0,0.3845890410958904,0.3911815068493151,9.467413283558875,9.444487638003421,-0.002805987510086816,0.0,-0.0229256455554534,36813,25720,0.24613587591340017,0.0,0.3013337679624046,0.3815771602423057,0.07016543069024529,0.0007877651916442561,0.45253035612419523
13,4,0.7980308219178082,0.2527639692499932,9.45594867807154,9.45594867807154,0.2514846090983383,0.25403619026980173,0.0,0.0,0.0,0.3952054794520548,0.4014554794520548,9.467413283558875,9.444487638003421,-0.002551581171463424,0.0,-0.0229256455554534,36813,25720,0.2527639692499932,0.0,0.3013337679624046,0.3815771602423057,0.06353733735365225,0.0007877651916442561,0.4459022627876022
13,5,0.8198630136986301,0.25966370575611875,9.45594867807154,9.45594867807154,0.2582947425769545,0.26102502979737785,0.0,0.0,0.0,0.40590753424657533,0.4125,9.467413283558875,9.444487638003421,-0.002730287220423344,0.0,-0.0229256455554534,36813,25720,0.25966370575611875,0.0,0.3013337679624046,0.3815771602423057,0.05663760084752669,0.0007877651916442561,0.4390025262814767
13,6,0.8399828767123287,0.2660744845570858,9.45594867807154,9.45594867807154,0.2651048760555707,0.26703868241412937,0.0,0.0,0.0,0.4166095890410959,0.42200342465753427,9.467413283558875,9.444487638003421,-0.0019338063585586651,0.0,-0.0229256455554534,36813,25720,0.2660744845570858,0.0,0.3013337679624046,0.3815771602423057,0.05022682204655964,0.0007877651916442561,0.4325917474805096
13,7,0.8566780821917809,0.27137152636296963,9.45594867807154,9.45594867807154,0.27044402070280577,0.2722938563224618,0.0,0.0,0.0,0.425,0.4303082191780822,9.467413283558875,9.444487638003421,-0.001849835619656015,0.0,-0.0229256455554534,36813,25720,0.27137152636296963,0.0,0.3013337679624046,0.3815771602423057,0.04492978024067585,0.0007877651916442561,0.4272947056746258
13,8,0.8707191780821918,0.27585363866025586,9.45594867807154,9.45594867807154,0.27496594933260693,0.27673637447177374,0.0,0.0,0.0,0.43210616438356164,0.43732876712328766,9.467413283558875,9.444487638003421,-0.001770425139166809,0.0,-0.0229256455554534,36813,25720,0.27585363866025586,0.0,0.3013337679624046,0.3815771602423057,0.04044766794338956,0.0007877651916442561,0.4228125933773395
13,9,0.8840753424657535,0.28009127210496293,9.45594867807154,9.45594867807154,0.2786161808771452,0.2815581319752953,0.0,0.0,0.0,0.43784246575342467,0.4449486301369863,9.467413283558875,9.444487638003421,-0.0029419510981500974,0.0,-0.0229256455554534,36813,25720,0.28009127210496293,0.0,0.3013337679624046,0.3815771602423057,0.03621003449868253,0.0007877651916442561,0.4185749599326325
13,10,0.8957191780821918,0.28373129057669844,9.45594867807154,9.45594867807154,0.2822664124216835,0.28518799436558673,0.0,0.0,0.0,0.4435787671232877,0.4506849315068493,9.467413283558875,9.444487638003421,-0.0029215819439032398,0.0,-0.0229256455554534,36813,25720,0.28373129057669844,0.0,0.3013337679624046,0.3815771602423057,0.032570016026947,0.0007877651916442561,0.414934941460897
13,11,0.907277397260274,0.28731698041452747,9.45594867807154,9.45594867807154,0.28553527649141924,0.289088742008885,0.0,0.0,0.0,0.4487157534246575,0.45684931506849313,9.467413283558875,9.444487638003421,-0.0035534655174657703,0.0,-0.0229256455554534,36813,25720,0.28731698041452747,0.0,0.3013337679624046,0.3815771602423057,0.028984326189117976,0.0007877651916442561,0.41134925162306796
13,12,0.916095890410959,0.2901420693776655,9.45594867807154,9.45594867807154,0.28864069735766823,0.29163506338714923,0.0,0.0,0.0,0.4535958904109589,0.46087328767123287,9.467413283558875,9.444487638003421,-0.0029943660294809993,0.0,-0.0229256455554534,36813,25720,0.2901420693776655,0.0,0.3013337679624046,0.3815771602423057,0.026159237225979952,0.0007877651916442561,0.4085241626599299
13,13,1.0,0.31630130660364547,9.45594867807154,9.45594867807154,0.31364750749114684,0.3189402968902373,0.0,0.0,0.0,0.49289383561643835,0.5040239726027397,9.467413283558875,9.444487638003421,-0.005292789399090447,0.0,-0.0229256455554534,36813,25720,0.31630130660364547,0.0,0.3013337679624046,0.3815771602423057,0.0,0.0007877651916442561,0.38236492543394995
