balk_step,noshow_step,average_utilization,overall_percent_serviced,mean_accepted_booking_delay,mean_offered_booking_delay,class_1_percent_serviced,class_2_percent_serviced,overall_balking_rate,class_1_balking_rate,class_2_balking_rate,class_1_slot_utilization,class_2_slot_utilization,class_1_mean_offered_booking_delay,class_2_mean_offered_booking_delay,access_advantage_class_1,balking_rate_gap_class_1,delay_advantage_class_1,total_arrivals,total_booked,served_rate,balked_rate,no_offer_rate,canceled_rate,no_show_rate,unresolved_booked_rate,lost_after_booking_rate
0.0,0.0,1.0,0.31630130660364547,9.45594867807154,9.45594867807154,0.31364750749114684,0.3189402968902373,0.0,0.0,0.0,0.49289383561643835,0.5040239726027397,9.467413283558875,9.444487638003421,-0.005292789399090447,0.0,-0.0229256455554534,36813,25720,0.31630130660364547,0.0,0.3013337679624046,0.3815771602423057,0.0,0.0007877651916442561,0.38236492543394995
0.0,0.1,0.9482020547945206,0.3001113736995083,9.45594867807154,9.45594867807154,0.29812040315990196,0.3020912341532127,0.0,0.0,0.0,0.4684931506849315,0.4773972602739726,9.467413283558875,9.444487638003421,-0.003970830993310748,0.0,-0.0229256455554534,36813,25720,0.3001113736995083,0.0,0.3013337679624046,0.3815771602423057,0.016189932904137127,0.0007877651916442561,0.39855485833808707
0.0,0.2,0.8948630136986301,0.2833781544563062,9.45594867807154,9.45594867807154,0.28183056387905203,0.2849171091125799,0.0,0.0,0.0,0.44289383561643836,0.4502568493150685,9.467413283558875,9.444487638003421,-0.00308654523352786,0.0,-0.0229256455554534,36813,25720,0.2833781544563062,0.0,0.3013337679624046,0.3815771602423057,0.032923152147339256,0.0007877651916442561,0.4152880775812892
0.0,0.30000000000000004,0.8399828767123287,0.2660744845570858,9.45594867807154,9.45594867807154,0.2651048760555707,0.26703868241412937,0.0,0.0,0.0,0.4166095890410959,0.42200342465753427,9.467413283558875,9.444487638003421,-0.0019338063585586651,0.0,-0.0229256455554534,36813,25720,0.2660744845570858,0.0,0.3013337679624046,0.3815771602423057,0.05022682204655964,0.0007877651916442561,0.4325917474805096
0.0,0.4,0.7841609589041096,0.24817319968489393,9.45594867807154,9.45594867807154,0.24761645328248433,0.24872683931086792,0.0,0.0,0.0,0.3891267123287671,0.3930650684931507,9.467413283558875,9.444487638003421,-0.001110386028383592,0.0,-0.0229256455554534,36813,25720,0.24817319968489393,0.0,0.3013337679624046,0.3815771602423057,0.06812810691875153,0.0007877651916442561,0.4504930323527015
0.0,0.5,0.7332191780821918,0.23201043109771005,9.45594867807154,9.45594867807154,0.2321983110868973,0.23182359952324194,0.0,0.0,0.0,0.3648972602739726,0.3663527397260274,9.467413283558875,9.444487638003421,0.00037471156365537217,0.0,-0.0229256455554534,36813,25720,0.23201043109771005,0.0,0.3013337679624046,0.3815771602423057,0.0842908755059354,0.0007877651916442561,0.46665580093988535
0.0,0.6000000000000001,0.6805650684931507,0.21557601934099366,9.45594867807154,9.45594867807154,0.2151457368564424,0.2160039007476433,0.0,0.0,0.0,0.33809931506849317,0.3413527397260274,9.467413283558875,9.444487638003421,-0.0008581638912009137,0.0,-0.0229256455554534,36813,25720,0.21557601934099366,0.0,0.3013337679624046,0.3815771602423057,0.10072528726265179,0.0007877651916442561,0.48309021269660174
0.0,0.7000000000000001,0.6321917808219178,0.20014668731154756,9.45594867807154,9.45594867807154,0.20027240533914464,0.20002167082024055,0.0,0.0,0.0,0.3147260273972603,0.3160958904109589,9.467413283558875,9.444487638003421,0.0002507345189040888,0.0,-0.0229256455554534,36813,25720,0.20014668731154756,0.0,0.3013337679624046,0.3815771602423057,0.1161546192920979,0.0007877651916442561,0.49851954472604787
0.0,0.8,0.5804794520547946,0.18398391872436368,9.45594867807154,9.45594867807154,0.18425497139743938,0.1837143785892296,0.0,0.0,0.0,0.28955479452054794,0.2903253424657534,9.467413283558875,9.444487638003421,0.0005405928082097833,0.0,-0.0229256455554534,36813,25720,0.18398391872436368,0.0,0.3013337679624046,0.3815771602423057,0.13231738787928177,0.0007877651916442561,0.5146823133132318
0.0,0.9,0.5285102739726028,0.1674408496998343,9.45594867807154,9.45594867807154,0.16829201852356307,0.16659443059919818,0.0,0.0,0.0,0.2644691780821918,0.2632705479452055,9.467413283558875,9.444487638003421,0.0016975879243648906,0.0,-0.0229256455554534,36813,25720,0.1674408496998343,0.0,0.3013337679624046,0.3815771602423057,0.14886045690381117,0.0007877651916442561,0.5312253823377611
0.0,1.0,0.4717465753424658,0.14959389346154892,9.45594867807154,9.45594867807154,0.14938708798692454,0.14979954491277495,0.0,0.0,0.0,0.23476027397260274,0.2367294520547945,9.467413283558875,9.444487638003421,-0.00041245692585040183,0.0,-0.0229256455554534,36813,25720,0.14959389346154892,0.0,0.3013337679624046,0.3815771602423057,0.16670741314209656,0.0007877651916442561,0.5490723385760465
0.1,0.0,1.0,0.3188215681451723,9.454718891138452,9.645293215511575,0.31618651943366316,0.3214558968193245,0.06214854305119404,0.0635233918128655,0.06077630234933606,0.4952054794520548,0.5035958904109589,9.664546783625731,9.62607617101999,-0.005269377385661356,0.0027470894635294382,-0.038470612605740584,36591,25684,0.3188215681451723,0.04651417015113006,0.25156459238610585,0.3821158208302588,0.0,0.0009838484873329507,0.38309966931759176
0.1,0.1,0.9502568493150685,0.30305266322319696,9.454718891138452,9.645293215511575,0.2999508008527852,0.30615367799759535,0.06214854305119404,0.0635233918128655,0.06077630234933606,0.46977739726027395,0.47962328767123286,9.664546783625731,9.62607617101999,-0.006202877144810159,0.0027470894635294382,-0.038470612605740584,36591,25684,0.30305266322319696,0.04651417015113006,0.25156459238610585,0.3821158208302588,0.01576890492197535,0.0009838484873329507,0.3988685742395671
0.1,0.2,0.8962328767123288,0.28578065644557404,9.454718891138452,9.645293215511575,0.28305909364237686,0.2885014755711007,0.06214854305119404,0.0635233918128655,0.06077630234933606,0.44332191780821917,0.4519691780821918,9.664546783625731,9.62607617101999,-0.005442381928723816,0.0027470894635294382,-0.038470612605740584,36591,25684,0.28578065644557404,0.04651417015113006,0.25156459238610585,0.3821158208302588,0.03304091169959826,0.0009838484873329507,0.41614058101719004
0.1,0.30000000000000004,0.8420376712328768,0.268481320543303,9.454718891138452,9.645293215511575,0.26605805499371343,0.2709039239261121,0.06214854305119404,0.0635233918128655,0.06077630234933606,0.41669520547945205,0.42440068493150684,9.664546783625731,9.62607617101999,-0.004845868932398689,0.0027470894635294382,-0.038470612605740584,36591,25684,0.268481320543303,0.04651417015113006,0.25156459238610585,0.3821158208302588,0.05034024760186931,0.0009838484873329507,0.43343991691946104
0.1,0.4,0.7877568493150685,0.2510726681424394,9.454718891138452,9.645293215511575,0.24834636199639207,0.2537982293146792,0.06214854305119404,0.0635233918128655,0.06077630234933606,0.3889554794520548,0.3976027397260274,9.664546783625731,9.62607617101999,-0.005451867318287146,0.0027470894635294382,-0.038470612605740584,36591,25684,0.2510726681424394,0.04651417015113006,0.25156459238610585,0.3821158208302588,0.06774890000273291,0.0009838484873329507,0.4508485693203247
0.1,0.5,0.7365582191780822,0.23467519335355688,9.454718891138452,9.645293215511575,0.2328212977641721,0.23652858235872773,0.06214854305119404,0.0635233918128655,0.06077630234933606,0.3646404109589041,0.37054794520547946,9.664546783625731,9.62607617101999,-0.003707284594555632,0.0027470894635294382,-0.038470612605740584,36591,25684,0.23467519335355688,0.04651417015113006,0.25156459238610585,0.3821158208302588,0.08414637479161542,0.0009838484873329507,0.46724604410920717
0.1,0.6000000000000001,0.6799657534246575,0.21671995845973052,9.454718891138452,9.645293215511575,0.21423495326081016,0.2192042846212701,0.06214854305119404,0.0635233918128655,0.06077630234933606,0.3355308219178082,0.34340753424657533,9.664546783625731,9.62607617101999,-0.004969331360459933,0.0027470894635294382,-0.038470612605740584,36591,25684,0.21671995845973052,0.04651417015113006,0.25156459238610585,0.3821158208302588,0.10210160968544177,0.0009838484873329507,0.48520127900303356
0.1,0.7000000000000001,0.6249143835616439,0.19920198956027438,9.454718891138452,9.645293215511575,0.19772590608429455,0.20067766969067657,0.06214854305119404,0.0635233918128655,0.06077630234933606,0.30967465753424656,0.31438356164383563,9.664546783625731,9.62607617101999,-0.002951763606382024,0.0027470894635294382,-0.038470612605740584,36591,25684,0.19920198956027438,0.04651417015113006,0.25156459238610585,0.3821158208302588,0.11961957858489793,0.0009838484873329507,0.5027192479024897
0.1,0.8,0.5743150684931507,0.18324178076576209,9.454718891138452,9.645293215511575,0.18192751325643688,0.18455568914635478,0.06214854305119404,0.0635233918128655,0.06077630234933606,0.28493150684931506,0.28912671232876713,9.664546783625731,9.62607617101999,-0.0026281758899178997,0.0027470894635294382,-0.038470612605740584,36591,25684,0.18324178076576209,0.04651417015113006,0.25156459238610585,0.3821158208302588,0.13557978737941023,0.0009838484873329507,0.518679456697002
0.1,0.9,0.5206335616438356,0.16605176136208358,9.454718891138452,9.645293215511575,0.16476247745039085,0.1673406929719095,0.06214854305119404,0.0635233918128655,0.06077630234933606,0.25804794520547947,0.26215753424657534,9.664546783625731,9.62607617101999,-0.0025782155215186564,0.0027470894635294382,-0.038470612605740584,36591,25684,0.16605176136208358,0.04651417015113006,0.25156459238610585,0.3821158208302588,0.15276980678308874,0.0009838484873329507,0.5358694761006805
0.1,1.0,0.468236301369863,0.14935366620207155,9.454718891138452,9.645293215511575,0.14923741321817088,0.1494698874193901,0.06214854305119404,0.0635233918128655,0.06077630234933606,0.23373287671232876,0.2341609589041096,9.664546783625731,9.62607617101999,-0.00023247420121921825,0.0027470894635294382,-0.038470612605740584,36591,25684,0.14935366620207155,0.04651417015113006,0.25156459238610585,0.3821158208302588,0.16946790194310077,0.0009838484873329507,0.5525675712606926
0.2,0.0,1.0,0.3197846863671317,9.454389387436597,9.842544921408845,0.3231750921392816,0.31640432183403716,0.1261209042244877,0.1268396194126908,0.12540760869565218,0.5029965753424658,0.4939212328767123,9.843452666164692,9.84164402173913,0.006770770305244422,0.0014320107170386343,-0.001808644425562278,36412,25630,0.3197846863671317,0.101587388772932,0.1945237833681204,0.3834175546523124,0.0,0.0006865868395034604,0.3841041414918159
0.2,0.1,0.9446061643835616,0.3022629902230034,9.454389387436597,9.842544921408845,0.3056823807690192,0.29885372675917293,0.1261209042244877,0.1268396194126908,0.12540760869565218,0.47577054794520546,0.4665239726027397,9.843452666164692,9.84164402173913,0.00682865400984628,0.0014320107170386343,-0.001808644425562278,36412,25630,0.3022629902230034,0.101587388772932,0.1945237833681204,0.3834175546523124,0.01752169614412831,0.0006865868395034604,0.40162583763594417
0.2,0.2,0.8950342465753425,0.2863891024936834,9.454389387436597,9.842544921408845,0.28917982287254523,0.2836066472878846,0.1261209042244877,0.1268396194126908,0.12540760869565218,0.45008561643835615,0.442722602739726,9.843452666164692,9.84164402173913,0.005573175584660639,0.0014320107170386343,-0.001808644425562278,36412,25630,0.2863891024936834,0.101587388772932,0.1945237833681204,0.3834175546523124,0.03339558387344831,0.0006865868395034604,0.4174997253652642
0.2,0.30000000000000004,0.8402397260273973,0.2688948698231352,9.454389387436597,9.842544921408845,0.2711920347653886,0.26660450830910987,0.1261209042244877,0.1268396194126908,0.12540760869565218,0.4220890410958904,0.41618150684931504,9.843452666164692,9.84164402173913,0.0045875264562787454,0.0014320107170386343,-0.001808644425562278,36412,25630,0.2688948698231352,0.101587388772932,0.1945237833681204,0.3834175546523124,0.050889816543996484,0.0006865868395034604,0.43499395803581237
0.2,0.4,0.7879280821917808,0.2520872239920905,9.454389387436597,9.842544921408845,0.2539743660267341,0.2502056710360336,0.1261209042244877,0.1268396194126908,0.12540760869565218,0.39529109589041095,0.39058219178082193,9.843452666164692,9.84164402173913,0.0037686949907005385,0.0014320107170386343,-0.001808644425562278,36412,25630,0.2520872239920905,0.101587388772932,0.1945237833681204,0.3834175546523124,0.06769746237504119,0.0006865868395034604,0.4518016038668571
0.2,0.5,0.7334760273972603,0.2347028452158629,9.454389387436597,9.842544921408845,0.23703173991968754,0.23238084791312455,0.1261209042244877,0.1268396194126908,0.12540760869565218,0.3689212328767123,0.3627568493150685,9.843452666164692,9.84164402173913,0.00465089200656299,0.0014320107170386343,-0.001808644425562278,36412,25630,0.2347028452158629,0.101587388772932,0.1945237833681204,0.3834175546523124,0.08508184115126881,0.0006865868395034604,0.4691859826430847
0.2,0.6000000000000001,0.6801369863013699,0.2175381742282764,9.454389387436597,9.842544921408845,0.21964904560206833,0.21543355454395877,0.1261209042244877,0.1268396194126908,0.12540760869565218,0.34186643835616437,0.3363013698630137,9.843452666164692,9.84164402173913,0.004215491058109561,0.0014320107170386343,-0.001808644425562278,36412,25630,0.2175381742282764,0.101587388772932,0.1945237833681204,0.3834175546523124,0.10224651213885533,0.0006865868395034604,0.4863506536306712
0.2,0.7000000000000001,0.6291952054794521,0.20136218828957486,9.454389387436597,9.842544921408845,0.20292645360030806,0.1998025558054078,0.1261209042244877,0.1268396194126908,0.12540760869565218,0.3158390410958904,0.31190068493150686,9.843452666164692,9.84164402173913,0.003123897794900271,0.0014320107170386343,-0.001808644425562278,36412,25630,0.20136218828957486,0.101587388772932,0.1945237833681204,0.3834175546523124,0.11842249807755685,0.0006865868395034604,0.5025266395693727
0.2,0.8,0.5777397260273973,0.1849390310886521,9.454389387436597,9.842544921408845,0.1853237251774025,0.18455547633411945,0.1261209042244877,0.1268396194126908,0.12540760869565218,0.2884417808219178,0.2880993150684932,9.843452666164692,9.84164402173913,0.0007682488432830537,0.0014320107170386343,-0.001808644425562278,36412,25630,0.1849390310886521,0.101587388772932,0.1945237833681204,0.3834175546523124,0.1348456552784796,0.0006865868395034604,0.5189497967702955
0.2,0.9,0.5232876712328767,0.16766450620674503,9.454389387436597,9.842544921408845,0.16722592001760272,0.16810179345143422,0.1261209042244877,0.1268396194126908,0.12540760869565218,0.2602739726027397,0.2624143835616438,9.843452666164692,9.84164402173913,-0.0008758734338314977,0.0014320107170386343,-0.001808644425562278,36412,25630,0.16766450620674503,0.101587388772932,0.1945237833681204,0.3834175546523124,0.1521201801603867,0.0006865868395034604,0.5362243216522026
0.2,1.0,0.46986301369863015,0.1505547621663188,9.454389387436597,9.842544921408845,0.15050332801584246,0.1506060439861789,0.1261209042244877,0.1268396194126908,0.12540760869565218,0.23424657534246576,0.2351027397260274,9.843452666164692,9.84164402173913,-0.0001027159703364533,0.0014320107170386343,-0.001808644425562278,36412,25630,0.1505547621663188,0.101587388772932,0.1945237833681204,0.3834175546523124,0.16922992420081293,0.0006865868395034604,0.5533340656926288
0.30000000000000004,0.0,1.0,0.32005494505494503,9.444448780487805,10.052801151115142,0.31958536719135633,0.32052622887653437,0.1984422409208921,0.1955300287176926,0.20136668547426492,0.49888698630136985,0.4985445205479452,10.074915719815207,10.03059369318538,-0.0009408616851780405,-0.005836656756572328,-0.04432202662982654,36400,25625,0.32005494505494503,0.1742857142857143,0.12173076923076923,0.3828846153846154,0.0,0.001043956043956044,0.38392857142857145
0.30000000000000004,0.1,0.9490582191780822,0.3038461538461538,9.444448780487805,10.052801151115142,0.30428344211045905,0.3034072769306985,0.1984422409208921,0.1955300287176926,0.20136668547426492,0.475,0.47191780821917806,10.074915719815207,10.03059369318538,0.0008761651797605241,-0.005836656756572328,-0.04432202662982654,36400,25625,0.3038461538461538,0.1742857142857143,0.12173076923076923,0.3828846153846154,0.01620879120879121,0.001043956043956044,0.40013736263736266
0.30000000000000004,0.2,0.8965753424657534,0.28692307692307695,9.444448780487805,10.052801151115142,0.2882136784950365,0.2856277866461166,0.1984422409208921,0.1955300287176926,0.20136668547426492,0.4499143835616438,0.444263698630137,10.074915719815207,10.03059369318538,0.0025858918489198857,-0.005836656756572328,-0.04432202662982654,36400,25625,0.28692307692307695,0.1742857142857143,0.12173076923076923,0.3828846153846154,0.03313186813186813,0.001043956043956044,0.41706043956043953
0.30000000000000004,0.30000000000000004,0.8412671232876713,0.26931318681318683,9.444448780487805,10.052801151115142,0.2704437009817364,0.2681785655309077,0.1984422409208921,0.1955300287176926,0.20136668547426492,0.4221746575342466,0.41712328767123286,10.074915719815207,10.03059369318538,0.002265135450828737,-0.005836656756572328,-0.04432202662982654,36400,25625,0.26931318681318683,0.1742857142857143,0.12173076923076923,0.3828846153846154,0.05074175824175824,0.001043956043956044,0.43467032967032965
0.30000000000000004,0.4,0.7864726027397261,0.25173076923076926,9.444448780487805,10.052801151115142,0.2525640322492185,0.2508944790003853,0.1984422409208921,0.1955300287176926,0.20136668547426492,0.394263698630137,0.39023972602739726,10.074915719815207,10.03059369318538,0.0016695532488331666,-0.005836656756572328,-0.04432202662982654,36400,25625,0.25173076923076926,0.1742857142857143,0.12173076923076923,0.3828846153846154,0.06832417582417583,0.001043956043956044,0.4522527472527473
0.30000000000000004,0.5,0.7316780821917809,0.2342857142857143,9.444448780487805,10.052801151115142,0.2339165249821752,0.23465624483954423,0.1984422409208921,0.1955300287176926,0.20136668547426492,0.3651541095890411,0.36498287671232876,10.074915719815207,10.03059369318538,-0.0007397198573690367,-0.005836656756572328,-0.04432202662982654,36400,25625,0.2342857142857143,0.1742857142857143,0.12173076923076923,0.3828846153846154,0.08576923076923076,0.001043956043956044,0.4696978021978022
0.30000000000000004,0.6000000000000001,0.6762842465753425,0.21675824175824177,9.444448780487805,10.052801151115142,0.21614654746887513,0.21737215830902185,0.1984422409208921,0.1955300287176926,0.20136668547426492,0.3374143835616438,0.33809931506849317,10.074915719815207,10.03059369318538,-0.001225610840146718,-0.005836656756572328,-0.04432202662982654,36400,25625,0.21675824175824177,0.1742857142857143,0.12173076923076923,0.3828846153846154,0.10329670329670329,0.001043956043956044,0.4872252747252747
0.30000000000000004,0.7000000000000001,0.6228595890410958,0.19972527472527474,9.444448780487805,10.052801151115142,0.19887018044205562,0.20058347553255904,0.1984422409208921,0.1955300287176926,0.20136668547426492,0.31044520547945204,0.311986301369863,10.074915719815207,10.03059369318538,-0.0017132950905034139,-0.005836656756572328,-0.04432202662982654,36400,25625,0.19972527472527474,0.1742857142857143,0.12173076923076923,0.3828846153846154,0.12032967032967033,0.001043956043956044,0.5042582417582417
0.30000000000000004,0.8,0.5724315068493151,0.18357142857142858,9.444448780487805,10.052801151115142,0.18285526243624198,0.18429019651015577,0.1984422409208921,0.1955300287176926,0.20136668547426492,0.28544520547945207,0.28664383561643836,10.074915719815207,10.03059369318538,-0.0014349340739137906,-0.005836656756572328,-0.04432202662982654,36400,25625,0.18357142857142858,0.1742857142857143,0.12173076923076923,0.3828846153846154,0.13648351648351648,0.001043956043956044,0.5204120879120879
0.30000000000000004,0.9,0.5190924657534246,0.1667032967032967,9.444448780487805,10.052801151115142,0.16563374101903142,0.16777673804150384,0.1984422409208921,0.1955300287176926,0.20136668547426492,0.2585616438356164,0.26095890410958905,10.074915719815207,10.03059369318538,-0.0021429970224724204,-0.005836656756572328,-0.04432202662982654,36400,25625,0.1667032967032967,0.1742857142857143,0.12173076923076923,0.3828846153846154,0.15335164835164836,0.001043956043956044,0.5372802197802198
0.30000000000000004,1.0,0.46455479452054793,0.1492032967032967,9.444448780487805,10.052801151115142,0.14747984423846872,0.15093301040347884,0.1984422409208921,0.1955300287176926,0.20136668547426492,0.23022260273972603,0.23476027397260274,10.074915719815207,10.03059369318538,-0.003453166165010124,-0.005836656756572328,-0.04432202662982654,36400,25625,0.1492032967032967,0.1742857142857143,0.12173076923076923,0.3828846153846154,0.17085164835164834,0.001043956043956044,0.5547802197802197
0.4,0.0,1.0,0.32277447044164476,9.29688118420011,10.154825147012868,0.3207831325301205,0.32473744982679936,0.28223630010511064,0.28647472955182873,0.27805978567399886,0.49238013698630134,0.5056506849315069,10.164386697956614,10.145403271291595,-0.003954317296678889,0.008414943877829872,-0.0189834266650184,36115,25266,0.32277447044164476,0.2750934514744566,0.025308043749134708,0.3761041118648761,0.0,0.0007199224698878582,0.37682403433476397
0.4,0.1,0.946917808219178,0.30580091374775026,9.29688118420011,10.154825147012868,0.3033244087460955,0.3082421509869687,0.28223630010511064,0.28647472955182873,0.27805978567399886,0.46558219178082194,0.4799657534246575,10.164386697956614,10.145403271291595,-0.004917742240873213,0.008414943877829872,-0.0189834266650184,36115,25266,0.30580091374775026,0.2750934514744566,0.025308043749134708,0.3761041118648761,0.016973556693894505,0.0007199224698878582,0.39379759102865847
0.4,0.2,0.89375,0.2886335317735013,9.29688118420011,10.154825147012868,0.2870928157072735,0.2901523065926211,0.28223630010511064,0.28647472955182873,0.27805978567399886,0.44066780821917806,0.45179794520547945,10.164386697956614,10.145403271291595,-0.003059490885347571,0.008414943877829872,-0.0189834266650184,36115,25266,0.2886335317735013,0.2750934514744566,0.025308043749134708,0.3761041118648761,0.03414093866814343,0.0007199224698878582,0.41096497300290735
0.4,0.30000000000000004,0.8383561643835616,0.27077391665512945,9.29688118420011,10.154825147012868,0.269020526550647,0.2725023368340023,0.28223630010511064,0.28647472955182873,0.27805978567399886,0.41292808219178084,0.4243150684931507,10.164386697956614,10.145403271291595,-0.0034818102833553133,0.008414943877829872,-0.0189834266650184,36115,25266,0.27077391665512945,0.2750934514744566,0.025308043749134708,0.3761041118648761,0.052000553786515295,0.0007199224698878582,0.42882458812127927
0.4,0.4,0.7845890410958904,0.25366191333241034,9.29688118420011,10.154825147012868,0.25156180276662204,0.2557321163468412,0.28223630010511064,0.28647472955182873,0.27805978567399886,0.3861301369863014,0.39820205479452053,10.164386697956614,10.145403271291595,-0.0041703135802191316,0.008414943877829872,-0.0189834266650184,36115,25266,0.25366191333241034,0.2750934514744566,0.025308043749134708,0.3761041118648761,0.06911255710923439,0.0007199224698878582,0.44593659144399833
0.4,0.5,0.7316780821917809,0.2365775993354562,9.29688118420011,10.154825147012868,0.23471664435519857,0.23841205256501896,0.28223630010511064,0.28647472955182873,0.27805978567399886,0.36027397260273974,0.37123287671232874,10.164386697956614,10.145403271291595,-0.0036954082098203944,0.008414943877829872,-0.0189834266650184,36115,25266,0.2365775993354562,0.2750934514744566,0.025308043749134708,0.3761041118648761,0.08619687110618857,0.0007199224698878582,0.46302090544095253
0.4,0.6000000000000001,0.6768835616438356,0.21899487747473348,9.29688118420011,10.154825147012868,0.2177599286033021,0.22021223951173916,0.28223630010511064,0.28647472955182873,0.27805978567399886,0.33424657534246577,0.3428938356164384,10.164386697956614,10.145403271291595,-0.002452310908437061,0.008414943877829872,-0.0189834266650184,36115,25266,0.21899487747473348,0.2750934514744566,0.025308043749134708,0.3761041118648761,0.10377959296691125,0.0007199224698878582,0.4806036273016752
0.4,0.7000000000000001,0.6233732876712329,0.2017444275231898,9.29688118420011,10.154825147012868,0.20119366354306115,0.20228734810578985,0.28223630010511064,0.28647472955182873,0.27805978567399886,0.30881849315068494,0.3149828767123288,10.164386697956614,10.145403271291595,-0.0010936845627287084,0.008414943877829872,-0.0189834266650184,36115,25266,0.2017444275231898,0.2750934514744566,0.025308043749134708,0.3761041118648761,0.12103004291845494,0.0007199224698878582,0.4978540772532189
0.4,0.8,0.5707191780821917,0.1844662882458812,9.29688118420011,10.154825147012868,0.18429272646140116,0.18463737834717106,0.28223630010511064,0.28647472955182873,0.27805978567399886,0.2828767123287671,0.2875,10.164386697956614,10.145403271291595,-0.00034465188576990324,0.008414943877829872,-0.0189834266650184,36115,25266,0.1844662882458812,0.2750934514744566,0.025308043749134708,0.3761041118648761,0.13830818219576355,0.0007199224698878582,0.5151322165305274
0.4,0.9,0.5188356164383562,0.16782500346116572,9.29688118420011,10.154825147012868,0.16744756804997768,0.16819706383680652,0.28223630010511064,0.28647472955182873,0.27805978567399886,0.25702054794520546,0.26190068493150687,10.164386697956614,10.145403271291595,-0.000749495786828841,0.008414943877829872,-0.0189834266650184,36115,25266,0.16782500346116572,0.2750934514744566,0.025308043749134708,0.3761041118648761,0.15494946698047904,0.0007199224698878582,0.5317735013152429
0.4,1.0,0.46857876712328766,0.15157136923715908,9.29688118420011,10.154825147012868,0.15171798304328424,0.15142684334964535,0.28223630010511064,0.28647472955182873,0.27805978567399886,0.2328767123287671,0.23578767123287672,10.164386697956614,10.145403271291595,0.00029113969363889214,0.008414943877829872,-0.0189834266650184,36115,25266,0.15157136923715908,0.2750934514744566,0.025308043749134708,0.3761041118648761,0.17120310120448567,0.0007199224698878582,0.5480271355392496
0.5,0.0,1.0,0.3199582830167966,8.239743040685225,9.203727083104623,0.3202368435615074,0.3196841818676831,0.3591502909210671,0.3592496264733551,0.3590525456030493,0.49546232876712326,0.5026541095890411,9.191909689557855,9.215355295398856,0.0005526616938242856,0.00019708087030584354,0.023445605841001083,36436,23350,0.3199582830167966,0.3591502909210671,0.0,0.32058952684158526,0.0,0.0003018992205511033,0.32089142606213633
0.5,0.1,0.949486301369863,0.30371061587440995,8.239743040685225,9.203727083104623,0.3044103812738642,0.30302205281786004,0.3591502909210671,0.3592496264733551,0.3590525456030493,0.4709760273972603,0.4764554794520548,9.191909689557855,9.215355295398856,0.001388328456004173,0.00019708087030584354,0.023445605841001083,36436,23350,0.30371061587440995,0.3591502909210671,0.0,0.32058952684158526,0.01624766714238665,0.0003018992205511033,0.337139093204523
0.5,0.2,0.8943493150684931,0.2863102426171918,8.239743040685225,9.203727083104623,0.2867577887222622,0.2858698611489246,0.3591502909210671,0.3592496264733551,0.3590525456030493,0.44366438356164384,0.449486301369863,9.191909689557855,9.215355295398856,0.0008879275733376102,0.00019708087030584354,0.023445605841001083,36436,23350,0.2863102426171918,0.3591502909210671,0.0,0.32058952684158526,0.033648040399604784,0.0003018992205511033,0.3545394664617411
0.5,0.30000000000000004,0.8385273972602739,0.2681413986167527,8.239743040685225,9.203727083104623,0.26882850976703004,0.2674652872311462,0.3591502909210671,0.3592496264733551,0.3590525456030493,0.41592465753424657,0.42054794520547945,9.191909689557855,9.215355295398856,0.0013632225358838346,0.00019708087030584354,0.023445605841001083,36436,23350,0.2681413986167527,0.3591502909210671,0.0,0.32058952684158526,0.051816884400043915,0.0003018992205511033,0.3727083104621803
0.5,0.4,0.7871575342465753,0.25139971456800964,8.239743040685225,9.203727083104623,0.25278069835648276,0.2500408385515927,0.3591502909210671,0.3592496264733551,0.3590525456030493,0.3910958904109589,0.39315068493150684,9.191909689557855,9.215355295398856,0.0027398598048900547,0.00019708087030584354,0.023445605841001083,36436,23350,0.25139971456800964,0.3591502909210671,0.0,0.32058952684158526,0.06855856844878691,0.0003018992205511033,0.38944999451092327
0.5,0.5,0.7336472602739726,0.23427379514765617,8.239743040685225,9.203727083104623,0.2361241768579492,0.23245303566566838,0.3591502909210671,0.3592496264733551,0.3590525456030493,0.36532534246575343,0.36549657534246577,9.191909689557855,9.215355295398856,0.003671141192280819,0.00019708087030584354,0.023445605841001083,36436,23350,0.23427379514765617,0.3591502909210671,0.0,0.32058952684158526,0.08568448786914042,0.0003018992205511033,0.40657591393127673
0.5,0.6000000000000001,0.6806506849315068,0.21747722033154024,8.239743040685225,9.203727083104623,0.21930164351723758,0.21568200381159816,0.3591502909210671,0.3592496264733551,0.3590525456030493,0.33929794520547946,0.3391267123287671,9.191909689557855,9.215355295398856,0.003619639705639416,0.00019708087030584354,0.023445605841001083,36436,23350,0.21747722033154024,0.3591502909210671,0.0,0.32058952684158526,0.10248106268525634,0.0003018992205511033,0.4233724887473927
0.5,0.7000000000000001,0.6279965753424658,0.20079042705017017,8.239743040685225,9.203727083104623,0.202645122018704,0.1989654233596515,0.3591502909210671,0.3592496264733551,0.3590525456030493,0.31352739726027395,0.31284246575342467,9.191909689557855,9.215355295398856,0.0036796986590524883,0.00019708087030584354,0.023445605841001083,36436,23350,0.20079042705017017,0.3591502909210671,0.0,0.32058952684158526,0.11916785596662641,0.0003018992205511033,0.44005928202876277
0.5,0.8,0.5751712328767123,0.1838566253156219,8.239743040685225,9.203727083104623,0.18587792595871838,0.18186768309283963,0.3591502909210671,0.3592496264733551,0.3590525456030493,0.2875856164383562,0.285958904109589,9.191909689557855,9.215355295398856,0.004010242865878755,0.00019708087030584354,0.023445605841001083,36436,23350,0.1838566253156219,0.3591502909210671,0.0,0.32058952684158526,0.13610165770117466,0.0003018992205511033,0.456993083763311
0.5,0.9,0.5215753424657534,0.16708749588319244,8.239743040685225,9.203727083104623,0.1687233689336506,0.16547781105363463,0.3591502909210671,0.3592496264733551,0.3590525456030493,0.2610445205479452,0.26018835616438357,9.191909689557855,9.215355295398856,0.0032455578800159868,0.00019708087030584354,0.023445605841001083,36436,23350,0.16708749588319244,0.3591502909210671,0.0,0.32058952684158526,0.15287078713360414,0.0003018992205511033,0.47376221319574047
0.5,1.0,0.4636130136986301,0.14867164342957515,8.239743040685225,9.203727083104623,0.1495213325217199,0.1478355567655867,0.3591502909210671,0.3592496264733551,0.3590525456030493,0.23133561643835615,0.2324486301369863,9.191909689557855,9.215355295398856,0.0016857757561331843,0.00019708087030584354,0.023445605841001083,36436,23350,0.14867164342957515,0.3591502909210671,0.0,0.32058952684158526,0.17128663958722143,0.0003018992205511033,0.4921780656493578
0.6000000000000001,0.0,1.0,0.3202806017592415,7.555303202362026,8.545830707258926,0.3192529524855809,0.32130358705161854,0.39673362014632946,0.39818731117824774,0.3952865266841645,0.4976027397260274,0.5030821917808219,8.566218071958254,8.525535870516185,-0.002050634566037657,0.002900784494083264,-0.04068220144206869,36493,22015,0.3202806017592415,0.39673362014632946,0.0,0.2829309730633272,0.0,5.480503110185515e-05,0.28298577809442904
0.6000000000000001,0.1,0.946318493150685,0.30290740689995344,7.555303202362026,8.545830707258926,0.3017852238396045,0.30402449693788275,0.39673362014632946,0.39818731117824774,0.3952865266841645,0.4703767123287671,0.476027397260274,8.566218071958254,8.525535870516185,-0.0022392730982782605,0.002900784494083264,-0.04068220144206869,36493,22015,0.30290740689995344,0.39673362014632946,0.0,0.2829309730633272,0.017373194859288083,5.480503110185515e-05,0.30035897295371716
0.6000000000000001,0.2,0.8944349315068493,0.28616446989833666,7.555303202362026,8.545830707258926,0.28525130458665204,0.2870734908136483,0.39673362014632946,0.39818731117824774,0.3952865266841645,0.44460616438356165,0.449486301369863,8.566218071958254,8.525535870516185,-0.0018221862269962585,0.002900784494083264,-0.04068220144206869,36493,22015,0.28616446989833666,0.39673362014632946,0.0,0.2829309730633272,0.034116131860904834,5.480503110185515e-05,0.3171019099553339
0.6000000000000001,0.30000000000000004,0.842208904109589,0.2695037404433727,7.555303202362026,8.545830707258926,0.2693765449052458,0.26963035870516183,0.39673362014632946,0.39818731117824774,0.3952865266841645,0.41986301369863016,0.4221746575342466,8.566218071958254,8.525535870516185,-0.00025381379991601394,0.002900784494083264,-0.04068220144206869,36493,22015,0.2695037404433727,0.39673362014632946,0.0,0.2829309730633272,0.050776861315868796,5.480503110185515e-05,0.3337626394102979
0.6000000000000001,0.4,0.7898116438356164,0.2527882059573069,7.555303202362026,8.545830707258926,0.25240318593792915,0.25317147856517935,0.39673362014632946,0.39818731117824774,0.3952865266841645,0.3934075342465753,0.3964041095890411,8.566218071958254,8.525535870516185,-0.0007682926272502,0.002900784494083264,-0.04068220144206869,36493,22015,0.2527882059573069,0.39673362014632946,0.0,0.2829309730633272,0.06749239580193461,5.480503110185515e-05,0.3504781738963637
0.6000000000000001,0.5,0.7357876712328767,0.2356068287068753,7.555303202362026,8.545830707258926,0.23581433672068114,0.2354002624671916,0.39673362014632946,0.39818731117824774,0.3952865266841645,0.3675513698630137,0.3685787671232877,8.566218071958254,8.525535870516185,0.0004140742534895492,0.002900784494083264,-0.04068220144206869,36493,22015,0.2356068287068753,0.39673362014632946,0.0,0.2829309730633272,0.0846737730523662,5.480503110185515e-05,0.36765955114679527
0.6000000000000001,0.6000000000000001,0.6838184931506849,0.2185350615186474,7.555303202362026,8.545830707258926,0.21790716836034058,0.21916010498687663,0.39673362014632946,0.39818731117824774,0.3952865266841645,0.3396404109589041,0.34315068493150686,8.566218071958254,8.525535870516185,-0.0012529366265360553,0.002900784494083264,-0.04068220144206869,36493,22015,0.2185350615186474,0.39673362014632946,0.0,0.2829309730633272,0.10174554024059408,5.480503110185515e-05,0.38473131833502316
0.6000000000000001,0.7000000000000001,0.6329623287671233,0.20220316225029458,7.555303202362026,8.545830707258926,0.201153529250206,0.203248031496063,0.39673362014632946,0.39818731117824774,0.3952865266841645,0.31352739726027395,0.31823630136986303,8.566218071958254,8.525535870516185,-0.0020945022458569995,0.002900784494083264,-0.04068220144206869,36493,22015,0.20220316225029458,0.39673362014632946,0.0,0.2829309730633272,0.11807743950894692,5.480503110185515e-05,0.401063217603376
0.6000000000000001,0.8,0.5774828767123288,0.1845559422354972,7.555303202362026,8.545830707258926,0.18269706124691018,0.1864063867016623,0.39673362014632946,0.39818731117824774,0.3952865266841645,0.28476027397260273,0.2918664383561644,8.566218071958254,8.525535870516185,-0.0037093254547521104,0.002900784494083264,-0.04068220144206869,36493,22015,0.1845559422354972,0.39673362014632946,0.0,0.2829309730633272,0.13572465952374427,5.480503110185515e-05,0.41871043761817334
0.6000000000000001,0.9,0.5243150684931507,0.16745677253171842,7.555303202362026,8.545830707258926,0.16451524306509202,0.17038495188101488,0.39673362014632946,0.39818731117824774,0.3952865266841645,0.2564212328767123,0.2667808219178082,8.566218071958254,8.525535870516185,-0.005869708815922858,0.002900784494083264,-0.04068220144206869,36493,22015,0.16745677253171842,0.39673362014632946,0.0,0.2829309730633272,0.15282382922752308,5.480503110185515e-05,0.4358096073219522
0.6000000000000001,1.0,0.46669520547945204,0.1490422820814951,7.555303202362026,8.545830707258926,0.14765174402636638,0.1504265091863517,0.39673362014632946,0.39818731117824774,0.3952865266841645,0.23013698630136986,0.23553082191780822,8.566218071958254,8.525535870516185,-0.002774765159985315,0.002900784494083264,-0.04068220144206869,36493,22015,0.1490422820814951,0.39673362014632946,0.0,0.2829309730633272,0.17123831967774641,5.480503110185515e-05,0.4542240977721755
0.7000000000000001,0.0,1.0,0.31923687523950295,7.3465013367751455,8.424426561559095,0.31871360940305815,0.31976648124690205,0.4061969672086276,0.405234804375034,0.4071707881257917,0.5014554794520548,0.4970890410958904,8.445121619415573,8.403480751225423,-0.0010528718438438944,-0.0019359837507577082,-0.041640868190150115,36534,21694,0.31923687523950295,0.4061969672086276,0.0,0.27456615755186947,0.0,0.0,0.27456615755186947
0.7000000000000001,0.1,0.9480308219178082,0.3024853561066404,7.3465013367751455,8.424426561559095,0.30168144963813465,0.30329900313928515,0.4061969672086276,0.405234804375034,0.4071707881257917,0.47465753424657536,0.47148972602739725,8.445121619415573,8.403480751225423,-0.0016175535011505038,-0.0019359837507577082,-0.041640868190150115,36534,21694,0.3024853561066404,0.4061969672086276,0.0,0.27456615755186947,0.01675151913286254,0.0,0.291317676684732
0.7000000000000001,0.2,0.8953767123287671,0.2856790934471999,7.3465013367751455,8.424426561559095,0.28475812156499974,0.28661122432119845,0.4061969672086276,0.405234804375034,0.4071707881257917,0.44803082191780824,0.44554794520547947,8.445121619415573,8.403480751225423,-0.0018531027561987101,-0.0019359837507577082,-0.041640868190150115,36534,21694,0.2856790934471999,0.4061969672086276,0.0,0.27456615755186947,0.03355778179230306,0.0,0.30812393934417254
0.7000000000000001,0.30000000000000004,0.841181506849315,0.26859911315486945,7.3465013367751455,8.424426561559095,0.2677259618000762,0.26948284408217216,0.4061969672086276,0.405234804375034,0.4071707881257917,0.4212328767123288,0.41892123287671235,8.445121619415573,8.403480751225423,-0.0017568822820959729,-0.0019359837507577082,-0.041640868190150115,36534,21694,0.26859911315486945,0.4061969672086276,0.0,0.27456615755186947,0.05063776208463349,0.0,0.32520391963650297
0.7000000000000001,0.4,0.7878424657534246,0.251601248152406,7.3465013367751455,8.424426561559095,0.25112912880230726,0.2520790879550587,0.4061969672086276,0.405234804375034,0.4071707881257917,0.3951198630136986,0.39186643835616436,8.445121619415573,8.403480751225423,-0.0009499591527514228,-0.0019359837507577082,-0.041640868190150115,36534,21694,0.251601248152406,0.4061969672086276,0.0,0.27456615755186947,0.06763562708709694,0.0,0.34220178463896644
0.7000000000000001,0.5,0.7345890410958904,0.23452126786007554,7.3465013367751455,8.424426561559095,0.2336616422702291,0.23539130913697195,0.4061969672086276,0.405234804375034,0.4071707881257917,0.3676369863013699,0.3659246575342466,8.445121619415573,8.403480751225423,-0.0017296668667428627,-0.0019359837507577082,-0.041640868190150115,36534,21694,0.23452126786007554,0.4061969672086276,0.0,0.27456615755186947,0.08471560737942738,0.0,0.3592817649312969
0.7000000000000001,0.6000000000000001,0.6783390410958904,0.21659276290578638,7.3465013367751455,8.424426561559095,0.21619415573815096,0.2169961998127444,0.4061969672086276,0.405234804375034,0.4071707881257917,0.3401541095890411,0.3373287671232877,8.445121619415573,8.403480751225423,-0.0008020440745934443,-0.0019359837507577082,-0.041640868190150115,36534,21694,0.21659276290578638,0.4061969672086276,0.0,0.27456615755186947,0.10264411233371654,0.0,0.37721026988558604
0.7000000000000001,0.7000000000000001,0.6261986301369863,0.19989598729950184,7.3465013367751455,8.424426561559095,0.19948849104859334,0.2003084209946577,0.4061969672086276,0.405234804375034,0.4071707881257917,0.3138698630136986,0.31138698630136985,8.445121619415573,8.403480751225423,-0.0008199299460643628,-0.0019359837507577082,-0.041640868190150115,36534,21694,0.19989598729950184,0.4061969672086276,0.0,0.27456615755186947,0.1193408879400011,0.0,0.3939070454918706
0.7000000000000001,0.8,0.5745719178082191,0.18328132698308425,7.3465013367751455,8.424426561559095,0.18283724220493008,0.1837307925318059,0.4061969672086276,0.405234804375034,0.4071707881257917,0.2876712328767123,0.2856164383561644,8.445121619415573,8.403480751225423,-0.0008935503268758249,-0.0019359837507577082,-0.041640868190150115,36534,21694,0.18328132698308425,0.4061969672086276,0.0,0.27456615755186947,0.13595554825641867,0.0,0.4105217058082882
0.7000000000000001,0.9,0.5200342465753425,0.16606448787430886,7.3465013367751455,8.424426561559095,0.16471676552212003,0.16742853995704135,0.4061969672086276,0.405234804375034,0.4071707881257917,0.25916095890410956,0.2602739726027397,8.445121619415573,8.403480751225423,-0.0027117744349213213,-0.0019359837507577082,-0.041640868190150115,36534,21694,0.16606448787430886,0.4061969672086276,0.0,0.27456615755186947,0.15317238736519406,0.0,0.42773854491706353
0.7000000000000001,1.0,0.46421232876712326,0.1484097005529096,7.3465013367751455,8.424426561559095,0.14730369483593622,0.14952910723137083,0.4061969672086276,0.405234804375034,0.4071707881257917,0.231763698630137,0.2324486301369863,8.445121619415573,8.403480751225423,-0.0022254123954346117,-0.0019359837507577082,-0.041640868190150115,36534,21694,0.1484097005529096,0.4061969672086276,0.0,0.27456615755186947,0.1708271746865933,0.0,0.4453933322384628
0.8,0.0,1.0,0.3213608508065624,7.193012653516933,8.341834070735661,0.3228848669864806,0.3198115821557218,0.4092720327571519,0.4063453990405582,0.4122471598780826,0.5071061643835616,0.49409246575342464,8.340002180549499,8.343696314768634,0.0030732848307588045,-0.005901760837524361,0.0036941342191347815,36389,21496,0.3213608508065624,0.4092720327571519,0.0,0.2693671164362857,0.0,0.0,0.2693671164362857
0.8,0.1,0.9482020547945206,0.3046525048778477,7.193012653516933,8.341834070735661,0.3054949847361535,0.3037960653920754,0.4092720327571519,0.4063453990405582,0.4122471598780826,0.4797945205479452,0.46934931506849314,8.340002180549499,8.343696314768634,0.0016989193440781203,-0.005901760837524361,0.0036941342191347815,36389,21496,0.3046525048778477,0.4092720327571519,0.0,0.2693671164362857,0.016708345928714723,0.0,0.2860754623650004
0.8,0.2,0.8957191780821918,0.2875044656352194,7.193012653516933,8.341834070735661,0.2889773222852159,0.286007204211693,0.4092720327571519,0.4063453990405582,0.4122471598780826,0.4538527397260274,0.4418664383561644,8.340002180549499,8.343696314768634,0.002970118073522876,-0.005901760837524361,0.0036941342191347815,36389,21496,0.2875044656352194,0.4092720327571519,0.0,0.2693671164362857,0.03385638517134299,0.0,0.3032235016076287
0.8,0.30000000000000004,0.8433219178082192,0.27071367721014594,7.193012653516933,8.341834070735661,0.2730593109463585,0.2683291770573566,0.4092720327571519,0.4063453990405582,0.4122471598780826,0.4288527397260274,0.41455479452054794,8.340002180549499,8.343696314768634,0.004730133889001897,-0.005901760837524361,0.0036941342191347815,36389,21496,0.27071367721014594,0.4092720327571519,0.0,0.2693671164362857,0.050647173596416496,0.0,0.3200142900327022
0.8,0.4,0.790068493150685,0.2534831954711589,7.193012653516933,8.341834070735661,0.2565416484954208,0.25037406483790525,0.4092720327571519,0.4063453990405582,0.4122471598780826,0.4029109589041096,0.38681506849315067,8.340002180549499,8.343696314768634,0.006167583657515574,-0.005901760837524361,0.0036941342191347815,36389,21496,0.2534831954711589,0.4092720327571519,0.0,0.2693671164362857,0.06787765533540356,0.0,0.33724477177168927
0.8,0.5,0.7391267123287671,0.23707713869575972,7.193012653516933,8.341834070735661,0.23860662887047537,0.23552230534774177,0.4092720327571519,0.4063453990405582,0.4122471598780826,0.3747431506849315,0.3638698630136986,8.340002180549499,8.343696314768634,0.0030843235227336063,-0.005901760837524361,0.0036941342191347815,36389,21496,0.23707713869575972,0.4092720327571519,0.0,0.2693671164362857,0.08428371211080271,0.0,0.3536508285470884
0.8,0.6000000000000001,0.6876712328767123,0.22045123526340377,7.193012653516933,8.341834070735661,0.22241604884430877,0.21845386533665836,0.4092720327571519,0.4063453990405582,0.4122471598780826,0.3493150684931507,0.3375,8.340002180549499,8.343696314768634,0.003962183507650402,-0.005901760837524361,0.0036941342191347815,36389,21496,0.22045123526340377,0.4092720327571519,0.0,0.2693671164362857,0.10090961554315865,0.0,0.37027673197944433
0.8,0.7000000000000001,0.6320205479452055,0.20245129022506803,7.193012653516933,8.341834070735661,0.2044810292193633,0.200387919091161,0.4092720327571519,0.4063453990405582,0.4122471598780826,0.3211472602739726,0.3095890410958904,8.340002180549499,8.343696314768634,0.004093110128202293,-0.005901760837524361,0.0036941342191347815,36389,21496,0.20245129022506803,0.4092720327571519,0.0,0.2693671164362857,0.1189095605814944,0.0,0.3882766770177801
0.8,0.8,0.5780821917808219,0.18524828931820056,7.193012653516933,8.341834070735661,0.18638246838203226,0.18409531726239955,0.4092720327571519,0.4063453990405582,0.4122471598780826,0.292722602739726,0.28441780821917806,8.340002180549499,8.343696314768634,0.0022871511196327077,-0.005901760837524361,0.0036941342191347815,36389,21496,0.18524828931820056,0.4092720327571519,0.0,0.2693671164362857,0.13611256148836187,0.0,0.40547967792464756
0.8,0.9,0.5264554794520548,0.1687597900464426,7.193012653516933,8.341834070735661,0.16855647623201048,0.1689664727071211,0.4092720327571519,0.4063453990405582,0.4122471598780826,0.26472602739726026,0.2610445205479452,8.340002180549499,8.343696314768634,-0.0004099964751106133,-0.005901760837524361,0.0036941342191347815,36389,21496,0.1687597900464426,0.4092720327571519,0.0,0.2693671164362857,0.1526010607601198,0.0,0.4219681771964055
0.8,1.0,0.47414383561643836,0.15199648245348868,7.193012653516933,8.341834070735661,0.15252943741822939,0.1514546965918537,0.4092720327571519,0.4063453990405582,0.4122471598780826,0.23955479452054795,0.23398972602739726,8.340002180549499,8.343696314768634,0.0010747408263756808,-0.005901760837524361,0.0036941342191347815,36389,21496,0.15199648245348868,0.4092720327571519,0.0,0.2693671164362857,0.16936436835307372,0.0,0.4387314847893594
0.9,0.0,1.0,0.3209642915912457,7.093470272307547,8.3079918819593,0.3192424571304537,0.32272374403903736,0.41785968953979485,0.41404384632081614,0.4217588998558279,0.5036815068493151,0.4982876712328767,8.314304319513784,8.30154153266053,-0.0034812869085836806,-0.007715053535011729,-0.012762786853254937,36462,21226,0.3209642915912457,0.41785968953979485,0.0,0.26117601886895947,0.0,0.0,0.26117601886895947
0.9,0.1,0.9438356164383561,0.30297295814820907,7.093470272307547,8.3079918819593,0.30111786411981767,0.30486858156814906,0.41785968953979485,0.41404384632081614,0.4217588998558279,0.4750856164383562,0.47071917808219177,8.314304319513784,8.30154153266053,-0.0037507174483313865,-0.007715053535011729,-0.012762786853254937,36462,21226,0.30297295814820907,0.41785968953979485,0.0,0.26117601886895947,0.017991333443036585,0.0,0.2791673523119961
0.9,0.2,0.8928082191780822,0.2863803411771159,7.093470272307547,8.3079918819593,0.28293900586064685,0.2898968614838638,0.41785968953979485,0.41404384632081614,0.4217588998558279,0.4464041095890411,0.4476027397260274,8.314304319513784,8.30154153266053,-0.006957855623216935,-0.007715053535011729,-0.012762786853254937,36462,21226,0.2863803411771159,0.41785968953979485,0.0,0.26117601886895947,0.03458395041412978,0.0,0.29575996928308923
0.9,0.30000000000000004,0.8409246575342466,0.26956831770061984,7.093470272307547,8.3079918819593,0.26649663555459085,0.2727071087944993,0.41785968953979485,0.41404384632081614,0.4217588998558279,0.4204623287671233,0.42106164383561645,8.314304319513784,8.30154153266053,-0.006210473239908421,-0.007715053535011729,-0.012762786853254937,36462,21226,0.26956831770061984,0.41785968953979485,0.0,0.26117601886895947,0.051395973890625855,0.0,0.3125719927595853
0.9,0.4,0.7875856164383561,0.2523723328396687,7.093470272307547,8.3079918819593,0.24820924679835032,0.2566263724076744,0.41785968953979485,0.41404384632081614,0.4217588998558279,0.3916095890410959,0.39623287671232876,8.314304319513784,8.30154153266053,-0.008417125609324061,-0.007715053535011729,-0.012762786853254937,36462,21226,0.2523723328396687,0.41785968953979485,0.0,0.26117601886895947,0.06859195875157699,0.0,0.32976797762053645
0.9,0.5,0.7349315068493151,0.23531347704459438,7.093470272307547,8.3079918819593,0.23138701975255047,0.2393257180880559,0.41785968953979485,0.41404384632081614,0.4217588998558279,0.36506849315068496,0.3695205479452055,8.314304319513784,8.30154153266053,-0.007938698335505423,-0.007715053535011729,-0.012762786853254937,36462,21226,0.23531347704459438,0.41785968953979485,0.0,0.26117601886895947,0.08565081454665131,0.0,0.34682683341561077
0.9,0.6000000000000001,0.6834760273972603,0.21861115682079973,7.093470272307547,8.3079918819593,0.21521597568916864,0.22208051458356437,0.41785968953979485,0.41404384632081614,0.4217588998558279,0.33955479452054793,0.3428938356164384,8.314304319513784,8.30154153266053,-0.0068645388943957275,-0.007715053535011729,-0.012762786853254937,36462,21226,0.21861115682079973,0.41785968953979485,0.0,0.26117601886895947,0.10235313477044594,0.0,0.3635291536394054
0.9,0.7000000000000001,0.6309075342465753,0.2017168559047776,7.093470272307547,8.3079918819593,0.19774256566095072,0.20577797493623157,0.41785968953979485,0.41404384632081614,0.4217588998558279,0.311986301369863,0.317722602739726,8.314304319513784,8.30154153266053,-0.008035409275280847,-0.007715053535011729,-0.012762786853254937,36462,21226,0.2017168559047776,0.41785968953979485,0.0,0.26117601886895947,0.1192474356864681,0.0,0.3804234545554276
0.9,0.8,0.5739726027397261,0.18367067083539027,7.093470272307547,8.3079918819593,0.17912958541350119,0.1883109681712321,0.41785968953979485,0.41404384632081614,0.4217588998558279,0.2826198630136986,0.29075342465753423,8.314304319513784,8.30154153266053,-0.009181382757730921,-0.007715053535011729,-0.012762786853254937,36462,21226,0.18367067083539027,0.41785968953979485,0.0,0.26117601886895947,0.1372936207558554,0.0,0.39846963962481485
0.9,0.9,0.5167808219178082,0.16526795019472326,7.093470272307547,8.3079918819593,0.16089646190579554,0.16973494510369302,0.41785968953979485,0.41404384632081614,0.4217588998558279,0.2538527397260274,0.2620719178082192,8.314304319513784,8.30154153266053,-0.008838483197897484,-0.007715053535011729,-0.012762786853254937,36462,21226,0.16526795019472326,0.41785968953979485,0.0,0.26117601886895947,0.15569634139652241,0.0,0.41687236026548186
0.9,1.0,0.4657534246575342,0.1488673139158576,7.093470272307547,8.3079918819593,0.14477968309094855,0.15304424975047135,0.41785968953979485,0.41404384632081614,0.4217588998558279,0.22842465753424657,0.2363013698630137,8.314304319513784,8.30154153266053,-0.008264566659522798,-0.007715053535011729,-0.012762786853254937,36462,21226,0.1488673139158576,0.41785968953979485,0.0,0.26117601886895947,0.17209697767538806,0.0,0.43327299654434753
1.0,0.0,1.0,0.31863186318631864,6.985582851180879,8.266317540844993,0.31756132049817803,0.31970890785729916,0.42486975970324303,0.4267145265676837,0.42301378857518057,0.49991438356164386,0.5002568493150685,8.267199651927992,8.26543007222587,-0.002147587359121128,0.0037007379925031447,-0.0017695797021222148,36663,21086,0.31863186318631864,0.42486975970324303,0.0,0.2564983771104383,0.0,0.0,0.2564983771104383
1.0,0.1,0.9493150684931507,0.3024575184791206,6.985582851180879,8.266317540844993,0.3017349214118671,0.30318450426789234,0.42486975970324303,0.4267145265676837,0.42301378857518057,0.475,0.47440068493150683,8.267199651927992,8.26543007222587,-0.0014495828560252555,0.0037007379925031447,-0.0017695797021222148,36663,21086,0.3024575184791206,0.42486975970324303,0.0,0.2564983771104383,0.01617434470719799,0.0,0.2726727218176363
1.0,0.2,0.8972602739726028,0.2857649401303767,6.985582851180879,8.266317540844993,0.28487518355359764,0.28666010067848546,0.42486975970324303,0.4267145265676837,0.42301378857518057,0.44845890410958905,0.4485445205479452,8.267199651927992,8.26543007222587,-0.0017849171248878193,0.0037007379925031447,-0.0017695797021222148,36663,21086,0.2857649401303767,0.42486975970324303,0.0,0.2564983771104383,0.03286692305594196,0.0,0.2893653001663803
1.0,0.30000000000000004,0.8434931506849315,0.2688268826882688,6.985582851180879,8.266317540844993,0.26910317071844236,0.2685489166119501,0.42486975970324303,0.4267145265676837,0.42301378857518057,0.42363013698630136,0.4202054794520548,8.267199651927992,8.26543007222587,0.0005542541064922912,0.0037007379925031447,-0.0017695797021222148,36663,21086,0.2688268826882688,0.42486975970324303,0.0,0.2564983771104383,0.04980498049804981,0.0,0.30630335760848815
1.0,0.4,0.7920376712328767,0.2521343043395249,6.985582851180879,8.266317540844993,0.25218904660901725,0.25207922959072004,0.42486975970324303,0.4267145265676837,0.42301378857518057,0.39700342465753424,0.39443493150684933,8.267199651927992,8.26543007222587,0.00010981701829720913,0.0037007379925031447,-0.0017695797021222148,36663,21086,0.2521343043395249,0.42486975970324303,0.0,0.2564983771104383,0.06649755884679377,0.0,0.3229959359572321
1.0,0.5,0.7374143835616438,0.23481439052996209,6.985582851180879,8.266317540844993,0.2360907162669277,0.23353031297876997,0.42486975970324303,0.4267145265676837,0.42301378857518057,0.3716609589041096,0.3654109589041096,8.267199651927992,8.26543007222587,0.0025604032881577365,0.0037007379925031447,-0.0017695797021222148,36663,21086,0.23481439052996209,0.42486975970324303,0.0,0.2564983771104383,0.08381747265635654,0.0,0.34031584976679485
1.0,0.6000000000000001,0.6806506849315068,0.2168671412595805,6.985582851180879,8.266317540844993,0.2171643008647414,0.21656817684394836,0.42486975970324303,0.4267145265676837,0.42301378857518057,0.34186643835616437,0.33886986301369865,8.267199651927992,8.26543007222587,0.0005961240207930374,0.0037007379925031447,-0.0017695797021222148,36663,21086,0.2168671412595805,0.42486975970324303,0.0,0.2564983771104383,0.10176472192673813,0.0,0.35826309903717646
1.0,0.7000000000000001,0.6273116438356164,0.19987453290783624,6.985582851180879,8.266317540844993,0.19976070049491487,0.19998905668636463,0.42486975970324303,0.4267145265676837,0.42301378857518057,0.31446917808219177,0.3129280821917808,8.267199651927992,8.26543007222587,-0.00022835619144975783,0.0037007379925031447,-0.0017695797021222148,36663,21086,0.19987453290783624,0.42486975970324303,0.0,0.2564983771104383,0.1187573302784824,0.0,0.3752557073889207
1.0,0.8,0.5761130136986301,0.18345470910727438,6.985582851180879,8.266317540844993,0.18360798390166966,0.18330050339242723,0.42486975970324303,0.4267145265676837,0.42301378857518057,0.28904109589041094,0.2868150684931507,8.267199651927992,8.26543007222587,0.00030748050924242487,0.0037007379925031447,-0.0017695797021222148,36663,21086,0.18345470910727438,0.42486975970324303,0.0,0.2564983771104383,0.13517715407904426,0.0,0.39167553118948256
1.0,0.9,0.5258561643835616,0.16758039440307668,6.985582851180879,8.266317540844993,0.1672377223038016,0.16792514773473408,0.42486975970324303,0.4267145265676837,0.42301378857518057,0.2632705479452055,0.2627568493150685,8.267199651927992,8.26543007222587,-0.0006874254309324757,0.0037007379925031447,-0.0017695797021222148,36663,21086,0.16758039440307668,0.42486975970324303,0.0,0.2564983771104383,0.15105146878324197,0.0,0.40754984589368026
1.0,1.0,0.47414383561643836,0.15110601969287837,6.985582851180879,8.266317540844993,0.15037798444553216,0.15183847669074196,0.42486975970324303,0.4267145265676837,0.42301378857518057,0.2367294520547945,0.23758561643835616,8.267199651927992,8.26543007222587,-0.0014604922452098046,0.0037007379925031447,-0.0017695797021222148,36663,21086,0.15110601969287837,0.42486975970324303,0.0,0.2564983771104383,0.16752584349344024,0.0,0.42402422060387857
