class1_cancel_prob,class_id,mean,std,n,se,ci95,metric
0.0,1,11.132870080131067,0.0370365393665465,100,0.00370365393665465,0.007259161715843114,mean_accepted_booking_delay
0.0,2,11.12965890336646,0.034007368554186616,100,0.003400736855418662,0.006665444236620577,mean_accepted_booking_delay
0.05,1,9.810662538785312,0.05066383605249353,100,0.005066383605249353,0.009930111866288732,mean_accepted_booking_delay
0.05,2,9.809148182085057,0.054361596181336444,100,0.005436159618133644,0.010654872851541942,mean_accepted_booking_delay
0.1,1,8.350183612461322,0.08201680685626332,100,0.008201680685626333,0.016075294143827613,mean_accepted_booking_delay
0.1,2,8.347558429266552,0.08579954462625618,100,0.008579954462625617,0.01681671074674621,mean_accepted_booking_delay
0.15,1,7.543499658495033,0.048612488486789,100,0.0048612488486789,0.009528047743410643,mean_accepted_booking_delay
0.15,2,7.544813945430251,0.04626431172866215,100,0.004626431172866215,0.00906780509881778,mean_accepted_booking_delay
0.2,1,7.183132025113782,0.030232112015703343,100,0.0030232112015703342,0.005925493955077855,mean_accepted_booking_delay
0.2,2,7.179455634373593,0.03197993495302006,100,0.003197993495302006,0.006268067250791932,mean_accepted_booking_delay
0.25,1,6.986684457038385,0.02754312877521584,100,0.002754312877521584,0.005398453239942305,mean_accepted_booking_delay
0.25,2,6.988016289588902,0.03073501446154748,100,0.003073501446154748,0.006024062834463306,mean_accepted_booking_delay
0.3,1,6.852044213699621,0.025445064974896268,100,0.002544506497489627,0.0049872327350796684,mean_accepted_booking_delay
0.3,2,6.846948891131623,0.02494858543224011,100,0.002494858543224011,0.004889922744719061,mean_accepted_booking_delay
0.0,1,11.838177741426167,0.02177344537202727,100,0.002177344537202727,0.004267595292917345,mean_offered_booking_delay
0.0,2,11.83550110695967,0.023234649004323142,100,0.002323464900432314,0.0045539912048473356,mean_offered_booking_delay
0.05,1,10.820038592334152,0.045619842117081914,100,0.004561984211708192,0.008941489054948055,mean_offered_booking_delay
0.05,2,10.819060046207074,0.04819805441641965,100,0.004819805441641965,0.00944681866561825,mean_offered_booking_delay
0.1,1,9.3130393634939,0.08911706212608536,100,0.008911706212608537,0.017466944176712733,mean_offered_booking_delay
0.1,2,9.31019668845032,0.09139205364769944,100,0.009139205364769944,0.017912842514949092,mean_offered_booking_delay
0.15,1,8.415549974076367,0.05103188397203037,100,0.005103188397203038,0.010002249258517953,mean_offered_booking_delay
0.15,2,8.41569332986792,0.04851936651558887,100,0.004851936651558887,0.009509795837055418,mean_offered_booking_delay
0.2,1,7.972945100652838,0.0345003778529186,100,0.00345003778529186,0.006762074059172046,mean_offered_booking_delay
0.2,2,7.9688548569790205,0.036033449279416783,100,0.0036033449279416784,0.00706255605876569,mean_offered_booking_delay
0.25,1,7.696841014970767,0.03146260527924883,100,0.003146260527924883,0.006166670634732771,mean_offered_booking_delay
0.25,2,7.698160596412299,0.032759875850037964,100,0.0032759875850037964,0.006420935666607441,mean_offered_booking_delay
0.3,1,7.4746737669248775,0.03432575375404572,100,0.0034325753754045722,0.006727847735792962,mean_offered_booking_delay
0.3,2,7.471977378349147,0.030176372821576793,100,0.0030176372821576793,0.005914569073029051,mean_offered_booking_delay
0.0,1,0.34359014146950445,0.0033021873780934405,100,0.00033021873780934407,0.0006472287261063144,percent_serviced
0.0,2,0.13505270342300865,0.002353084882214157,100,0.00023530848822141568,0.00046120463691397474,percent_serviced
0.05,1,0.30399966167086284,0.003088784181430719,100,0.00030887841814307193,0.000605401699560421,percent_serviced
0.05,2,0.21076745604262123,0.002901742995020056,100,0.0002901742995020056,0.0005687416270239309,percent_serviced
0.1,1,0.2688976243790122,0.0030578761420701796,100,0.00030578761420701795,0.0005993437238457552,percent_serviced
0.1,2,0.2685650027559174,0.002671576875694467,100,0.0002671576875694467,0.0005236290676361155,percent_serviced
0.15,1,0.2407954706922331,0.003113210919032249,100,0.0003113210919032249,0.0006101893401303208,percent_serviced
0.15,2,0.3109470597213019,0.0033239401577096327,100,0.0003323940157709633,0.000651492270911088,percent_serviced
0.2,1,0.2167032162962955,0.0028154817501983465,100,0.0002815481750198346,0.0005518344230388758,percent_serviced
0.2,2,0.3447632094644362,0.0032142881470069973,100,0.0003214288147006997,0.0006300004768133715,percent_serviced
0.25,1,0.1938741191515664,0.002534224202554175,100,0.0002534224202554175,0.0004967079437006183,percent_serviced
0.25,2,0.3712416459538781,0.0033902746549227428,100,0.0003390274654922743,0.0006644938323648575,percent_serviced
0.3,1,0.1747279888765863,0.0026628842600314425,100,0.00026628842600314427,0.0005219253149661628,percent_serviced
0.3,2,0.39452581158791955,0.0033533297190094717,100,0.0003353329719009472,0.0006572526249258565,percent_serviced
0.0,1,0.5371952054794521,0.004815466880907467,100,0.00048154668809074667,0.0009438315086578635,slot_utilization
0.0,2,0.21080650684931507,0.003993424077962678,100,0.0003993424077962678,0.0007827111192806849,slot_utilization
0.05,1,0.47504537671232877,0.005245843618849398,100,0.0005245843618849398,0.001028185349294482,slot_utilization
0.05,2,0.328986301369863,0.004855432152960453,100,0.0004855432152960453,0.0009516647019802488,slot_utilization
0.1,1,0.42071575342465756,0.00427048218565983,100,0.00042704821856598304,0.0008370145083893267,slot_utilization
0.1,2,0.4195393835616439,0.0041619652391149875,100,0.00041619652391149874,0.0008157451868665375,slot_utilization
0.15,1,0.3761823630136986,0.004582423978390012,100,0.0004582423978390012,0.0008981550997644423,slot_utilization
0.15,2,0.48583732876712327,0.005285282500130237,100,0.0005285282500130237,0.0010359153700255266,slot_utilization
0.2,1,0.338138698630137,0.004461614346925933,100,0.0004461614346925933,0.0008744764119974829,slot_utilization
0.2,2,0.5380907534246575,0.0044609850058885455,100,0.00044609850058885457,0.0008743530611541549,slot_utilization
0.25,1,0.3031892123287671,0.004552591235415197,100,0.0004552591235415197,0.0008923078821413786,slot_utilization
0.25,2,0.5808501712328767,0.005024806782801536,100,0.0005024806782801536,0.000984862129429101,slot_utilization
0.3,1,0.27297517123287673,0.004223207402376732,100,0.00042232074023767325,0.0008277486508658395,slot_utilization
0.3,2,0.6160513698630137,0.004784804418079055,100,0.0004784804418079055,0.0009378216659434948,slot_utilization
0.0,1,0.43915540152025057,0.004124443197919388,100,0.0004124443197919388,0.0008083908667922001,balking_rate
0.0,2,0.4388998395055801,0.004859254676261701,100,0.00048592546762617005,0.0009524139165472933,balking_rate
0.05,1,0.39383953037871905,0.003556320136052367,100,0.00035563201360523666,0.0006970387466662638,balking_rate
0.05,2,0.39414456015569443,0.004343727490693064,100,0.0004343727490693064,0.0008513705881758406,balking_rate
0.1,1,0.3558386361080537,0.0035465395892451653,100,0.00035465395892451653,0.0006951217594920524,balking_rate
0.1,2,0.3556394154774364,0.003810446989646798,100,0.0003810446989646798,0.0007468476099707724,balking_rate
0.15,1,0.31633179950607726,0.00433665529418031,100,0.000433665529418031,0.0008499844376593408,balking_rate
0.15,2,0.31593956769610754,0.003916732425058698,100,0.0003916732425058698,0.0007676795553115048,balking_rate
0.2,1,0.2721222803051526,0.005045257116808304,100,0.0005045257116808304,0.0009888703948944275,balking_rate
0.2,2,0.27162043071947517,0.004812699772465366,100,0.0004812699772465366,0.0009432891554032117,balking_rate
0.25,1,0.2332650994280606,0.005103676367752271,100,0.0005103676367752271,0.001000320568079445,balking_rate
0.25,2,0.2334061068122566,0.0044043885046156145,100,0.00044043885046156145,0.0008632601469046604,balking_rate
0.3,1,0.19708529036939054,0.005634794799631866,100,0.0005634794799631866,0.0011044197807278456,balking_rate
0.3,2,0.19749671443889225,0.00470109177332161,100,0.000470109177332161,0.0009214139875710356,balking_rate
0.0,1,18261.89,117.37025030460563,100,11.737025030460563,23.004569059702703,arrivals
0.0,2,18231.63,147.06726661324376,100,14.706726661324376,28.825184256195776,arrivals
0.05,1,18252.09,135.54499756035372,100,13.554499756035373,26.56681952182933,arrivals
0.05,2,18231.59,145.52254120925795,100,14.552254120925795,28.522418077014557,arrivals
0.1,1,18275.24,140.97360738733312,100,14.097360738733311,27.63082704791729,arrivals
0.1,2,18246.4,130.17734600974725,100,13.017734600974725,25.51475981791046,arrivals
0.15,1,18247.68,129.79275477436855,100,12.979275477436854,25.439379935776234,arrivals
0.15,2,18249.72,122.8191641019721,100,12.28191641019721,24.072556163986533,arrivals
0.2,1,18225.65,134.96474474184842,100,13.496474474184842,26.45308996940229,arrivals
0.2,2,18230.33,142.62829100125694,100,14.262829100125694,27.95514503624636,arrivals
0.25,1,18265.85,152.559137399371,100,15.2559137399371,29.901590930276715,arrivals
0.25,2,18275.27,134.3816256529561,100,13.43816256529561,26.338798627979394,arrivals
0.3,1,18247.85,121.92864074672286,100,12.192864074672286,23.89801358635768,arrivals
0.3,2,18238.98,145.25338223430506,100,14.525338223430506,28.46966291792379,arrivals
0.0,1,8527.95,53.9087097777245,100,5.39087097777245,10.566107116434003,booked
0.0,2,8512.95,101.54328081556109,100,10.154328081556109,19.902483039849972,booked
0.05,1,10772.12,80.18215121669765,100,8.018215121669765,15.71570163847274,booked
0.05,2,10756.68,107.33191039899974,100,10.733191039899975,21.03705443820395,booked
0.1,1,11772.05,97.7623768288819,100,9.77623768288819,19.161425858460852,booked
0.1,2,11757.19,103.22542704139681,100,10.322542704139682,20.232183700113776,booked
0.15,1,12475.12,89.95860776552225,100,8.995860776552224,17.631887122042357,booked
0.15,2,12483.72,85.64008312924403,100,8.564008312924404,16.78545629333183,booked
0.2,1,13265.87,115.95807802212768,100,11.595807802212768,22.727783292337026,booked
0.2,2,13278.18,84.95041691088556,100,8.495041691088556,16.65028171453357,booked
0.25,1,14004.86,128.6621933591992,100,12.866219335919919,25.21778989840304,booked
0.25,2,14009.41,92.75982836107313,100,9.275982836107314,18.180926358770336,booked
0.3,1,14651.29,122.08097122546783,100,12.208097122546784,23.927870360191697,booked
0.3,2,14636.4,88.92920802753206,100,8.892920802753206,17.430124773396283,booked
0.0,1,6678.06,97.61228395954042,100,9.761228395954042,19.132007656069923,balked
0.0,2,6659.17,107.23956519603364,100,10.723956519603364,21.018954778422593,balked
0.05,1,6999.13,86.97516828951763,100,8.697516828951763,17.047132984745453,balked
0.05,2,6998.04,104.7149010649893,100,10.47149010649893,20.524120608737903,balked
0.1,1,6503.14,91.14856559541137,100,9.114856559541137,17.865118856700626,balked
0.1,2,6489.18,87.50265565955546,100,8.750265565955546,17.15052050927287,balked
0.15,1,5772.56,103.48506162629455,100,10.348506162629455,20.283072078753733,balked
0.15,2,5766.0,94.0422213366922,100,9.404222133669219,18.43227538199167,balked
0.2,1,4959.78,107.44654108866975,100,10.744654108866975,21.05952205337927,balked
0.2,2,4952.15,115.67757131376212,100,11.567757131376212,22.672803977497374,balked
0.25,1,4260.99,108.36782621043845,100,10.836782621043845,21.240093937245938,balked
0.25,2,4265.86,100.36509313098803,100,10.036509313098803,19.671558253673652,balked
0.3,1,3596.56,111.64720047424997,100,11.164720047424996,21.882851292952992,balked
0.3,2,3602.58,106.8115663543547,100,10.68115663543547,20.93506700545352,balked
0.0,1,15206.01,104.48029102237982,100,10.448029102237982,20.478137040386443,offered
0.0,2,15172.12,149.84505667555734,100,14.984505667555734,29.369631108409237,offered
0.05,1,17771.25,114.40830433587459,100,11.44083043358746,22.42402764983142,offered
0.05,2,17754.72,148.09627499254205,100,14.809627499254205,29.02686989853824,offered
0.1,1,18275.19,140.98367947669647,100,14.098367947669647,27.63280117743251,offered
0.1,2,18246.37,130.20338829397824,100,13.020338829397824,25.519864105619735,offered
0.15,1,18247.68,129.79275477436855,100,12.979275477436854,25.439379935776234,offered
0.15,2,18249.72,122.8191641019721,100,12.28191641019721,24.072556163986533,offered
0.2,1,18225.65,134.96474474184842,100,13.496474474184842,26.45308996940229,offered
0.2,2,18230.33,142.62829100125694,100,14.262829100125694,27.95514503624636,offered
0.25,1,18265.85,152.559137399371,100,15.2559137399371,29.901590930276715,offered
0.25,2,18275.27,134.3816256529561,100,13.43816256529561,26.338798627979394,offered
0.3,1,18247.85,121.92864074672286,100,12.192864074672286,23.89801358635768,offered
0.3,2,18238.98,145.25338223430506,100,14.525338223430506,28.46966291792379,offered
0.0,1,3055.88,116.63950159930101,100,11.663950159930101,22.861342313463,no_offer
0.0,2,3059.51,114.50706784237637,100,11.450706784237637,22.443385297105767,no_offer
0.05,1,480.84,92.06648015253309,100,9.20664801525331,18.045030109896487,no_offer
0.05,2,476.87,92.45918072863346,100,9.245918072863345,18.121999422812156,no_offer
0.1,1,0.05,0.41132945334843124,100,0.04113294533484312,0.08062057285629252,no_offer
0.1,2,0.03,0.22270150335361366,100,0.022270150335361366,0.043649494657308274,no_offer
0.15,1,0.0,0.0,100,0.0,0.0,no_offer
0.15,2,0.0,0.0,100,0.0,0.0,no_offer
0.2,1,0.0,0.0,100,0.0,0.0,no_offer
0.2,2,0.0,0.0,100,0.0,0.0,no_offer
0.25,1,0.0,0.0,100,0.0,0.0,no_offer
0.25,2,0.0,0.0,100,0.0,0.0,no_offer
0.3,1,0.0,0.0,100,0.0,0.0,no_offer
0.3,2,0.0,0.0,100,0.0,0.0,no_offer
0.0,1,0.0,0.0,100,0.0,0.0,canceled
0.0,2,5356.74,74.01960155351699,100,7.401960155351699,14.50784190448933,canceled
0.05,1,3758.72,60.950067326219624,100,6.095006732621963,11.946213195939047,canceled
0.05,2,6085.84,78.46555185737778,100,7.8465551857377775,15.379248164046043,canceled
0.1,1,5925.69,90.13936403977429,100,9.013936403977429,17.66731535179576,canceled
0.1,2,5923.64,91.29002733546027,100,9.129002733546027,17.892845357750215,canceled
0.15,1,7465.59,73.7260962802674,100,7.37260962802674,14.45031487093241,canceled
0.15,2,5812.96,72.24368414602002,100,7.224368414602002,14.159762092619923,canceled
0.2,1,8911.37,92.59345865588232,100,9.259345865588232,18.148317896552935,canceled
0.2,2,5950.9,72.16766393040389,100,7.216766393040389,14.144862130359163,canceled
0.25,1,10208.95,101.523682364304,100,10.1523682364304,19.898641743403584,canceled
0.25,2,6126.39,76.06189598085244,100,7.606189598085244,14.908131612247079,canceled
0.3,1,11303.33,106.43327259438956,100,10.643327259438957,20.860921428500355,canceled
0.3,2,6304.63,72.84252490368134,100,7.284252490368134,14.277134881121542,canceled
0.0,1,2203.26,44.20809834856011,100,4.42080983485601,8.66478727631778,no_show
0.0,2,678.09,28.372733745658348,100,2.837273374565835,5.561055814149037,no_show
0.05,1,1438.5,32.85182528022489,100,3.2851825280224887,6.438957754924077,no_show
0.05,2,814.16,26.189951037631495,100,2.6189951037631496,5.133230403375773,no_show
0.1,1,926.23,27.466363266932728,100,2.746636326693273,5.383407200318815,no_show
0.1,2,926.89,26.544757324453762,100,2.654475732445376,5.202772435592937,no_show
0.15,1,614.85,23.16230610803733,100,2.316230610803733,4.539811997175317,no_show
0.15,2,994.64,28.522725300816873,100,2.852272530081687,5.590454158960107,no_show
0.2,1,405.0,19.12320500588146,100,1.9123205005881458,3.7481481811527657,no_show
0.2,2,1042.04,31.704736287032926,100,3.1704736287032924,6.214128312258453,no_show
0.25,1,254.65,16.309738678396286,100,1.6309738678396286,3.1967087809656722,no_show
0.25,2,1098.58,32.6091577891422,100,3.26091577891422,6.391394926671871,no_show
0.3,1,159.61,14.45850558800541,100,1.445850558800541,2.8338670952490603,no_show
0.3,2,1136.26,32.431939613145374,100,3.2431939613145375,6.3566601641764935,no_show
0.0,1,6274.44,56.244653168999136,100,5.624465316899913,11.02395202112383,served
0.0,2,2462.22,46.64319323060418,100,4.664319323060418,9.142065873198419,served
0.05,1,5548.53,61.27145346816103,100,6.127145346816103,12.009204879759562,served
0.05,2,3842.56,56.71144754657818,100,5.671144754657818,11.115443719129322,served
0.1,1,4913.96,49.87923192850681,100,4.9879231928506815,9.776329457987336,served
0.1,2,4900.22,48.61175399286287,100,4.861175399286287,9.527903782601122,served
0.15,1,4393.81,53.5227120675953,100,5.35227120675953,10.49045156524868,served
0.15,2,5674.58,61.7320996015211,100,6.17320996015211,12.099491521898134,served
0.2,1,3949.46,52.1116555720949,100,5.2111655572094895,10.2138844921306,served
0.2,2,6284.9,52.10430486877823,100,5.210430486877823,10.212443754280534,served
0.25,1,3541.25,53.17426562964953,100,5.317426562964953,10.422156063411308,served
0.25,2,6784.33,58.68974322312208,100,5.868974322312208,11.503189671731928,served
0.3,1,3188.35,49.327062459760214,100,4.932706245976021,9.668104242113001,served
0.3,2,7195.48,55.886515603163524,100,5.588651560316352,10.95375705822005,served
