class1_balk_threshold,seed,average_utilization,overall_percent_serviced,total_served,total_value
3,1,0.8396404109589041,0.267971180612412,9819,10930.0
3,2,0.8468321917808219,0.27262449677383777,9887,11029.0
3,3,0.8372431506849315,0.2689237544728874,9770,10904.0
3,4,0.8410958904109589,0.27136220341795253,9813,10962.0
3,5,0.8408390410958904,0.2687405783198575,9805,10961.0
3,6,0.8413527397260274,0.26877070046259544,9819,10951.0
3,7,0.833904109589041,0.26482267188859876,9737,10871.0
3,8,0.8386986301369863,0.2679543651336489,9794,10933.0
3,9,0.8385273972602739,0.2678434801617663,9802,10922.0
3,10,0.8393835616438357,0.26999118845687853,9805,10926.0
3,11,0.842722602739726,0.27065792721388804,9869,10978.0
3,12,0.8416095890410958,0.26838134805663366,9819,10964.0
3,13,0.8405821917808219,0.27175745515849986,9833,10956.0
3,14,0.838013698630137,0.26609920591754593,9785,10920.0
3,15,0.8407534246575342,0.26957549763554384,9805,10951.0
3,16,0.842208904109589,0.271013094417643,9831,10957.0
3,17,0.8398972602739726,0.27096613958109117,9819,10944.0
3,18,0.8400684931506849,0.2689220654704835,9817,10949.0
3,19,0.8392979452054794,0.2672791020030984,9834,10962.0
3,20,0.8418664383561644,0.26923287671232876,9827,10949.0
3,21,0.8341609589041096,0.2655430506993007,9721,10883.0
3,22,0.8433219178082192,0.26811140453567833,9848,10983.0
3,23,0.8361301369863013,0.2678532250987275,9767,10898.0
3,24,0.8416952054794521,0.27135803150257926,9837,10994.0
3,25,0.8421232876712329,0.27125606528451696,9839,10967.0
3,26,0.8379280821917808,0.26853756892436836,9789,10930.0
3,27,0.8404109589041096,0.2666938442723196,9813,10925.0
3,28,0.842208904109589,0.268743515535412,9843,10980.0
3,29,0.8455479452054795,0.27061629564645245,9871,11017.0
3,30,0.8344178082191781,0.26639321848509706,9742,10882.0
3,31,0.8451198630136987,0.27126620249332634,9857,11007.0
3,32,0.8388698630136986,0.27136332179930794,9803,10943.0
3,33,0.8454623287671232,0.27034637360234015,9889,11015.0
3,34,0.8363869863013699,0.2662557276892865,9762,10900.0
3,35,0.8415239726027397,0.2700293480347788,9845,10929.0
3,36,0.8416095890410958,0.2712028022175028,9833,10944.0
3,37,0.8445205479452055,0.27089281792224906,9867,10995.0
3,38,0.8424657534246576,0.26882396348629367,9836,10959.0
3,39,0.8406678082191781,0.2691737578918474,9806,10939.0
3,40,0.8374143835616439,0.26885731526688245,9802,10895.0
3,41,0.842722602739726,0.26938552073354316,9842,10983.0
3,42,0.836986301369863,0.2657791060997147,9782,10903.0
3,43,0.8429794520547945,0.27057918452577207,9848,10975.0
3,44,0.8456335616438356,0.269546707420244,9877,11012.0
3,45,0.8379280821917808,0.26677385948656457,9789,10926.0
3,46,0.8389554794520548,0.2671032883067267,9788,10934.0
3,47,0.8476883561643835,0.2698109604735536,9891,11015.0
3,48,0.8410958904109589,0.27091963545981773,9810,10959.0
3,49,0.8365582191780822,0.2662482946793997,9758,10901.0
3,50,0.8429794520547945,0.2694553329130232,9830,10977.0
3,51,0.8392123287671233,0.26934270495854157,9810,10915.0
3,52,0.8373287671232876,0.2686403207645621,9782,10908.0
3,53,0.8382705479452055,0.2666484865012272,9778,10912.0
3,54,0.8420376712328768,0.2672282608695652,9834,10956.0
3,55,0.8434075342465753,0.2666122671018632,9802,10953.0
3,56,0.8422945205479452,0.27180678894514065,9825,10979.0
3,57,0.8441780821917808,0.2683936694723652,9853,10995.0
3,58,0.8359589041095891,0.26660841547661307,9764,10883.0
3,59,0.8370719178082192,0.2676633777024626,9793,10905.0
3,60,0.8420376712328768,0.269862600444286,9840,10961.0
3,61,0.8423801369863013,0.2685559685177088,9827,10974.0
3,62,0.8412671232876713,0.269620635661896,9815,10956.0
3,63,0.8404109589041096,0.2687904702057321,9838,10962.0
3,64,0.8446061643835616,0.2695692576801137,9863,11002.0
3,65,0.8416952054794521,0.2706969580284944,9842,10982.0
3,66,0.8375856164383562,0.26804293518543937,9764,10907.0
3,67,0.8393835616438357,0.2719957825809495,9803,10900.0
3,68,0.8387842465753425,0.27116765056400877,9784,10930.0
3,69,0.8386130136986302,0.26906715701073086,9804,10928.0
3,70,0.8392979452054794,0.26854058792909785,9802,10951.0
3,71,0.8304794520547946,0.2658655033336077,9690,10824.0
3,72,0.8421232876712329,0.2706393032775626,9851,10952.0
3,73,0.8416095890410958,0.26853570648613234,9837,10948.0
3,74,0.842722602739726,0.27111172337787576,9840,10965.0
3,75,0.8393835616438357,0.26582519001085775,9793,10922.0
3,76,0.8386986301369863,0.2679440223036134,9803,10936.0
3,77,0.8412671232876713,0.26791115955852296,9831,10959.0
3,78,0.8404965753424658,0.27081952728075986,9808,10958.0
3,79,0.8474315068493151,0.2721095920556763,9892,11045.0
3,80,0.8417808219178082,0.26907817331107886,9834,10974.0
3,81,0.8455479452054795,0.2713498622589532,9850,11004.0
3,82,0.8359589041095891,0.26858993714144547,9785,10918.0
3,83,0.8380993150684931,0.26872790066606367,9804,10937.0
3,84,0.8391267123287671,0.26669753758988884,9791,10940.0
3,85,0.8391267123287671,0.2692772076175841,9813,10938.0
3,86,0.8423801369863013,0.2692465248381899,9859,10984.0
3,87,0.8494006849315069,0.27106407416523093,9912,11066.0
3,88,0.8421232876712329,0.2698556203939618,9850,10977.0
3,89,0.8350171232876712,0.2681237113402062,9753,10883.0
3,90,0.8420376712328768,0.2675684502748898,9831,10963.0
3,91,0.8428082191780822,0.2717820007171029,9854,10977.0
3,92,0.8453767123287671,0.2711892337269981,9874,11003.0
3,93,0.8404965753424658,0.2691190971841788,9825,10965.0
3,94,0.8435787671232877,0.26967830253251196,9850,10982.0
3,95,0.8430650684931507,0.27139236321560417,9851,10965.0
3,96,0.8404965753424658,0.2685765933554271,9806,10945.0
3,97,0.8440924657534247,0.2719746101835242,9855,10981.0
3,98,0.8425513698630137,0.26912871016276846,9838,10974.0
3,99,0.841181506849315,0.2688354291962821,9834,10957.0
3,100,0.8361301369863013,0.2671343177661926,9787,10905.0
4,1,0.8452054794520548,0.2712385132354958,9888,11013.0
4,2,0.8361301369863013,0.26736519574316747,9773,10910.0
4,3,0.8448630136986301,0.2696958091694934,9859,11007.0
4,4,0.8356164383561644,0.26912173506178955,9778,10894.0
4,5,0.8398972602739726,0.27097665423401024,9808,10944.0
4,6,0.842722602739726,0.2696007234660601,9838,10976.0
4,7,0.8455479452054795,0.27044663175499684,9864,10998.0
4,8,0.8433219178082192,0.27007419620774936,9828,10989.0
4,9,0.8386986301369863,0.2697543936851949,9808,10922.0
4,10,0.8414383561643836,0.2687534171678513,9831,10953.0
4,11,0.8398116438356165,0.2683606557377049,9822,10929.0
4,12,0.8467465753424658,0.27307342107441435,9897,11028.0
4,13,0.841181506849315,0.2685927865990069,9845,10971.0
4,14,0.8416095890410958,0.268355329671831,9821,10946.0
4,15,0.8355308219178083,0.26665390505359876,9751,10892.0
4,16,0.8406678082191781,0.267081084028573,9796,10968.0
4,17,0.8425513698630137,0.2688469005496158,9832,10965.0
4,18,0.8456335616438356,0.2731571088867998,9879,11013.0
4,19,0.842722602739726,0.26878573187077714,9826,10988.0
4,20,0.8439212328767123,0.26666846915048936,9863,10997.0
4,21,0.8424657534246576,0.2685018297012398,9832,10957.0
4,22,0.8439212328767123,0.26892978868438994,9863,10997.0
4,23,0.8416952054794521,0.2712814424165447,9825,10950.0
4,24,0.8426369863013699,0.2731739818439244,9840,10981.0
4,25,0.8373287671232876,0.2685202975324568,9783,10908.0
4,26,0.8461472602739726,0.2742911048221519,9886,11008.0
4,27,0.8398116438356165,0.2702576241329957,9819,10957.0
4,28,0.8391267123287671,0.27177256227659397,9808,10912.0
4,29,0.8381849315068494,0.26876579843938897,9782,10920.0
4,30,0.8431506849315068,0.2696546052631579,9837,10986.0
4,31,0.8351883561643836,0.2661206661206661,9748,10881.0
4,32,0.8385273972602739,0.26675201568969276,9793,10936.0
4,33,0.8351883561643836,0.2682383362676056,9751,10896.0
4,34,0.8417808219178082,0.26979020594462316,9812,10952.0
4,35,0.8470890410958904,0.2717806412616424,9892,11030.0
4,36,0.8388698630136986,0.2664183973034685,9801,10925.0
4,37,0.8413527397260274,0.2699136935847397,9820,10938.0
4,38,0.8350171232876712,0.2661827311428883,9754,10897.0
4,39,0.8460616438356164,0.26950664084871956,9882,11015.0
4,40,0.8453767123287671,0.2686903823681278,9887,11008.0
4,41,0.8440924657534247,0.2680936709549324,9857,10990.0
4,42,0.8404965753424658,0.26662859629085767,9805,10950.0
4,43,0.8452054794520548,0.2718232652948792,9868,10997.0
4,44,0.8425513698630137,0.26888779473713004,9830,10987.0
4,45,0.8368150684931507,0.2677478664142038,9757,10891.0
4,46,0.8404109589041096,0.2673631949369851,9801,10949.0
4,47,0.8429794520547945,0.2674554603563172,9833,10967.0
4,48,0.8401541095890411,0.2679736777434945,9814,10943.0
4,49,0.8357020547945205,0.26647188924992493,9759,10903.0
4,50,0.8403253424657534,0.2706800077179636,9820,10947.0
4,51,0.8353595890410959,0.26782823432569625,9761,10896.0
4,52,0.8467465753424658,0.27259177477228813,9876,11014.0
4,53,0.8372431506849315,0.26814217541550106,9777,10921.0
4,54,0.8366438356164384,0.26511514362437955,9774,10916.0
4,55,0.8388698630136986,0.2661244253420745,9783,10915.0
4,56,0.8454623287671232,0.27084990264103337,9876,10995.0
4,57,0.841181506849315,0.2694397190363826,9820,10941.0
4,58,0.8405821917808219,0.2701511855258447,9810,10938.0
4,59,0.8487157534246575,0.27094430331339286,9919,11044.0
4,60,0.8418664383561644,0.26876950878922296,9816,10963.0
4,61,0.8372431506849315,0.2697023250676534,9767,10922.0
4,62,0.8409246575342466,0.2694438350153576,9825,10953.0
4,63,0.836986301369863,0.27059572583324104,9775,10894.0
4,64,0.8458047945205479,0.27071367721014594,9851,11014.0
4,65,0.8416952054794521,0.2694963555652984,9835,10977.0
4,66,0.839041095890411,0.26749454148471613,9801,10924.0
4,67,0.84375,0.2707984059365123,9853,10980.0
4,68,0.8443493150684932,0.2745823024102749,9877,10996.0
4,69,0.846318493150685,0.26946645967807825,9894,10999.0
4,70,0.8391267123287671,0.2691811114468588,9799,10942.0
4,71,0.8375,0.2697491989835377,9766,10904.0
4,72,0.8378424657534247,0.2652215146999052,9788,10919.0
4,73,0.8386130136986302,0.26739766481638455,9779,10907.0
4,74,0.8466609589041096,0.2693335514834206,9877,11003.0
4,75,0.8356164383561644,0.2693847130593204,9759,10892.0
4,76,0.8443493150684932,0.26958620122302357,9831,10974.0
4,77,0.8359589041095891,0.2660520429872893,9754,10892.0
4,78,0.8355308219178083,0.26613893817387746,9750,10894.0
4,79,0.8375,0.2691894867207926,9781,10917.0
4,80,0.8401541095890411,0.2688000878252278,9794,10931.0
4,81,0.8377568493150684,0.2690171057697596,9782,10923.0
4,82,0.8377568493150684,0.27056743466489863,9794,10916.0
4,83,0.8375,0.2668357053274442,9787,10904.0
4,84,0.8339897260273973,0.2682557178286029,9735,10873.0
4,85,0.8363013698630137,0.26846376014303397,9760,10903.0
4,86,0.8392123287671233,0.2707689761694616,9817,10919.0
4,87,0.8345890410958904,0.26702130576654143,9738,10884.0
4,88,0.8395547945205479,0.26827933450087565,9804,10934.0
4,89,0.842208904109589,0.26936764303312344,9840,10951.0
4,90,0.8410102739726028,0.26719591104344514,9828,10960.0
4,91,0.8406678082191781,0.2689811899351094,9824,10945.0
4,92,0.8392979452054794,0.2716497272148218,9809,10926.0
4,93,0.8389554794520548,0.2686710072769054,9821,10955.0
4,94,0.8375856164383562,0.267325111862927,9798,10929.0
4,95,0.8431506849315068,0.2697933532753369,9831,10971.0
4,96,0.8434075342465753,0.27036180406410043,9819,10973.0
4,97,0.8400684931506849,0.2677796873721254,9816,10964.0
4,98,0.838013698630137,0.267058501913614,9769,10906.0
4,99,0.839041095890411,0.267330774883645,9822,10895.0
4,100,0.8468321917808219,0.2677792527972691,9884,11015.0
5,1,0.8370719178082192,0.26531333224631776,9763,10908.0
5,2,0.8373287671232876,0.26550734059266484,9802,10901.0
5,3,0.8357876712328767,0.26615346818442387,9750,10880.0
5,4,0.8415239726027397,0.2692149496832927,9818,10951.0
5,5,0.8414383561643836,0.2687986407979831,9809,10962.0
5,6,0.8362157534246575,0.2690886020081651,9755,10880.0
5,7,0.8438356164383561,0.27065934065934066,9852,10980.0
5,8,0.8356164383561644,0.2647170631041599,9749,10892.0
5,9,0.8471746575342466,0.27048956398207846,9901,11023.0
5,10,0.8358732876712329,0.26434165244018104,9755,10894.0
5,11,0.8408390410958904,0.270219831489969,9846,10959.0
5,12,0.8327054794520548,0.26888526493269577,9728,10858.0
5,13,0.8431506849315068,0.2683146189905156,9845,10993.0
5,14,0.8384417808219178,0.2676995382135148,9797,10924.0
5,15,0.8379280821917808,0.26661940339204887,9778,10924.0
5,16,0.8386986301369863,0.2692954175966493,9773,10931.0
5,17,0.8401541095890411,0.26843504233688653,9796,10946.0
5,18,0.8347602739726028,0.2667450380009842,9757,10867.0
5,19,0.8395547945205479,0.2686501739678365,9806,10936.0
5,20,0.8436643835616439,0.2692349846558527,9826,10989.0
5,21,0.8490582191780822,0.2719481375673003,9900,11036.0
5,22,0.8373287671232876,0.26676663031624864,9785,10883.0
5,23,0.8423801369863013,0.27195866604039454,9843,10957.0
5,24,0.8397260273972603,0.26972618164840295,9821,10945.0
5,25,0.8410102739726028,0.2698203395417834,9822,10943.0
5,26,0.8373287671232876,0.26786349579923924,9788,10917.0
5,27,0.8392123287671233,0.268821345069454,9773,10940.0
5,28,0.842208904109589,0.2694068935260084,9825,10964.0
5,29,0.8379280821917808,0.26801783321025135,9799,10910.0
5,30,0.8352739726027397,0.26736749650042546,9741,10885.0
5,31,0.8387842465753425,0.26704219190068634,9766,10914.0
5,32,0.8434931506849315,0.2683643486777669,9864,10959.0
5,33,0.8381849315068494,0.2669600393593178,9767,10920.0
5,34,0.8375856164383562,0.2663172549340758,9756,10908.0
5,35,0.8356164383561644,0.26841527053007413,9773,10899.0
5,36,0.8353595890410959,0.2660980461618116,9765,10894.0
5,37,0.8421232876712329,0.2707628865979381,9849,10966.0
5,38,0.8423801369863013,0.26619836728051854,9815,10937.0
5,39,0.8399828767123287,0.2677489768076398,9813,10944.0
5,40,0.8429794520547945,0.26975596380586786,9838,10994.0
5,41,0.8389554794520548,0.26837288321367897,9794,10924.0
5,42,0.8379280821917808,0.26840718168341293,9777,10901.0
5,43,0.839041095890411,0.2687123287671233,9808,10930.0
5,44,0.8370719178082192,0.26625108885017423,9781,10908.0
5,45,0.8325342465753425,0.26653509853904556,9724,10830.0
5,46,0.842722602739726,0.2704148831083306,9855,10975.0
5,47,0.8358732876712329,0.26704280901646077,9750,10876.0
5,48,0.8393835616438357,0.26658142445182004,9799,10937.0
5,49,0.8421232876712329,0.26803535010197144,9857,10969.0
5,50,0.8412671232876713,0.2686750944015761,9819,10950.0
5,51,0.8395547945205479,0.267854215616633,9804,10950.0
5,52,0.8400684931506849,0.2681613123718387,9808,10950.0
5,53,0.842208904109589,0.2667390714091773,9824,10972.0
5,54,0.8407534246575342,0.27112510704124193,9815,10944.0
5,55,0.8394691780821918,0.26860761575787484,9798,10922.0
5,56,0.8383561643835616,0.2658832469400494,9797,10934.0
5,57,0.8474315068493151,0.2721694868620168,9892,11026.0
5,58,0.8409246575342466,0.26571003113577907,9814,10940.0
5,59,0.8425513698630137,0.268464243845252,9847,10975.0
5,60,0.8395547945205479,0.2684370632245334,9795,10925.0
5,61,0.8423801369863013,0.27111637776614217,9838,10985.0
5,62,0.8436643835616439,0.27010833880499013,9873,10971.0
5,63,0.8393835616438357,0.2718804579856394,9807,10939.0
5,64,0.8465753424657534,0.27047566976489884,9894,11020.0
5,65,0.8404965753424658,0.27061229000884174,9794,10947.0
5,66,0.84375,0.2679221696831349,9859,10996.0
5,67,0.8400684931506849,0.26767552828902524,9817,10951.0
5,68,0.8372431506849315,0.2670245524157288,9799,10912.0
5,69,0.8430650684931507,0.2690650229107571,9865,10981.0
5,70,0.8382705479452055,0.2680915193862173,9784,10928.0
5,71,0.8395547945205479,0.2688939522881379,9795,10931.0
5,72,0.8441780821917808,0.26611945134463766,9856,10996.0
5,73,0.8399828767123287,0.27079943744312385,9820,10946.0
5,74,0.8414383561643836,0.2704859391337846,9830,10948.0
5,75,0.8383561643835616,0.2695062710980597,9820,10921.0
5,76,0.8455479452054795,0.2697960859449843,9857,11007.0
5,77,0.8416952054794521,0.270421217707101,9829,10951.0
5,78,0.8414383561643836,0.2692349756657735,9847,10968.0
5,79,0.8345034246575342,0.26752554664322603,9739,10884.0
5,80,0.8410958904109589,0.26611677881484697,9808,10969.0
5,81,0.8386986301369863,0.26973919256877454,9815,10936.0
5,82,0.8409246575342466,0.2709622418392322,9853,10967.0
5,83,0.8415239726027397,0.27035211849241525,9820,10952.0
5,84,0.8394691780821918,0.26761062912642547,9809,10930.0
5,85,0.8356164383561644,0.26785076022105525,9742,10891.0
5,86,0.8412671232876713,0.2720840243228303,9844,10943.0
5,87,0.8398116438356165,0.27077059099825934,9800,10942.0
5,88,0.8404109589041096,0.2690282956788769,9812,10944.0
5,89,0.8467465753424658,0.2701261044396422,9875,11025.0
5,90,0.8434931506849315,0.27154068566707973,9861,10975.0
5,91,0.8389554794520548,0.2708379333186134,9813,10938.0
5,92,0.8421232876712329,0.2695506574071532,9820,10945.0
5,93,0.8443493150684932,0.2731804586241276,9864,10985.0
5,94,0.8418664383561644,0.27008664557832485,9819,10955.0
5,95,0.8407534246575342,0.2696505951401459,9832,10929.0
5,96,0.8407534246575342,0.2694260697719101,9816,10955.0
5,97,0.8426369863013699,0.26991575423286956,9836,10961.0
5,98,0.8446061643835616,0.2716341523814765,9872,10999.0
5,99,0.8356164383561644,0.26767123287671235,9770,10897.0
5,100,0.8397260273972603,0.26973882953890094,9822,10944.0
6,1,0.8392979452054794,0.2699840457721296,9815,10934.0
6,2,0.8439212328767123,0.27136769759450174,9871,10985.0
6,3,0.839041095890411,0.2681438927643277,9802,10928.0
6,4,0.8416095890410958,0.27047781569965873,9827,10947.0
6,5,0.8435787671232877,0.2696213966985135,9849,10989.0
6,6,0.841181506849315,0.2666413394480475,9826,10959.0
6,7,0.8412671232876713,0.26787809336716595,9818,10949.0
6,8,0.8363013698630137,0.26942276400341986,9769,10896.0
6,9,0.8428938356164384,0.27037647705413576,9839,10980.0
6,10,0.8404965753424658,0.2681959862197189,9809,10939.0
6,11,0.8430650684931507,0.27043332139610476,9817,10973.0
6,12,0.8395547945205479,0.26859628484666104,9818,10930.0
6,13,0.8488013698630137,0.2717895256645908,9907,11038.0
6,14,0.8410102739726028,0.26823864102634243,9806,10944.0
6,15,0.8461472602739726,0.2683857602355122,9846,11006.0
6,16,0.8378424657534247,0.2674946654264923,9778,10915.0
6,17,0.843236301369863,0.27185939353806254,9853,10976.0
6,18,0.8457191780821918,0.27157332452227545,9863,11000.0
6,19,0.831763698630137,0.2648905388436971,9704,10843.0
6,20,0.8458047945205479,0.2702272914210512,9856,11006.0
6,21,0.8392979452054794,0.2701068886873849,9830,10939.0
6,22,0.8425513698630137,0.27114208583549115,9843,10956.0
6,23,0.8331335616438356,0.26463388097051466,9729,10847.0
6,24,0.842722602739726,0.2697467694586957,9832,10970.0
6,25,0.8453767123287671,0.2675937746149876,9852,11002.0
6,26,0.8402397260273973,0.2703758736448187,9826,10939.0
6,27,0.8400684931506849,0.2671324472585355,9788,10923.0
6,28,0.8414383561643836,0.269519890260631,9824,10954.0
6,29,0.8402397260273973,0.26897667150963567,9812,10930.0
6,30,0.8405821917808219,0.26752878267037705,9806,10944.0
6,31,0.8382705479452055,0.2672590567327409,9775,10936.0
6,32,0.8351027397260274,0.26519727891156464,9746,10883.0
6,33,0.8352739726027397,0.2670395350112409,9740,10876.0
6,34,0.841181506849315,0.26885048341595685,9816,10953.0
6,35,0.8358732876712329,0.26794534079683896,9765,10892.0
6,36,0.8399828767123287,0.2681518377623909,9798,10945.0
6,37,0.8410102739726028,0.2694733955019199,9825,10961.0
6,38,0.8424657534246576,0.26875580569367796,9837,10968.0
6,39,0.8408390410958904,0.267677317511295,9835,10956.0
6,40,0.8431506849315068,0.27147396049178063,9826,10971.0
6,41,0.8416095890410958,0.26967773839940656,9816,10941.0
6,42,0.8418664383561644,0.26963947390098575,9820,10952.0
6,43,0.8415239726027397,0.2679380149506193,9821,10960.0
6,44,0.8399828767123287,0.26740415792485217,9814,10938.0
6,45,0.8401541095890411,0.26653263054936693,9810,10952.0
6,46,0.8475171232876713,0.26910633207362494,9898,11017.0
6,47,0.8414383561643836,0.26834536307961504,9815,10959.0
6,48,0.844263698630137,0.2705976051851038,9853,10999.0
6,49,0.8392979452054794,0.2707597173144876,9808,10937.0
6,50,0.8393835616438357,0.26804997402881436,9805,10938.0
6,51,0.8408390410958904,0.2687919003967711,9823,10947.0
6,52,0.8412671232876713,0.27037800687285224,9835,10956.0
6,53,0.8392123287671233,0.26724561690971654,9786,10923.0
6,54,0.8416095890410958,0.2695997807017544,9835,10973.0
6,55,0.8369006849315068,0.26574300461831024,9782,10918.0
6,56,0.8422945205479452,0.26928659455018483,9833,10963.0
6,57,0.8456335616438356,0.2723246217331499,9899,10997.0
6,58,0.842208904109589,0.27205171413574963,9848,10961.0
6,59,0.8384417808219178,0.2706132244627734,9810,10928.0
6,60,0.8388698630136986,0.26875669146512204,9790,10939.0
6,61,0.8379280821917808,0.2691429985427951,9789,10921.0
6,62,0.8388698630136986,0.2671397379912664,9788,10896.0
6,63,0.834332191780822,0.2676737160120846,9746,10877.0
6,64,0.8311643835616438,0.2672656120817946,9698,10830.0
6,65,0.8440924657534247,0.2682926829268293,9845,10974.0
6,66,0.8460616438356164,0.2728125603598135,9887,11026.0
6,67,0.8395547945205479,0.2686714320926793,9810,10943.0
6,68,0.8380993150684931,0.2675336739433349,9792,10924.0
6,69,0.8416952054794521,0.26940363955272967,9830,10962.0
6,70,0.8435787671232877,0.2691552062868369,9864,10996.0
6,71,0.8408390410958904,0.26903567217789476,9812,10936.0
6,72,0.8391267123287671,0.2662482338876209,9799,10916.0
6,73,0.8414383561643836,0.2709483329653345,9817,10942.0
6,74,0.8415239726027397,0.27076389080190627,9829,10956.0
6,75,0.8436643835616439,0.2723060374548363,9873,10990.0
6,76,0.8373287671232876,0.2681314461268378,9775,10899.0
6,77,0.8413527397260274,0.27107438016528923,9840,10951.0
6,78,0.8399828767123287,0.2688618310749526,9782,10940.0
6,79,0.8433219178082192,0.2697404446391414,9852,10979.0
6,80,0.839041095890411,0.2699366216588592,9796,10923.0
6,81,0.8389554794520548,0.2686640740537876,9810,10913.0
6,82,0.8428082191780822,0.2689208750990085,9846,10977.0
6,83,0.8446917808219178,0.26761827079934747,9843,11002.0
6,84,0.8372431506849315,0.2688641670100261,9788,10893.0
6,85,0.8418664383561644,0.26934050257873365,9818,10962.0
6,86,0.8424657534246576,0.2677637314734089,9828,10947.0
6,87,0.8391267123287671,0.2690374845530688,9797,10936.0
6,88,0.8453767123287671,0.2687902940616414,9881,11023.0
6,89,0.8382705479452055,0.2681234919938583,9779,10919.0
6,90,0.8482876712328767,0.271355681132386,9892,11050.0
6,91,0.8394691780821918,0.26952383572194866,9798,10921.0
6,92,0.8412671232876713,0.26670107854057434,9817,10970.0
6,93,0.8342465753424657,0.26948627103631534,9736,10872.0
6,94,0.8368150684931507,0.2685452198511439,9778,10881.0
6,95,0.8424657534246576,0.2700663850331925,9845,10966.0
6,96,0.8450342465753424,0.27158218970875386,9875,10997.0
6,97,0.833304794520548,0.2686353368960388,9752,10854.0
6,98,0.8388698630136986,0.2703694506525398,9799,10937.0
6,99,0.8399828767123287,0.2711677118152435,9816,10936.0
6,100,0.8404965753424658,0.26956211589113255,9825,10950.0
7,1,0.842722602739726,0.27180308848310725,9839,10961.0
7,2,0.8429794520547945,0.2689355658135533,9846,10954.0
7,3,0.8404965753424658,0.2680142037694619,9812,10945.0
7,4,0.8376712328767123,0.26675019065257655,9794,10908.0
7,5,0.8415239726027397,0.26872030149106996,9840,10964.0
7,6,0.8375856164383562,0.26676118548409083,9784,10906.0
7,7,0.8426369863013699,0.2681382848099539,9827,10942.0
7,8,0.8408390410958904,0.26822157434402333,9844,10965.0
7,9,0.8441780821917808,0.26916664388990624,9848,10988.0
7,10,0.8450342465753424,0.27242864241152764,9869,11002.0
7,11,0.8460616438356164,0.26859582800728876,9876,11025.0
7,12,0.843236301369863,0.2703125858374993,9841,10966.0
7,13,0.8416095890410958,0.269325590313921,9832,10954.0
7,14,0.8425513698630137,0.2692877524143986,9815,10965.0
7,15,0.842722602739726,0.26764633714114344,9817,10963.0
7,16,0.8400684931506849,0.2700593021652186,9791,10934.0
7,17,0.8403253424657534,0.2667736844969255,9805,10935.0
7,18,0.8391267123287671,0.26987759153065727,9789,10940.0
7,19,0.8415239726027397,0.26944200351493847,9812,10967.0
7,20,0.8387842465753425,0.2685474584635631,9795,10928.0
7,21,0.8446061643835616,0.26862056766538767,9871,10985.0
7,22,0.8398972602739726,0.2686922929395326,9807,10930.0
7,23,0.8335616438356165,0.26470428206104796,9730,10866.0
7,24,0.8415239726027397,0.26991709218689947,9832,10976.0
7,25,0.836472602739726,0.268418879867896,9753,10879.0
7,26,0.8397260273972603,0.26605405112358027,9815,10934.0
7,27,0.8355308219178083,0.26752326826455813,9744,10861.0
7,28,0.8407534246575342,0.2685842770572267,9795,10932.0
7,29,0.839041095890411,0.271292064810968,9795,10919.0
7,30,0.8410102739726028,0.26822340570804315,9821,10942.0
7,31,0.8370719178082192,0.2684307421756931,9769,10903.0
7,32,0.8419520547945205,0.26747546346782985,9811,10935.0
7,33,0.8402397260273973,0.2677736138085729,9789,10922.0
7,34,0.8419520547945205,0.2687752428774151,9849,10975.0
7,35,0.8370719178082192,0.26745205479452056,9762,10910.0
7,36,0.8446917808219178,0.2712284275136935,9854,10976.0
7,37,0.8450342465753424,0.2709145839055205,9864,10998.0
7,38,0.8360445205479452,0.2660500246291938,9722,10874.0
7,39,0.8452054794520548,0.26948787209080244,9877,11012.0
7,40,0.8388698630136986,0.2673634800644052,9797,10928.0
7,41,0.8415239726027397,0.2705357879963675,9831,10942.0
7,42,0.836472602739726,0.2686747983149316,9758,10897.0
7,43,0.8355308219178083,0.2663472070098576,9727,10891.0
7,44,0.8404109589041096,0.26921596657136576,9793,10946.0
7,45,0.8413527397260274,0.2676017976303963,9825,10946.0
7,46,0.8368150684931507,0.2660478031251701,9773,10898.0
7,47,0.835445205479452,0.2681769561997751,9778,10887.0
7,48,0.8370719178082192,0.2683636763050224,9773,10936.0
7,49,0.8464897260273972,0.27060371771672975,9870,11011.0
7,50,0.8457191780821918,0.26949619486647935,9880,11030.0
7,51,0.8459760273972603,0.27092299679267523,9883,11020.0
7,52,0.8396404109589041,0.26892785598638896,9800,10958.0
7,53,0.8408390410958904,0.2696101327032448,9813,10939.0
7,54,0.8394691780821918,0.2706333443672073,9811,10953.0
7,55,0.834931506849315,0.26890408692294965,9751,10875.0
7,56,0.8472602739726027,0.27289048473967686,9880,11021.0
7,57,0.8452054794520548,0.26823561420214936,9859,10990.0
7,58,0.834931506849315,0.26951179010295584,9738,10867.0
7,59,0.8365582191780822,0.26883938393839385,9775,10902.0
7,60,0.8404109589041096,0.269989529949854,9799,10941.0
7,61,0.8366438356164384,0.265033346944331,9736,10910.0
7,62,0.8373287671232876,0.2680316426244765,9792,10906.0
7,63,0.8416952054794521,0.27290665036267125,9820,10961.0
7,64,0.8457191780821918,0.27086198360745917,9848,11008.0
7,65,0.8455479452054795,0.2680546519193234,9888,11010.0
7,66,0.8423801369863013,0.27121633913067444,9840,10972.0
7,67,0.8481164383561643,0.2730830714955074,9908,11033.0
7,68,0.8464897260273972,0.26939031712242784,9871,11005.0
7,69,0.8407534246575342,0.2715165916061117,9827,10958.0
7,70,0.8451198630136987,0.2692192069088027,9851,10988.0
7,71,0.8417808219178082,0.26778642632800764,9805,10980.0
7,72,0.8379280821917808,0.26644163763066203,9788,10900.0
7,73,0.8422945205479452,0.26777844278796453,9843,10959.0
7,74,0.8417808219178082,0.269394130381169,9831,10951.0
7,75,0.841181506849315,0.27095049068254495,9829,10960.0
7,76,0.8428082191780822,0.26766396904547807,9823,10942.0
7,77,0.8376712328767123,0.26843851998134893,9787,10912.0
7,78,0.836472602739726,0.26775253216534356,9781,10908.0
7,79,0.8392123287671233,0.266284409902443,9799,10933.0
7,80,0.8397260273972603,0.2681036834924966,9826,10942.0
7,81,0.8386986301369863,0.2685370741482966,9782,10919.0
7,82,0.8378424657534247,0.26931445726719366,9778,10909.0
7,83,0.8404109589041096,0.27038792153405333,9814,10951.0
7,84,0.8454623287671232,0.27110121991427627,9867,11013.0
7,85,0.8345890410958904,0.2657025920873124,9738,10885.0
7,86,0.848458904109589,0.27252735169608006,9914,11030.0
7,87,0.8426369863013699,0.2697301600373329,9826,10976.0
7,88,0.8381849315068494,0.26592594604873543,9789,10925.0
7,89,0.8464897260273972,0.2704767642467892,9877,11015.0
7,90,0.8446917808219178,0.269104892816233,9867,11014.0
7,91,0.8402397260273973,0.2656610325836295,9792,10951.0
7,92,0.8409246575342466,0.2695886049894338,9823,10938.0
7,93,0.8441780821917808,0.2714266023432116,9846,10981.0
7,94,0.835445205479452,0.2651449354033221,9769,10886.0
7,95,0.8419520547945205,0.26967646494808645,9844,10984.0
7,96,0.8404109589041096,0.27049768263076585,9805,10923.0
7,97,0.8422945205479452,0.27089923802712296,9848,10964.0
7,98,0.8374143835616439,0.26901777104284336,9764,10911.0
7,99,0.8406678082191781,0.2687383740015319,9824,10936.0
7,100,0.8376712328767123,0.2668158986678314,9774,10915.0
8,1,0.8439212328767123,0.26862333269687133,9848,10985.0
8,2,0.8425513698630137,0.2677137490813077,9835,10975.0
8,3,0.8409246575342466,0.2683992138021402,9832,10947.0
8,4,0.8375856164383562,0.2689727232732072,9782,10890.0
8,5,0.8436643835616439,0.26888234010041473,9854,10979.0
8,6,0.8408390410958904,0.2691070986890923,9792,10962.0
8,7,0.8417808219178082,0.27044128975459447,9830,10947.0
8,8,0.8422945205479452,0.2681896246217594,9838,10964.0
8,9,0.8395547945205479,0.26851775787946003,9806,10937.0
8,10,0.8394691780821918,0.27016451266223923,9804,10941.0
8,11,0.8396404109589041,0.27117425917735516,9810,10950.0
8,12,0.8393835616438357,0.26857927247769386,9783,10933.0
8,13,0.8379280821917808,0.2673050615595075,9770,10909.0
8,14,0.8381849315068494,0.2686673812075741,9776,10895.0
8,15,0.8386130136986302,0.26722184300341295,9787,10931.0
8,16,0.8409246575342466,0.2692107498013862,9827,10965.0
8,17,0.8393835616438357,0.2691990544774889,9794,10931.0
8,18,0.8369006849315068,0.2685315070000275,9763,10899.0
8,19,0.8402397260273973,0.26935740547659554,9817,10951.0
8,20,0.8438356164383561,0.2696243860948775,9827,10984.0
8,21,0.8438356164383561,0.27023609927713493,9832,10962.0
8,22,0.8414383561643836,0.2710618662098312,9810,10935.0
8,23,0.8392979452054794,0.2691281994886317,9789,10924.0
8,24,0.8439212328767123,0.2694655026136457,9846,10983.0
8,25,0.8352739726027397,0.26887052341597795,9760,10897.0
8,26,0.8441780821917808,0.2693840777547232,9867,10984.0
8,27,0.8393835616438357,0.26493964464939646,9767,10920.0
8,28,0.8392979452054794,0.26849006913200923,9787,10932.0
8,29,0.8397260273972603,0.2665813896524508,9795,10928.0
8,30,0.8418664383561644,0.26717806430553287,9822,10980.0
8,31,0.8435787671232877,0.27176460855417367,9855,10995.0
8,32,0.842208904109589,0.27051838821395197,9842,10954.0
8,33,0.8387842465753425,0.2692615376127555,9761,10926.0
8,34,0.841181506849315,0.2661874406618744,9813,10946.0
8,35,0.8418664383561644,0.26922761896961256,9861,10973.0
8,36,0.8424657534246576,0.2704019823788546,9821,10944.0
8,37,0.8417808219178082,0.26945631919324786,9833,10964.0
8,38,0.8408390410958904,0.2693851737791465,9797,10938.0
8,39,0.8464897260273972,0.271787540550943,9886,11003.0
8,40,0.833904109589041,0.26611954588975517,9728,10838.0
8,41,0.8346746575342465,0.2694048802031578,9760,10883.0
8,42,0.8339897260273973,0.26575716234652114,9740,10859.0
8,43,0.8375,0.26600676265270506,9755,10904.0
8,44,0.8371575342465754,0.26660667539267013,9777,10908.0
8,45,0.8399828767123287,0.2662425922905453,9794,10947.0
8,46,0.8357876712328767,0.26643003412969285,9758,10899.0
8,47,0.8389554794520548,0.26701727614583903,9799,10933.0
8,48,0.8392979452054794,0.2686481303930968,9807,10931.0
8,49,0.8394691780821918,0.2684504879921044,9792,10943.0
8,50,0.8441780821917808,0.2689399109994813,9851,10988.0
8,51,0.8410958904109589,0.267647540536114,9805,10946.0
8,52,0.8402397260273973,0.26659228822552994,9797,10932.0
8,53,0.8403253424657534,0.26888730619624174,9816,10933.0
8,54,0.8404965753424658,0.27034851659865444,9805,10927.0
8,55,0.8458047945205479,0.2725365719017389,9874,11005.0
8,56,0.8465753424657534,0.2704857401167091,9873,10999.0
8,57,0.8431506849315068,0.2707656740243298,9838,10981.0
8,58,0.8425513698630137,0.2675063931661135,9833,10961.0
8,59,0.8393835616438357,0.2673437627979359,9792,10929.0
8,60,0.8393835616438357,0.26919061486894885,9798,10939.0
8,61,0.8392979452054794,0.26760794615005745,9780,10914.0
8,62,0.8398972602739726,0.26813276874743885,9815,10937.0
8,63,0.839041095890411,0.26552967652720916,9793,10944.0
8,64,0.8375856164383562,0.26754277891854894,9772,10909.0
8,65,0.8404965753424658,0.2695747599451303,9826,10934.0
8,66,0.842722602739726,0.26863066012002185,9848,10987.0
8,67,0.8404109589041096,0.26851699786500244,9810,10947.0
8,68,0.8375856164383562,0.2695767341758181,9770,10923.0
8,69,0.8455479452054795,0.2726092481078393,9869,11005.0
8,70,0.842722602739726,0.26756800959494087,9816,10970.0
8,71,0.8407534246575342,0.2681280236149452,9810,10966.0
8,72,0.8393835616438357,0.2679074089256921,9803,10939.0
8,73,0.8443493150684932,0.26951032899770466,9863,10970.0
8,74,0.8469178082191781,0.26883300674940125,9878,10999.0
8,75,0.8398972602739726,0.26998624484181566,9814,10943.0
8,76,0.8351883561643836,0.2653823096626519,9739,10883.0
8,77,0.8381849315068494,0.26759869771004896,9781,10926.0
8,78,0.8412671232876713,0.2696820175438597,9838,10966.0
8,79,0.8393835616438357,0.26696684404420795,9783,10934.0
8,80,0.8410958904109589,0.27066320900463475,9811,10973.0
8,81,0.8415239726027397,0.27002583979328165,9823,10972.0
8,82,0.842208904109589,0.267979731938542,9837,10974.0
8,83,0.8372431506849315,0.266929435594241,9752,10914.0
8,84,0.8392123287671233,0.2682446299083322,9803,10936.0
8,85,0.8380993150684931,0.2670342869622188,9782,10927.0
8,86,0.8428082191780822,0.2714506428295536,9839,10951.0
8,87,0.8389554794520548,0.2677983764809127,9765,10924.0
8,88,0.8404965753424658,0.2673057023037961,9816,10943.0
8,89,0.8455479452054795,0.2718019257221458,9880,10996.0
8,90,0.8391267123287671,0.2706993180751498,9805,10928.0
8,91,0.8488013698630137,0.2714587274172766,9902,11030.0
8,92,0.838013698630137,0.2666430014745235,9765,10920.0
8,93,0.8395547945205479,0.2693289419514203,9813,10934.0
8,94,0.8376712328767123,0.26744376949597765,9774,10918.0
8,95,0.8365582191780822,0.26845582163501236,9753,10877.0
8,96,0.8468321917808219,0.271414424822578,9867,11017.0
8,97,0.8428938356164384,0.26998790278236007,9820,10950.0
8,98,0.8434075342465753,0.27114955510867467,9843,10953.0
8,99,0.8367294520547945,0.27015793848711556,9750,10887.0
8,100,0.8365582191780822,0.2674316700443665,9765,10901.0
9,1,0.8404965753424658,0.2673493844645386,9816,10913.0
9,2,0.8380993150684931,0.2685083479789104,9778,10914.0
9,3,0.8454623287671232,0.2713783249065729,9876,11005.0
9,4,0.8382705479452055,0.26576392854229547,9774,10907.0
9,5,0.8383561643835616,0.2701078115090854,9796,10912.0
9,6,0.8448630136986301,0.2714093147368711,9866,10981.0
9,7,0.8412671232876713,0.27003106016876943,9824,10957.0
9,8,0.8428938356164384,0.27071975329037945,9832,10972.0
9,9,0.8368150684931507,0.2668195718654434,9772,10893.0
9,10,0.8455479452054795,0.2700657894736842,9852,10996.0
9,11,0.8337328767123288,0.2646754801153365,9730,10858.0
9,12,0.8453767123287671,0.27234336185481645,9867,11016.0
9,13,0.8457191780821918,0.2711519978031031,9874,11000.0
9,14,0.8401541095890411,0.26836413415468857,9802,10930.0
9,15,0.8406678082191781,0.26802349405818876,9811,10924.0
9,16,0.8419520547945205,0.26717204651668297,9833,10970.0
9,17,0.8391267123287671,0.2690923081150897,9792,10941.0
9,18,0.8490582191780822,0.2715704786142353,9924,11031.0
9,19,0.8441780821917808,0.2666251657780063,9851,10996.0
9,20,0.8423801369863013,0.270308853809197,9846,10977.0
9,21,0.8409246575342466,0.27013996032620674,9805,10942.0
9,22,0.8385273972602739,0.2680996714129244,9791,10916.0
9,23,0.8428938356164384,0.2679385354403777,9817,10966.0
9,24,0.8495719178082192,0.27082309246818503,9917,11051.0
9,25,0.8375,0.2661878332789204,9784,10910.0
9,26,0.8436643835616439,0.271804770439818,9857,10996.0
9,27,0.8424657534246576,0.2665706834727806,9813,10955.0
9,28,0.8459760273972603,0.2701528032146079,9883,10988.0
9,29,0.8371575342465754,0.2667942060672315,9762,10892.0
9,30,0.8382705479452055,0.2690944070358664,9791,10922.0
9,31,0.8425513698630137,0.27066508640886416,9820,10971.0
9,32,0.8417808219178082,0.26850686655359196,9815,10965.0
9,33,0.8377568493150684,0.26512764801738187,9762,10893.0
9,34,0.8367294520547945,0.2649338681699913,9775,10891.0
9,35,0.8392123287671233,0.26731486777242147,9815,10946.0
9,36,0.8398116438356165,0.270336576894451,9807,10923.0
9,37,0.8385273972602739,0.2660525529197576,9791,10928.0
9,38,0.8428938356164384,0.26770580701419733,9824,10977.0
9,39,0.8403253424657534,0.2685742422584528,9818,10949.0
9,40,0.8395547945205479,0.267365375692568,9796,10917.0
9,41,0.8445205479452055,0.2698190789473684,9843,10992.0
9,42,0.8384417808219178,0.2704709844845674,9797,10932.0
9,43,0.8388698630136986,0.2685131756106944,9772,10928.0
9,44,0.8446917808219178,0.2697181559973782,9876,10994.0
9,45,0.83125,0.26541554959785524,9702,10842.0
9,46,0.8465753424657534,0.2716921976843321,9879,11026.0
9,47,0.8392123287671233,0.2679906862073689,9783,10936.0
9,48,0.8397260273972603,0.266041581736649,9789,10940.0
9,49,0.8428082191780822,0.2697256748617423,9852,10985.0
9,50,0.8444349315068493,0.26918252713093743,9872,10987.0
9,51,0.8373287671232876,0.26810938314270827,9775,10904.0
9,52,0.8430650684931507,0.26984693037801066,9837,10969.0
9,53,0.8368150684931507,0.267544700309411,9771,10899.0
9,54,0.8361301369863013,0.267846331663823,9733,10876.0
9,55,0.8361301369863013,0.2688397211583501,9757,10890.0
9,56,0.8443493150684932,0.26937995083310573,9862,10995.0
9,57,0.8358732876712329,0.2672276739213859,9749,10891.0
9,58,0.8392123287671233,0.2690029615004936,9810,10928.0
9,59,0.8456335616438356,0.2699337820828545,9865,11016.0
9,60,0.8466609589041096,0.2696083778771681,9886,11029.0
9,61,0.8433219178082192,0.26660524105037803,9838,10998.0
9,62,0.8423801369863013,0.26942806199423947,9822,10986.0
9,63,0.833904109589041,0.26372227788458935,9739,10876.0
9,64,0.8413527397260274,0.27205739771184795,9821,10955.0
9,65,0.8446917808219178,0.2698265010125335,9860,10997.0
9,66,0.8405821917808219,0.26650021710811983,9820,10944.0
9,67,0.8404965753424658,0.26916543372239576,9824,10959.0
9,68,0.8381849315068494,0.2680285838970107,9827,10914.0
9,69,0.836986301369863,0.2692857928909431,9788,10888.0
9,70,0.8345890410958904,0.2671759905802459,9757,10882.0
9,71,0.8434931506849315,0.2733514956076949,9833,10966.0
9,72,0.8414383561643836,0.2658296352419093,9824,10962.0
9,73,0.845291095890411,0.2709255339619011,9856,10989.0
9,74,0.84375,0.2694668200997315,9835,10978.0
9,75,0.8417808219178082,0.26756153343498146,9827,10965.0
9,76,0.8393835616438357,0.26709360948358085,9801,10955.0
9,77,0.8410102739726028,0.26800010929857637,9808,10967.0
9,78,0.8401541095890411,0.2674386920980926,9815,10953.0
9,79,0.8387842465753425,0.2661483253588517,9790,10926.0
9,80,0.841181506849315,0.2692919868276619,9813,10938.0
9,81,0.842722602739726,0.27230475558137607,9843,10961.0
9,82,0.8417808219178082,0.2712504826521044,9835,10971.0
9,83,0.8414383561643836,0.2699400011008972,9808,10949.0
9,84,0.8460616438356164,0.2706469845799265,9864,11009.0
9,85,0.8376712328767123,0.2691312486236512,9777,10933.0
9,86,0.8396404109589041,0.269239219994507,9803,10925.0
9,87,0.8434075342465753,0.268591426071741,9824,10968.0
9,88,0.8386130136986302,0.2681347504166553,9814,10924.0
9,89,0.8351027397260274,0.27009200753796697,9746,10868.0
9,90,0.8384417808219178,0.26890017849787173,9792,10906.0
9,91,0.8407534246575342,0.2681685051870911,9797,10957.0
9,92,0.8402397260273973,0.2669791780224572,9796,10947.0
9,93,0.8373287671232876,0.2696805869697137,9777,10903.0
9,94,0.8391267123287671,0.26929735374130964,9800,10920.0
9,95,0.8418664383561644,0.2696687796712494,9827,10952.0
9,96,0.8415239726027397,0.26748791346862966,9793,10937.0
9,97,0.8394691780821918,0.2679338164911801,9797,10934.0
9,98,0.8392123287671233,0.26759023963712875,9793,10934.0
9,99,0.8435787671232877,0.2706504087418458,9833,10970.0
9,100,0.8416952054794521,0.2688983699814025,9832,10959.0
10,1,0.8357876712328767,0.26912790537373515,9761,10903.0
10,2,0.8357876712328767,0.2691182961818583,9755,10891.0
10,3,0.8464041095890411,0.27229334510539677,9869,11046.0
10,4,0.8433219178082192,0.27160391441366727,9825,10954.0
10,5,0.8449486301369863,0.2702695299660348,9867,10998.0
10,6,0.8408390410958904,0.26824403704816807,9818,10944.0
10,7,0.8425513698630137,0.2697056810403833,9851,10952.0
10,8,0.8386986301369863,0.26975604383501295,9797,10916.0
10,9,0.8413527397260274,0.26855578370978783,9809,10946.0
10,10,0.8371575342465754,0.266998659260678,9758,10905.0
10,11,0.8376712328767123,0.26620546900533826,9774,10909.0
10,12,0.8441780821917808,0.2712046500096416,9845,10965.0
10,13,0.8368150684931507,0.2679673993578661,9765,10894.0
10,14,0.8475171232876713,0.27372030640745554,9898,11024.0
10,15,0.8449486301369863,0.27172744562970313,9858,11011.0
10,16,0.834332191780822,0.2670103940981269,9736,10870.0
10,17,0.8440068493150685,0.2694901832282024,9869,10982.0
10,18,0.8453767123287671,0.2699102942785253,9869,10985.0
10,19,0.8445205479452055,0.2691508557056154,9845,11009.0
10,20,0.8366438356164384,0.26792866941015087,9766,10904.0
10,21,0.8422945205479452,0.2674545256508006,9822,10946.0
10,22,0.8440924657534247,0.2707869186126468,9845,11008.0
10,23,0.8430650684931507,0.27073754921124354,9834,10975.0
10,24,0.8391267123287671,0.268145106091718,9794,10925.0
10,25,0.843236301369863,0.26975379722542087,9839,10970.0
10,26,0.8426369863013699,0.2704357615530355,9849,10961.0
10,27,0.8362157534246575,0.2671875,9747,10896.0
10,28,0.8372431506849315,0.2673858284963312,9766,10911.0
10,29,0.8401541095890411,0.2679526355996944,9821,10937.0
10,30,0.8370719178082192,0.267907129919315,9762,10895.0
10,31,0.8375856164383562,0.2681769561997751,9778,10906.0
10,32,0.8403253424657534,0.2681123706259241,9792,10948.0
10,33,0.8344178082191781,0.2649530670159354,9710,10868.0
10,34,0.8445205479452055,0.27098921654929575,9851,10995.0
10,35,0.8404109589041096,0.26532993271109184,9779,10939.0
10,36,0.8398972602739726,0.2671603997059384,9812,10941.0
10,37,0.8479452054794521,0.27105875907409943,9895,11020.0
10,38,0.8433219178082192,0.26834192791465444,9835,10974.0
10,39,0.8440068493150685,0.2703007002608815,9843,11006.0
10,40,0.8403253424657534,0.27023308291367404,9820,10957.0
10,41,0.8488013698630137,0.27007895453307923,9920,11022.0
10,42,0.8404109589041096,0.2684734452770333,9817,10964.0
10,43,0.8424657534246576,0.27137587402962066,9858,10980.0
10,44,0.8412671232876713,0.26780991848196517,9823,10975.0
10,45,0.8454623287671232,0.2708763241161095,9845,11002.0
10,46,0.8372431506849315,0.2679912304741025,9779,10888.0
10,47,0.8418664383561644,0.26717245880241475,9825,10967.0
10,48,0.8434931506849315,0.27064987792499934,9866,10995.0
10,49,0.8416095890410958,0.2657187652051684,9830,10971.0
10,50,0.836472602739726,0.26757475265162933,9763,10920.0
10,51,0.8374143835616439,0.2666284403669725,9765,10911.0
10,52,0.8387842465753425,0.27043070127001656,9795,10928.0
10,53,0.8461472602739726,0.2705178845731841,9862,11014.0
10,54,0.8433219178082192,0.2714179289793891,9837,10955.0
10,55,0.8418664383561644,0.26766507828454733,9830,10948.0
10,56,0.8375,0.2683141372770005,9761,10910.0
10,57,0.8360445205479452,0.26844160844930964,9760,10895.0
10,58,0.8456335616438356,0.2711552713199572,9879,10999.0
10,59,0.8420376712328768,0.2698369117566306,9828,10977.0
10,60,0.8416952054794521,0.27075463894786184,9820,10968.0
10,61,0.8403253424657534,0.2660202589242186,9822,10927.0
10,62,0.8395547945205479,0.26895549400828145,9808,10938.0
10,63,0.8470890410958904,0.26906549173194083,9893,11017.0
10,64,0.8361301369863013,0.2676728869374314,9754,10898.0
10,65,0.8360445205479452,0.26785909937547936,9779,10908.0
10,66,0.8333904109589041,0.2668425101659523,9712,10874.0
10,67,0.8389554794520548,0.26955253453684846,9795,10925.0
10,68,0.8428082191780822,0.26656748715174466,9855,10962.0
10,69,0.8389554794520548,0.2706149207490802,9783,10932.0
10,70,0.8412671232876713,0.2683160196828868,9815,10956.0
10,71,0.8373287671232876,0.2669508895630073,9768,10908.0
10,72,0.8422945205479452,0.26975761069477616,9827,10959.0
10,73,0.8473458904109589,0.27518365983971504,9889,11033.0
10,74,0.8407534246575342,0.2695277083276094,9810,10923.0
10,75,0.8465753424657534,0.2719491385479165,9881,11007.0
10,76,0.8462328767123287,0.270139193336256,9859,11000.0
10,77,0.8435787671232877,0.27084710288609826,9835,10966.0
10,78,0.8453767123287671,0.2688830005190264,9843,10989.0
10,79,0.8341609589041096,0.2675700189649012,9735,10878.0
10,80,0.844263698630137,0.2710644842359662,9870,10994.0
10,81,0.8419520547945205,0.2667663449775724,9813,10953.0
10,82,0.8413527397260274,0.2681003192970008,9824,10962.0
10,83,0.8429794520547945,0.2696764980502005,9820,10990.0
10,84,0.8417808219178082,0.2720665742024965,9808,10942.0
10,85,0.846318493150685,0.2734691611613834,9852,10997.0
10,86,0.8431506849315068,0.2699512515747385,9857,10986.0
10,87,0.8388698630136986,0.2691081051358188,9788,10916.0
10,88,0.8401541095890411,0.26817522642077324,9801,10947.0
10,89,0.8475171232876713,0.2705187130663165,9888,11015.0
10,90,0.8401541095890411,0.2719862481978485,9810,10943.0
10,91,0.8482020547945206,0.26879091625241086,9895,11042.0
10,92,0.8393835616438357,0.2687994722955145,9780,10926.0
10,93,0.8384417808219178,0.2681984992057841,9793,10911.0
10,94,0.8418664383561644,0.2703818937746083,9820,10941.0
10,95,0.8366438356164384,0.26798175723940876,9754,10922.0
10,96,0.8420376712328768,0.26890641257324355,9821,10975.0
10,97,0.838013698630137,0.2686215401479857,9802,10899.0
10,98,0.8375856164383562,0.2658699912891986,9767,10921.0
10,99,0.8381849315068494,0.2648934726557199,9760,10918.0
10,100,0.8434075342465753,0.27017601669549934,9839,10989.0
11,1,0.8398972602739726,0.2692117005453644,9774,10954.0
11,2,0.839041095890411,0.2694214876033058,9780,10911.0
11,3,0.830222602739726,0.2658578761013367,9686,10831.0
11,4,0.8363869863013699,0.26350692940666953,9735,10884.0
11,5,0.8413527397260274,0.2679738562091503,9799,10958.0
11,6,0.8401541095890411,0.27047687382713326,9801,10936.0
11,7,0.8367294520547945,0.2674724551882914,9759,10893.0
11,8,0.8439212328767123,0.2665619413899572,9842,10974.0
11,9,0.8366438356164384,0.26838730979831055,9754,10887.0
11,10,0.8462328767123287,0.26660905260883655,9872,11001.0
11,11,0.8363869863013699,0.2648122467846752,9739,10882.0
11,12,0.8422945205479452,0.26700772831174485,9812,10963.0
11,13,0.8388698630136986,0.26733322406162924,9786,10925.0
11,14,0.8381849315068494,0.2669364098638526,9764,10920.0
11,15,0.8422945205479452,0.2695019892989436,9822,10979.0
11,16,0.8392123287671233,0.2695625809652435,9780,10948.0
11,17,0.8363013698630137,0.26636803146595284,9752,10905.0
11,18,0.8405821917808219,0.26474800702607754,9797,10920.0
11,19,0.8445205479452055,0.26804292172776295,9842,10992.0
11,20,0.841181506849315,0.26840608248550485,9814,10955.0
11,21,0.8412671232876713,0.2704236214399824,9818,10945.0
11,22,0.838013698630137,0.26609887260120657,9748,10894.0
11,23,0.839041095890411,0.26681773506606965,9773,10936.0
11,24,0.8436643835616439,0.2714994487320838,9850,10984.0
11,25,0.8398972602739726,0.2700242718446602,9790,10924.0
11,26,0.8357876712328767,0.26781893004115226,9762,10894.0
11,27,0.8372431506849315,0.2680098684210526,9777,10886.0
11,28,0.8459760273972603,0.26988737566108567,9849,11008.0
11,29,0.8428082191780822,0.26983646274984857,9801,10942.0
11,30,0.8394691780821918,0.26934421258648733,9771,10934.0
11,31,0.8347602739726028,0.2670103940981269,9736,10878.0
11,32,0.8395547945205479,0.2677012343651641,9781,10930.0
11,33,0.8433219178082192,0.2677270619048918,9813,10982.0
11,34,0.8382705479452055,0.2647321549413962,9780,10911.0
11,35,0.8398116438356165,0.27020778863354894,9818,10925.0
11,36,0.8422945205479452,0.27138112371990036,9805,10952.0
11,37,0.8482876712328767,0.2700319419039559,9891,11036.0
11,38,0.8398116438356165,0.26859060771960713,9763,10940.0
11,39,0.8422945205479452,0.27015862524785195,9810,10956.0
11,40,0.8408390410958904,0.26984607759451495,9800,10938.0
11,41,0.8391267123287671,0.2686345646437995,9774,10927.0
11,42,0.8367294520547945,0.26685447036621723,9757,10897.0
11,43,0.836986301369863,0.26681975997156837,9760,10905.0
11,44,0.8370719178082192,0.26507169237453837,9761,10927.0
11,45,0.8392123287671233,0.266635708041958,9761,10912.0
11,46,0.8440924657534247,0.2700633797020331,9843,10989.0
11,47,0.8391267123287671,0.26727620087336246,9793,10933.0
11,48,0.8402397260273973,0.26809372604839593,9794,10948.0
11,49,0.8428082191780822,0.26816160624164553,9830,10979.0
11,50,0.8482020547945206,0.2717379385964912,9913,11048.0
11,51,0.8369006849315068,0.268169943627114,9752,10905.0
11,52,0.8417808219178082,0.2687154809427462,9828,10965.0
11,53,0.8421232876712329,0.26881249143952884,9813,10957.0
11,54,0.8388698630136986,0.2669016778706892,9767,10914.0
11,55,0.8446917808219178,0.27253331855587265,9836,10986.0
11,56,0.8419520547945205,0.26942706618373397,9819,10959.0
11,57,0.8375856164383562,0.26941948288218753,9774,10917.0
11,58,0.8439212328767123,0.27008683227082875,9829,10984.0
11,59,0.8356164383561644,0.26852234244651857,9753,10895.0
11,60,0.8367294520547945,0.2687223458927639,9778,10905.0
11,61,0.8398972602739726,0.2691821131950938,9788,10918.0
11,62,0.8388698630136986,0.2681201151789387,9777,10890.0
11,63,0.8416952054794521,0.26869472358369156,9813,10965.0
11,64,0.8398116438356165,0.2690457207269128,9786,10929.0
11,65,0.8480308219178082,0.2689164607824505,9905,11047.0
11,66,0.8414383561643836,0.2701815372730784,9793,10939.0
11,67,0.8386986301369863,0.26659581425768475,9783,10926.0
11,68,0.8383561643835616,0.26782627781283436,9762,10914.0
11,69,0.8378424657534247,0.2667792547395947,9794,10913.0
11,70,0.8384417808219178,0.2704235482889313,9775,10920.0
11,71,0.8375,0.2660195233680537,9756,10910.0
11,72,0.846318493150685,0.27038344691682403,9879,11002.0
11,73,0.8452054794520548,0.2712264798791375,9874,11008.0
11,74,0.8418664383561644,0.27036914782417343,9829,10955.0
11,75,0.8371575342465754,0.26685063249637986,9767,10894.0
11,76,0.8430650684931507,0.27043368328477985,9840,10964.0
11,77,0.8394691780821918,0.2678688704028021,9789,10932.0
11,78,0.8449486301369863,0.2694600951807888,9852,11004.0
11,79,0.8374143835616439,0.26699625795525933,9775,10908.0
11,80,0.8421232876712329,0.2683753210557954,9822,10952.0
11,81,0.842208904109589,0.2694293403635964,9811,10954.0
11,82,0.8357020547945205,0.2664080004371824,9750,10900.0
11,83,0.8414383561643836,0.2685598488375277,9807,10959.0
11,84,0.8406678082191781,0.2728408081705151,9831,10943.0
11,85,0.8485445205479452,0.27011856192327705,9865,11022.0
11,86,0.8413527397260274,0.2668222270457999,9834,10952.0
11,87,0.8404109589041096,0.26760331936570536,9771,10961.0
11,88,0.8374143835616439,0.27037784350037314,9782,10891.0
11,89,0.8428082191780822,0.2687842278203724,9816,10970.0
11,90,0.8386986301369863,0.2714952232837147,9776,10913.0
11,91,0.8410102739726028,0.268902505744611,9830,10950.0
11,92,0.8395547945205479,0.2671322566564819,9792,10937.0
11,93,0.844777397260274,0.2710886409847777,9866,11000.0
11,94,0.8398116438356165,0.2695205763020618,9765,10944.0
11,95,0.8416952054794521,0.2696626128970269,9823,10972.0
11,96,0.8371575342465754,0.2668982684574774,9757,10888.0
11,97,0.8361301369863013,0.26690682822990014,9780,10900.0
11,98,0.8385273972602739,0.2666848344461098,9786,10922.0
11,99,0.839041095890411,0.2691683402569534,9784,10915.0
11,100,0.8434075342465753,0.26593216677468134,9848,10973.0
12,1,0.8412671232876713,0.26782594452937325,9811,10946.0
12,2,0.8413527397260274,0.26959152798789715,9801,10959.0
12,3,0.8420376712328768,0.26943788120226386,9807,10978.0
12,4,0.8399828767123287,0.2676844922707161,9801,10945.0
12,5,0.842722602739726,0.2690760854696178,9835,10943.0
12,6,0.8386986301369863,0.27060420533562346,9768,10936.0
12,7,0.8450342465753424,0.2709015378689923,9847,11003.0
12,8,0.8407534246575342,0.2694487235915493,9795,10948.0
12,9,0.8400684931506849,0.2691186179577465,9783,10947.0
12,10,0.8357876712328767,0.2641044392080388,9751,10896.0
12,11,0.8420376712328768,0.2688946719627448,9816,10960.0
12,12,0.8410102739726028,0.2698749380199438,9797,10954.0
12,13,0.8357876712328767,0.2662353615592499,9753,10903.0
12,14,0.8378424657534247,0.26754445871008276,9794,10906.0
12,15,0.845291095890411,0.2729435193892792,9868,11008.0
12,16,0.8409246575342466,0.2711141868512111,9794,10965.0
12,17,0.8424657534246576,0.270524083611027,9823,10982.0
12,18,0.8380993150684931,0.2697206642168375,9762,10919.0
12,19,0.8372431506849315,0.26702489308038163,9740,10898.0
12,20,0.8480308219178082,0.2706378088488795,9891,11052.0
12,21,0.8453767123287671,0.2711383903996477,9851,10991.0
12,22,0.844263698630137,0.2702228557331213,9858,11014.0
12,23,0.8389554794520548,0.2658755001497047,9768,10924.0
12,24,0.8401541095890411,0.26517303893714317,9800,10957.0
12,25,0.8428082191780822,0.27279795623680997,9824,10981.0
12,26,0.8418664383561644,0.2697081792026305,9843,10951.0
12,27,0.8445205479452055,0.2709904751417717,9844,10996.0
12,28,0.8455479452054795,0.2679528694658358,9847,11001.0
12,29,0.8321061643835617,0.26746550871214203,9732,10837.0
12,30,0.8460616438356164,0.2695516590529857,9854,11022.0
12,31,0.8381849315068494,0.26816271596121627,9763,10917.0
12,32,0.8443493150684932,0.2734409675987572,9857,10981.0
12,33,0.8344178082191781,0.2668351787235212,9712,10847.0
12,34,0.834332191780822,0.2671095615889313,9730,10883.0
12,35,0.8434931506849315,0.2690351165080407,9837,10972.0
12,36,0.839041095890411,0.2691260212923991,9783,10915.0
12,37,0.8333904109589041,0.26556345733041575,9709,10870.0
12,38,0.8436643835616439,0.2679277167543405,9830,10975.0
12,39,0.8389554794520548,0.2663866233872508,9766,10924.0
12,40,0.8407534246575342,0.26819399639127345,9810,10937.0
12,41,0.8397260273972603,0.269240287057659,9792,10922.0
12,42,0.8357876712328767,0.26935104469351046,9733,10888.0
12,43,0.8355308219178083,0.2671264745326655,9760,10899.0
12,44,0.8399828767123287,0.26847939417219996,9785,10937.0
12,45,0.8443493150684932,0.26836458930472523,9831,10964.0
12,46,0.8404109589041096,0.26728977055970354,9809,10943.0
12,47,0.8431506849315068,0.2700948714423209,9822,10963.0
12,48,0.8416952054794521,0.26884463462804475,9801,10975.0
12,49,0.8440924657534247,0.2707663561673948,9854,10994.0
12,50,0.8461472602739726,0.26987780152337115,9850,11015.0
12,51,0.8396404109589041,0.26910426488323647,9818,10943.0
12,52,0.8348458904109589,0.2666593539187188,9724,10872.0
12,53,0.8338184931506849,0.2664400646912091,9720,10852.0
12,54,0.8417808219178082,0.26837016952866105,9799,10965.0
12,55,0.838013698630137,0.2676264911559029,9759,10908.0
12,56,0.8381849315068494,0.2697333885895842,9763,10880.0
12,57,0.8380993150684931,0.26982942135965277,9760,10915.0
12,58,0.841181506849315,0.2680169700287396,9792,10942.0
12,59,0.8468321917808219,0.27125195317854106,9895,11024.0
12,60,0.8438356164383561,0.27067772786153294,9821,10985.0
12,61,0.8458047945205479,0.26882657228423634,9874,10997.0
12,62,0.836472602739726,0.26940399546848665,9750,10882.0
12,63,0.8434931506849315,0.2697119341563786,9831,10990.0
12,64,0.8417808219178082,0.26822276822276825,9825,10953.0
12,65,0.8424657534246576,0.2691180899707034,9829,10976.0
12,66,0.8396404109589041,0.2677018973153262,9792,10934.0
12,67,0.844777397260274,0.26786443446304614,9840,11009.0
12,68,0.8400684931506849,0.26842856358746364,9781,10940.0
12,69,0.8434931506849315,0.2702754609306409,9851,10992.0
12,70,0.8425513698630137,0.26930144537999506,9819,10987.0
12,71,0.8359589041095891,0.26903329100645945,9746,10885.0
12,72,0.8415239726027397,0.2693130692417426,9817,10941.0
12,73,0.8400684931506849,0.2674612048981373,9807,10941.0
12,74,0.8428082191780822,0.26878162176945164,9828,10978.0
12,75,0.8488013698630137,0.27251426523692696,9886,11058.0
12,76,0.8383561643835616,0.27067086997400586,9788,10931.0
12,77,0.843236301369863,0.26878517951800646,9837,10986.0
12,78,0.8398972602739726,0.26850989203704717,9799,10934.0
12,79,0.8352739726027397,0.26837465564738294,9742,10867.0
12,80,0.8408390410958904,0.2674774528559716,9787,10941.0
12,81,0.8351883561643836,0.2681961807940651,9761,10887.0
12,82,0.8440068493150685,0.2706493935143164,9840,10994.0
12,83,0.8404109589041096,0.2694148058519415,9797,10958.0
12,84,0.8329623287671233,0.2664835164835165,9700,10839.0
12,85,0.8440068493150685,0.2706147958481319,9829,10970.0
12,86,0.8452054794520548,0.2719759786231784,9873,10997.0
12,87,0.8368150684931507,0.2672288694795061,9760,10917.0
12,88,0.8387842465753425,0.26847202787609403,9785,10931.0
12,89,0.8458904109589042,0.27122466378812465,9862,11004.0
12,90,0.839041095890411,0.26701385101974046,9793,10921.0
12,91,0.8380993150684931,0.2676785665360695,9770,10918.0
12,92,0.8397260273972603,0.2661944974121493,9772,10924.0
12,93,0.8474315068493151,0.27296587926509186,9880,11025.0
12,94,0.8410102739726028,0.2697154807110231,9802,10949.0
12,95,0.8462328767123287,0.27143523472439435,9893,11015.0
12,96,0.8468321917808219,0.27101852106668134,9848,11027.0
12,97,0.8398116438356165,0.2664997414473505,9792,10918.0
12,98,0.8357876712328767,0.26689613724526035,9770,10896.0
12,99,0.8435787671232877,0.2686261107313739,9825,10992.0
12,100,0.8393835616438357,0.269366391184573,9778,10945.0
13,1,0.8407534246575342,0.26771997922532326,9794,10958.0
13,2,0.8458904109589042,0.2711384683026023,9867,11035.0
13,3,0.8382705479452055,0.264892578125,9765,10940.0
13,4,0.8359589041095891,0.26350931257264887,9748,10895.0
13,5,0.8377568493150684,0.26631946338005125,9767,10914.0
13,6,0.848458904109589,0.27276735278719244,9899,11047.0
13,7,0.8425513698630137,0.2698569585152239,9829,10968.0
13,8,0.8365582191780822,0.26795269324698845,9765,10900.0
13,9,0.8361301369863013,0.26738202124165117,9768,10891.0
13,10,0.8413527397260274,0.2679000874508089,9803,10943.0
13,11,0.8375,0.2680834685068595,9751,10898.0
13,12,0.8363869863013699,0.26772129301584685,9748,10884.0
13,13,0.844777397260274,0.2722788647010196,9881,11002.0
13,14,0.8393835616438357,0.27000911073686534,9780,10934.0
13,15,0.835445205479452,0.2672700762056728,9715,10883.0
13,16,0.8401541095890411,0.26996699669966995,9816,10955.0
13,17,0.8428938356164384,0.2707189939049615,9816,10982.0
13,18,0.8443493150684932,0.2700944328538487,9839,10984.0
13,19,0.8381849315068494,0.2675566032564004,9761,10908.0
13,20,0.8348458904109589,0.2662900394910048,9710,10866.0
13,21,0.8419520547945205,0.2695879840154334,9782,10955.0
13,22,0.8403253424657534,0.2684331797235023,9786,10949.0
13,23,0.8386130136986302,0.266732229689122,9764,10922.0
13,24,0.8346746575342465,0.26945181255526085,9752,10882.0
13,25,0.8409246575342466,0.26997275504306906,9810,10951.0
13,26,0.8425513698630137,0.27014400351764317,9830,10968.0
13,27,0.8398116438356165,0.2683968462549277,9804,10931.0
13,28,0.8444349315068493,0.2691349916536683,9835,10972.0
13,29,0.8409246575342466,0.2716777408637874,9813,10946.0
13,30,0.8417808219178082,0.26673927842069434,9796,10968.0
13,31,0.8388698630136986,0.26751278754889357,9780,10939.0
13,32,0.842722602739726,0.26868322540098916,9833,10969.0
13,33,0.8342465753424657,0.26713382797471835,9721,10851.0
13,34,0.839041095890411,0.2661384736856435,9775,10937.0
13,35,0.8398116438356165,0.2673643368490081,9785,10918.0
13,36,0.8426369863013699,0.2709666740233944,9822,10975.0
13,37,0.8458047945205479,0.27015411568257097,9869,10990.0
13,38,0.8363013698630137,0.26752554664322603,9739,10908.0
13,39,0.8359589041095891,0.26630732187807815,9733,10893.0
13,40,0.841181506849315,0.2675822229488542,9820,10952.0
13,41,0.8404965753424658,0.2689802984090347,9789,10962.0
13,42,0.8361301369863013,0.2671418779986292,9744,10898.0
13,43,0.8417808219178082,0.2685808039376538,9822,10952.0
13,44,0.8383561643835616,0.26701327130934466,9758,10896.0
13,45,0.8410102739726028,0.27021505673191065,9788,10931.0
13,46,0.8379280821917808,0.2702127659574468,9779,10899.0
13,47,0.8422945205479452,0.2692908637372879,9824,10958.0
13,48,0.839041095890411,0.2689346020570926,9779,10932.0
13,49,0.842722602739726,0.2679742132867133,9810,10964.0
13,50,0.8384417808219178,0.26560674004620194,9773,10918.0
13,51,0.8394691780821918,0.268011843403882,9776,10926.0
13,52,0.844263698630137,0.2697733135737417,9830,10975.0
13,53,0.8451198630136987,0.27258425105572576,9876,10994.0
13,54,0.8329623287671233,0.26494791809060336,9691,10854.0
13,55,0.8446917808219178,0.27033130456335547,9816,10984.0
13,56,0.8392123287671233,0.26843504233688653,9796,10916.0
13,57,0.8394691780821918,0.26737880032867706,9762,10926.0
13,58,0.8471746575342466,0.2709458163181407,9886,11007.0
13,59,0.8479452054794521,0.2686133369550455,9889,11028.0
13,60,0.8404965753424658,0.2682445759368836,9792,10952.0
13,61,0.8441780821917808,0.2724957790140884,9845,10969.0
13,62,0.8412671232876713,0.2687049669872058,9808,10962.0
13,63,0.8385273972602739,0.2678963548528766,9760,10913.0
13,64,0.8415239726027397,0.2670479302832244,9806,10954.0
13,65,0.8395547945205479,0.2692793584532572,9805,10959.0
13,66,0.8389554794520548,0.26780712834312703,9753,10935.0
13,67,0.8358732876712329,0.26668858027227654,9736,10903.0
13,68,0.84375,0.26845527566799626,9826,10993.0
13,69,0.8422945205479452,0.26964565092086845,9824,10965.0
13,70,0.8467465753424658,0.26913620717915093,9852,11006.0
13,71,0.8436643835616439,0.2672071385820774,9822,10975.0
13,72,0.8446917808219178,0.27087346579338434,9843,10985.0
13,73,0.8466609589041096,0.2699843797100655,9852,11004.0
13,74,0.8395547945205479,0.26718703092164514,9790,10911.0
13,75,0.8450342465753424,0.27164335279215773,9865,11009.0
13,76,0.843236301369863,0.26894498169698955,9845,10970.0
13,77,0.8375856164383562,0.26719019344953077,9765,10902.0
13,78,0.8417808219178082,0.26585299701654463,9802,10963.0
13,79,0.8357876712328767,0.2665318614056181,9754,10878.0
13,80,0.8396404109589041,0.2697130887743571,9786,10934.0
13,81,0.8355308219178083,0.2677228048981385,9751,10879.0
13,82,0.8394691780821918,0.26652510072960905,9790,10955.0
13,83,0.8450342465753424,0.26907916347311944,9830,11010.0
13,84,0.8423801369863013,0.2690928991654125,9834,10976.0
13,85,0.8426369863013699,0.2689606165787532,9841,10972.0
13,86,0.8425513698630137,0.2703163686382393,9826,10966.0
13,87,0.8436643835616439,0.27129172072992297,9827,10987.0
13,88,0.8439212328767123,0.26747472551364276,9842,10989.0
13,89,0.8327054794520548,0.26331248300244764,9682,10860.0
13,90,0.8404109589041096,0.26990125227561096,9785,10929.0
13,91,0.841181506849315,0.2660630285232618,9785,10931.0
13,92,0.8426369863013699,0.2690146635603673,9815,10963.0
13,93,0.84375,0.2699945145364783,9844,10981.0
13,94,0.8452054794520548,0.2684287891986063,9861,11017.0
13,95,0.8400684931506849,0.26779910970314336,9806,10944.0
13,96,0.8384417808219178,0.26866000385451944,9758,10928.0
13,97,0.8448630136986301,0.27044869336547417,9873,10982.0
13,98,0.8333904109589041,0.26722171846234166,9725,10870.0
13,99,0.8379280821917808,0.2675113817124678,9754,10899.0
13,100,0.8388698630136986,0.2676356483252281,9796,10933.0
