policy,seed,class_id,arrivals,booked,balked,offered,no_offer,canceled,no_show,served,mean_accepted_booking_delay,mean_offered_booking_delay,percent_serviced,slot_utilization,balking_rate,total_booking_delay,total_offered_booking_delay,no_offer_rate,booked_rate
Pooled FCFS,5101,1,9172,9172,0,9172,0,3261,471,5440,5.361535106846925,5.361535106846925,0.5931094635848234,0.4657534246575342,0.0,49176.0,49176.0,0.0,1.0
Pooled FCFS,5101,2,9048,9048,0,9048,0,3264,438,5346,5.3316755083996465,5.3316755083996465,0.5908488063660478,0.4577054794520548,0.0,48241.0,48241.0,0.0,1.0
Pooled FCFS,5102,1,9161,9161,0,9161,0,3311,572,5278,5.491321908088636,5.491321908088636,0.5761379762034713,0.45188356164383564,0.0,50306.0,50306.0,0.0,1.0
Pooled FCFS,5102,2,9056,9056,0,9056,0,3229,610,5217,5.488626325088339,5.488626325088339,0.5760821554770318,0.44666095890410956,0.0,49705.0,49705.0,0.0,1.0
Pooled FCFS,5103,1,9292,9292,0,9292,0,3389,636,5267,5.481704692208352,5.481704692208352,0.5668316831683168,0.4509417808219178,0.0,50936.0,50936.0,0.0,1.0
Pooled FCFS,5103,2,9048,9048,0,9048,0,3249,629,5170,5.502873563218391,5.502873563218391,0.5713969938107869,0.4426369863013699,0.0,49790.0,49790.0,0.0,1.0
Pooled FCFS,5104,1,9004,9004,0,9004,0,3169,463,5372,5.372167925366504,5.372167925366504,0.5966237227898712,0.45993150684931505,0.0,48371.0,48371.0,0.0,1.0
Pooled FCFS,5104,2,9138,9138,0,9138,0,3274,485,5379,5.372838695557014,5.372838695557014,0.5886408404464872,0.4605308219178082,0.0,49097.0,49097.0,0.0,1.0
Pooled FCFS,5105,1,9137,9137,0,9137,0,3239,458,5440,5.395206304038525,5.395206304038525,0.5953814162197658,0.4657534246575342,0.0,49296.0,49296.0,0.0,1.0
Pooled FCFS,5105,2,9009,9009,0,9009,0,3231,473,5305,5.392718392718392,5.392718392718392,0.5888555888555889,0.4541952054794521,0.0,48583.0,48583.0,0.0,1.0
Pooled FCFS,5106,1,9090,9090,0,9090,0,3175,360,5555,5.234323432343234,5.234323432343234,0.6111111111111112,0.4755993150684932,0.0,47580.0,47580.0,0.0,1.0
Pooled FCFS,5106,2,8872,8872,0,8872,0,3089,345,5438,5.2687105500450855,5.2687105500450855,0.6129395852119026,0.46558219178082194,0.0,46744.0,46744.0,0.0,1.0
Pooled FCFS,5107,1,9188,9188,0,9188,0,3323,607,5258,5.549738789725729,5.549738789725729,0.5722681758815846,0.45017123287671235,0.0,50991.0,50991.0,0.0,1.0
Pooled FCFS,5107,2,9212,9212,0,9212,0,3405,613,5194,5.597590099869735,5.597590099869735,0.5638297872340425,0.4446917808219178,0.0,51565.0,51565.0,0.0,1.0
Pooled FCFS,5108,1,9184,9184,0,9184,0,3388,630,5166,5.589285714285714,5.589285714285714,0.5625,0.4422945205479452,0.0,51332.0,51332.0,0.0,1.0
Pooled FCFS,5108,2,9195,9195,0,9195,0,3302,608,5285,5.543882544861337,5.543882544861337,0.5747688961392061,0.4524828767123288,0.0,50976.0,50976.0,0.0,1.0
Pooled FCFS,5109,1,9236,9236,0,9236,0,3321,537,5378,5.382524902555219,5.382524902555219,0.5822867042009527,0.46044520547945206,0.0,49713.0,49713.0,0.0,1.0
Pooled FCFS,5109,2,9023,9023,0,9023,0,3263,501,5259,5.382467028704422,5.382467028704422,0.5828438435110274,0.4502568493150685,0.0,48566.0,48566.0,0.0,1.0
Pooled FCFS,5110,1,9084,9084,0,9084,0,3180,523,5381,5.464332892998679,5.464332892998679,0.5923601937472479,0.46070205479452053,0.0,49638.0,49638.0,0.0,1.0
Pooled FCFS,5110,2,9150,9150,0,9150,0,3389,535,5226,5.46207650273224,5.46207650273224,0.5711475409836065,0.44743150684931504,0.0,49978.0,49978.0,0.0,1.0
Pooled FCFS,5111,1,9035,9035,0,9035,0,3167,542,5326,5.446707249584947,5.446707249584947,0.5894853348090758,0.4559931506849315,0.0,49211.0,49211.0,0.0,1.0
Pooled FCFS,5111,2,9204,9204,0,9204,0,3353,559,5292,5.48348544111256,5.48348544111256,0.5749674054758801,0.45308219178082193,0.0,50470.0,50470.0,0.0,1.0
Pooled FCFS,5112,1,9194,9194,0,9194,0,3306,545,5343,5.506199695453557,5.506199695453557,0.5811398738307592,0.4574486301369863,0.0,50624.0,50624.0,0.0,1.0
Pooled FCFS,5112,2,9172,9172,0,9172,0,3393,573,5206,5.5,5.5,0.5675970344526821,0.4457191780821918,0.0,50446.0,50446.0,0.0,1.0
Pooled FCFS,5113,1,9263,9263,0,9263,0,3397,617,5249,5.5306056353233295,5.5306056353233295,0.5666630681204793,0.44940068493150687,0.0,51230.0,51230.0,0.0,1.0
Pooled FCFS,5113,2,9155,9155,0,9155,0,3317,653,5185,5.562643364281813,5.562643364281813,0.5663571818678318,0.4439212328767123,0.0,50926.0,50926.0,0.0,1.0
Pooled FCFS,5114,1,9028,9028,0,9028,0,3228,586,5214,5.60666814355339,5.60666814355339,0.5775365529463891,0.4464041095890411,0.0,50617.0,50617.0,0.0,1.0
Pooled FCFS,5114,2,9287,9287,0,9287,0,3395,623,5269,5.647571874663508,5.647571874663508,0.5673522127705395,0.45111301369863016,0.0,52449.0,52449.0,0.0,1.0
Pooled FCFS,5115,1,9045,9045,0,9045,0,3165,411,5469,5.300829187396352,5.300829187396352,0.6046434494195688,0.468236301369863,0.0,47946.0,47946.0,0.0,1.0
Pooled FCFS,5115,2,8987,8987,0,8987,0,3191,423,5373,5.3016579503727606,5.3016579503727606,0.5978635807277178,0.46001712328767125,0.0,47646.0,47646.0,0.0,1.0
Pooled FCFS,5116,1,9010,9010,0,9010,0,3264,611,5135,5.578912319644839,5.578912319644839,0.56992230854606,0.4396404109589041,0.0,50266.0,50266.0,0.0,1.0
Pooled FCFS,5116,2,9268,9268,0,9268,0,3345,608,5315,5.547367285282693,5.547367285282693,0.5734786361674579,0.4550513698630137,0.0,51413.0,51413.0,0.0,1.0
Pooled FCFS,5117,1,9149,9149,0,9149,0,3358,585,5206,5.550005465078151,5.550005465078151,0.5690239370422997,0.4457191780821918,0.0,50777.0,50777.0,0.0,1.0
Pooled FCFS,5117,2,9189,9189,0,9189,0,3319,662,5208,5.54826422896942,5.54826422896942,0.5667646098596147,0.4458904109589041,0.0,50983.0,50983.0,0.0,1.0
Pooled FCFS,5118,1,9275,9275,0,9275,0,3396,634,5245,5.539407008086253,5.539407008086253,0.5654986522911051,0.4490582191780822,0.0,51378.0,51378.0,0.0,1.0
Pooled FCFS,5118,2,9189,9189,0,9189,0,3394,609,5186,5.51126346718903,5.51126346718903,0.5643704429208837,0.4440068493150685,0.0,50643.0,50643.0,0.0,1.0
Pooled FCFS,5119,1,9144,9144,0,9144,0,3340,575,5229,5.513670166229221,5.513670166229221,0.5718503937007874,0.44768835616438357,0.0,50417.0,50417.0,0.0,1.0
Pooled FCFS,5119,2,9285,9285,0,9285,0,3397,549,5339,5.527948303715671,5.527948303715671,0.5750134625740442,0.45710616438356166,0.0,51327.0,51327.0,0.0,1.0
Pooled FCFS,5120,1,9172,9172,0,9172,0,3278,579,5315,5.483863933711295,5.483863933711295,0.5794810292193633,0.4550513698630137,0.0,50298.0,50298.0,0.0,1.0
Pooled FCFS,5120,2,9111,9111,0,9111,0,3328,550,5233,5.469871583799803,5.469871583799803,0.5743606629349138,0.44803082191780824,0.0,49836.0,49836.0,0.0,1.0
Pooled FCFS,5121,1,9051,9051,0,9051,0,3212,436,5403,5.363495746326373,5.363495746326373,0.5969506131919124,0.46258561643835616,0.0,48545.0,48545.0,0.0,1.0
Pooled FCFS,5121,2,9131,9131,0,9131,0,3290,466,5375,5.329865294053225,5.329865294053225,0.5886540357025517,0.4601883561643836,0.0,48667.0,48667.0,0.0,1.0
Pooled FCFS,5122,1,9240,9240,0,9240,0,3288,465,5487,5.368398268398268,5.368398268398268,0.5938311688311688,0.46977739726027395,0.0,49604.0,49604.0,0.0,1.0
Pooled FCFS,5122,2,8936,8936,0,8936,0,3196,481,5259,5.454901521933751,5.454901521933751,0.5885183527305282,0.4502568493150685,0.0,48745.0,48745.0,0.0,1.0
Pooled FCFS,5123,1,9065,9065,0,9065,0,3221,473,5371,5.378157749586321,5.378157749586321,0.5924986210700497,0.4598458904109589,0.0,48753.0,48753.0,0.0,1.0
Pooled FCFS,5123,2,9055,9055,0,9055,0,3216,484,5355,5.388625069022639,5.388625069022639,0.5913859745996687,0.4584760273972603,0.0,48794.0,48794.0,0.0,1.0
Pooled FCFS,5124,1,9261,9261,0,9261,0,3345,514,5402,5.421660727783177,5.421660727783177,0.5833063384083792,0.4625,0.0,50210.0,50210.0,0.0,1.0
Pooled FCFS,5124,2,9081,9081,0,9081,0,3321,534,5226,5.440370003303601,5.440370003303601,0.5754872811364388,0.44743150684931504,0.0,49404.0,49404.0,0.0,1.0
Pooled FCFS,5125,1,9234,9234,0,9234,0,3413,591,5230,5.5168940870695256,5.5168940870695256,0.5663850985488412,0.4477739726027397,0.0,50943.0,50943.0,0.0,1.0
Pooled FCFS,5125,2,9040,9040,0,9040,0,3177,644,5219,5.501991150442477,5.501991150442477,0.5773230088495576,0.4468321917808219,0.0,49738.0,49738.0,0.0,1.0
Pooled FCFS,5126,1,9120,9120,0,9120,0,3244,573,5303,5.467543859649123,5.467543859649123,0.581469298245614,0.45402397260273974,0.0,49864.0,49864.0,0.0,1.0
Pooled FCFS,5126,2,9175,9175,0,9175,0,3357,575,5243,5.5440871934604905,5.5440871934604905,0.5714441416893733,0.44888698630136986,0.0,50867.0,50867.0,0.0,1.0
Pooled FCFS,5127,1,9247,9247,0,9247,0,3379,637,5231,5.530983021520493,5.530983021520493,0.5656969828052342,0.4478595890410959,0.0,51145.0,51145.0,0.0,1.0
Pooled FCFS,5127,2,9060,9060,0,9060,0,3264,539,5257,5.462472406181015,5.462472406181015,0.580242825607064,0.45008561643835615,0.0,49490.0,49490.0,0.0,1.0
Pooled FCFS,5128,1,9155,9155,0,9155,0,3352,471,5332,5.395849262697979,5.395849262697979,0.582413981430912,0.4565068493150685,0.0,49399.0,49399.0,0.0,1.0
Pooled FCFS,5128,2,9064,9064,0,9064,0,3187,530,5347,5.375220653133274,5.375220653133274,0.5899161518093556,0.45779109589041095,0.0,48721.0,48721.0,0.0,1.0
Pooled FCFS,5129,1,9223,9223,0,9223,0,3334,547,5342,5.429252954570097,5.429252954570097,0.5792041635042827,0.45736301369863014,0.0,50074.0,50074.0,0.0,1.0
Pooled FCFS,5129,2,9077,9077,0,9077,0,3276,549,5252,5.414343946237744,5.414343946237744,0.5786052660570673,0.44965753424657534,0.0,49146.0,49146.0,0.0,1.0
Pooled FCFS,5130,1,9013,9013,0,9013,0,3289,592,5132,5.535337845334517,5.535337845334517,0.5693997559081327,0.43938356164383563,0.0,49890.0,49890.0,0.0,1.0
Pooled FCFS,5130,2,9283,9283,0,9283,0,3296,593,5394,5.549822255736292,5.549822255736292,0.5810621566303996,0.4618150684931507,0.0,51519.0,51519.0,0.0,1.0
Strict C1 reservation,5101,1,9172,9172,0,9172,0,3194,463,5515,5.281945050152639,5.281945050152639,0.6012865242040994,0.4721746575342466,0.0,48446.0,48446.0,0.0,1.0
Strict C1 reservation,5101,2,9048,9048,0,9048,0,3331,446,5271,5.412577365163572,5.412577365163572,0.5825596816976127,0.45128424657534244,0.0,48973.0,48973.0,0.0,1.0
Strict C1 reservation,5102,1,9161,9161,0,9161,0,3275,560,5326,5.409671433249645,5.409671433249645,0.581377578866936,0.4559931506849315,0.0,49558.0,49558.0,0.0,1.0
Strict C1 reservation,5102,2,9056,9056,0,9056,0,3265,622,5169,5.571223498233215,5.571223498233215,0.5707818021201413,0.4425513698630137,0.0,50453.0,50453.0,0.0,1.0
Strict C1 reservation,5103,1,9292,9292,0,9292,0,3337,633,5322,5.408308222126561,5.408308222126561,0.5727507533362032,0.45565068493150684,0.0,50254.0,50254.0,0.0,1.0
Strict C1 reservation,5103,2,9048,9048,0,9048,0,3301,632,5115,5.578359858532273,5.578359858532273,0.5653183023872679,0.4379280821917808,0.0,50473.0,50473.0,0.0,1.0
Strict C1 reservation,5104,1,9004,9004,0,9004,0,3115,452,5437,5.282096845846291,5.282096845846291,0.6038427365615282,0.46549657534246575,0.0,47560.0,47560.0,0.0,1.0
Strict C1 reservation,5104,2,9138,9138,0,9138,0,3328,497,5313,5.461698402276209,5.461698402276209,0.5814182534471438,0.45488013698630136,0.0,49909.0,49909.0,0.0,1.0
Strict C1 reservation,5105,1,9137,9137,0,9137,0,3177,446,5514,5.325489766881908,5.325489766881908,0.603480354602167,0.4720890410958904,0.0,48659.0,48659.0,0.0,1.0
Strict C1 reservation,5105,2,9009,9009,0,9009,0,3293,485,5231,5.463536463536464,5.463536463536464,0.5806415806415807,0.4478595890410959,0.0,49221.0,49221.0,0.0,1.0
Strict C1 reservation,5106,1,9090,9090,0,9090,0,3129,355,5606,5.167106710671067,5.167106710671067,0.6167216721672167,0.4799657534246575,0.0,46969.0,46969.0,0.0,1.0
Strict C1 reservation,5106,2,8872,8872,0,8872,0,3135,350,5387,5.337578899909829,5.337578899909829,0.6071911632100991,0.46121575342465754,0.0,47355.0,47355.0,0.0,1.0
Strict C1 reservation,5107,1,9188,9188,0,9188,0,3318,598,5272,5.473443622115803,5.473443622115803,0.5737919024814976,0.45136986301369864,0.0,50290.0,50290.0,0.0,1.0
Strict C1 reservation,5107,2,9212,9212,0,9212,0,3410,622,5180,5.673686495874946,5.673686495874946,0.5623100303951368,0.4434931506849315,0.0,52266.0,52266.0,0.0,1.0
Strict C1 reservation,5108,1,9184,9184,0,9184,0,3322,618,5244,5.505008710801394,5.505008710801394,0.570993031358885,0.448972602739726,0.0,50558.0,50558.0,0.0,1.0
Strict C1 reservation,5108,2,9195,9195,0,9195,0,3368,619,5208,5.628058727569331,5.628058727569331,0.566394779771615,0.4458904109589041,0.0,51750.0,51750.0,0.0,1.0
Strict C1 reservation,5109,1,9236,9236,0,9236,0,3262,532,5442,5.308250324815938,5.308250324815938,0.5892161108705067,0.46592465753424656,0.0,49027.0,49027.0,0.0,1.0
Strict C1 reservation,5109,2,9023,9023,0,9023,0,3322,506,5195,5.458494957331265,5.458494957331265,0.5757508589161033,0.444777397260274,0.0,49252.0,49252.0,0.0,1.0
Strict C1 reservation,5110,1,9084,9084,0,9084,0,3148,510,5426,5.392228093350947,5.392228093350947,0.5973139586085425,0.46455479452054793,0.0,48983.0,48983.0,0.0,1.0
Strict C1 reservation,5110,2,9150,9150,0,9150,0,3421,548,5181,5.533661202185792,5.533661202185792,0.5662295081967214,0.4435787671232877,0.0,50633.0,50633.0,0.0,1.0
Strict C1 reservation,5111,1,9035,9035,0,9035,0,3112,530,5393,5.3731045932484784,5.3731045932484784,0.5969009407858329,0.46172945205479454,0.0,48546.0,48546.0,0.0,1.0
Strict C1 reservation,5111,2,9204,9204,0,9204,0,3408,571,5225,5.55573663624511,5.55573663624511,0.5676879617557584,0.4473458904109589,0.0,51135.0,51135.0,0.0,1.0
Strict C1 reservation,5112,1,9194,9194,0,9194,0,3270,524,5400,5.426908853600174,5.426908853600174,0.5873395692843159,0.4623287671232877,0.0,49895.0,49895.0,0.0,1.0
Strict C1 reservation,5112,2,9172,9172,0,9172,0,3429,594,5149,5.579481029219363,5.579481029219363,0.5613824683820323,0.4408390410958904,0.0,51175.0,51175.0,0.0,1.0
Strict C1 reservation,5113,1,9263,9263,0,9263,0,3343,602,5318,5.4535247759905,5.4535247759905,0.5741120587282738,0.4553082191780822,0.0,50516.0,50516.0,0.0,1.0
Strict C1 reservation,5113,2,9155,9155,0,9155,0,3371,667,5117,5.640633533588203,5.640633533588203,0.5589295466957946,0.43809931506849314,0.0,51640.0,51640.0,0.0,1.0
Strict C1 reservation,5114,1,9028,9028,0,9028,0,3180,574,5274,5.519937970757643,5.519937970757643,0.5841825431989366,0.45154109589041097,0.0,49834.0,49834.0,0.0,1.0
Strict C1 reservation,5114,2,9287,9287,0,9287,0,3443,635,5209,5.73188327770001,5.73188327770001,0.5608915688596964,0.4459760273972603,0.0,53232.0,53232.0,0.0,1.0
Strict C1 reservation,5115,1,9045,9045,0,9045,0,3132,404,5509,5.2388059701492535,5.2388059701492535,0.6090657822001105,0.4716609589041096,0.0,47385.0,47385.0,0.0,1.0
Strict C1 reservation,5115,2,8987,8987,0,8987,0,3224,430,5333,5.364081450984756,5.364081450984756,0.5934127072437966,0.45659246575342466,0.0,48207.0,48207.0,0.0,1.0
Strict C1 reservation,5116,1,9010,9010,0,9010,0,3195,598,5217,5.49134295227525,5.49134295227525,0.579023307436182,0.44666095890410956,0.0,49477.0,49477.0,0.0,1.0
Strict C1 reservation,5116,2,9268,9268,0,9268,0,3414,622,5232,5.632498921018558,5.632498921018558,0.5645230902028485,0.44794520547945205,0.0,52202.0,52202.0,0.0,1.0
Strict C1 reservation,5117,1,9149,9149,0,9149,0,3298,578,5273,5.460815389660072,5.460815389660072,0.5763471417641273,0.4514554794520548,0.0,49961.0,49961.0,0.0,1.0
Strict C1 reservation,5117,2,9189,9189,0,9189,0,3379,669,5141,5.637066057242355,5.637066057242355,0.5594732832734791,0.4401541095890411,0.0,51799.0,51799.0,0.0,1.0
Strict C1 reservation,5118,1,9275,9275,0,9275,0,3356,624,5295,5.469433962264151,5.469433962264151,0.57088948787062,0.4533390410958904,0.0,50729.0,50729.0,0.0,1.0
Strict C1 reservation,5118,2,9189,9189,0,9189,0,3434,619,5136,5.581891391881598,5.581891391881598,0.5589291544237676,0.4397260273972603,0.0,51292.0,51292.0,0.0,1.0
Strict C1 reservation,5119,1,9144,9144,0,9144,0,3277,558,5309,5.439085739282589,5.439085739282589,0.5805993000874891,0.4545376712328767,0.0,49735.0,49735.0,0.0,1.0
Strict C1 reservation,5119,2,9285,9285,0,9285,0,3460,566,5259,5.601400107700592,5.601400107700592,0.5663974151857836,0.4502568493150685,0.0,52009.0,52009.0,0.0,1.0
Strict C1 reservation,5120,1,9172,9172,0,9172,0,3223,562,5387,5.406781508940253,5.406781508940253,0.5873310074138683,0.46121575342465754,0.0,49591.0,49591.0,0.0,1.0
Strict C1 reservation,5120,2,9111,9111,0,9111,0,3383,567,5161,5.547470091098672,5.547470091098672,0.5664581275381407,0.4418664383561644,0.0,50543.0,50543.0,0.0,1.0
Strict C1 reservation,5121,1,9051,9051,0,9051,0,3145,434,5472,5.29665230361286,5.29665230361286,0.6045740802121312,0.4684931506849315,0.0,47940.0,47940.0,0.0,1.0
Strict C1 reservation,5121,2,9131,9131,0,9131,0,3357,468,5306,5.396123097141605,5.396123097141605,0.5810973606395795,0.4542808219178082,0.0,49272.0,49272.0,0.0,1.0
Strict C1 reservation,5122,1,9240,9240,0,9240,0,3256,453,5531,5.301298701298701,5.301298701298701,0.5985930735930736,0.4735445205479452,0.0,48984.0,48984.0,0.0,1.0
Strict C1 reservation,5122,2,8936,8936,0,8936,0,3228,493,5215,5.524283795881827,5.524283795881827,0.5835944494180841,0.4464897260273973,0.0,49365.0,49365.0,0.0,1.0
Strict C1 reservation,5123,1,9065,9065,0,9065,0,3173,460,5432,5.303364589078875,5.303364589078875,0.5992277992277992,0.46506849315068494,0.0,48075.0,48075.0,0.0,1.0
Strict C1 reservation,5123,2,9055,9055,0,9055,0,3264,497,5294,5.463500828271673,5.463500828271673,0.5846493649917173,0.45325342465753427,0.0,49472.0,49472.0,0.0,1.0
Strict C1 reservation,5124,1,9261,9261,0,9261,0,3276,509,5476,5.346182917611489,5.346182917611489,0.5912968361947953,0.46883561643835614,0.0,49511.0,49511.0,0.0,1.0
Strict C1 reservation,5124,2,9081,9081,0,9081,0,3390,539,5152,5.517343904856293,5.517343904856293,0.5673383988547517,0.4410958904109589,0.0,50103.0,50103.0,0.0,1.0
Strict C1 reservation,5125,1,9234,9234,0,9234,0,3344,586,5304,5.432423651721897,5.432423651721897,0.5743989603638726,0.4541095890410959,0.0,50163.0,50163.0,0.0,1.0
Strict C1 reservation,5125,2,9040,9040,0,9040,0,3246,648,5146,5.5882743362831855,5.5882743362831855,0.5692477876106194,0.4405821917808219,0.0,50518.0,50518.0,0.0,1.0
Strict C1 reservation,5126,1,9120,9120,0,9120,0,3212,560,5348,5.3946271929824565,5.3946271929824565,0.5864035087719298,0.45787671232876714,0.0,49199.0,49199.0,0.0,1.0
Strict C1 reservation,5126,2,9175,9175,0,9175,0,3389,588,5198,5.616566757493188,5.616566757493188,0.5665395095367848,0.44503424657534246,0.0,51532.0,51532.0,0.0,1.0
Strict C1 reservation,5127,1,9247,9247,0,9247,0,3305,627,5315,5.45701308532497,5.45701308532497,0.5747810100573159,0.4550513698630137,0.0,50461.0,50461.0,0.0,1.0
Strict C1 reservation,5127,2,9060,9060,0,9060,0,3338,549,5173,5.537969094922738,5.537969094922738,0.5709713024282561,0.44289383561643836,0.0,50174.0,50174.0,0.0,1.0
Strict C1 reservation,5128,1,9155,9155,0,9155,0,3302,467,5386,5.317531403604588,5.317531403604588,0.5883123975969415,0.46113013698630134,0.0,48682.0,48682.0,0.0,1.0
Strict C1 reservation,5128,2,9064,9064,0,9064,0,3237,534,5293,5.45432480141218,5.45432480141218,0.5839585172109444,0.45316780821917807,0.0,49438.0,49438.0,0.0,1.0
Strict C1 reservation,5129,1,9223,9223,0,9223,0,3296,540,5387,5.351078824677437,5.351078824677437,0.5840832700856554,0.46121575342465754,0.0,49353.0,49353.0,0.0,1.0
Strict C1 reservation,5129,2,9077,9077,0,9077,0,3314,554,5209,5.493885645036906,5.493885645036906,0.5738680180676435,0.4459760273972603,0.0,49868.0,49868.0,0.0,1.0
Strict C1 reservation,5130,1,9013,9013,0,9013,0,3235,574,5204,5.449905691778542,5.449905691778542,0.5773882170198602,0.44554794520547947,0.0,49120.0,49120.0,0.0,1.0
Strict C1 reservation,5130,2,9283,9283,0,9283,0,3350,611,5322,5.632769578799957,5.632769578799957,0.573306043304966,0.45565068493150684,0.0,52289.0,52289.0,0.0,1.0
Class-1-first backfill reservation,5101,1,9092,6849,2243,9092,0,3202,594,3053,7.449992699664184,8.103497580290366,0.33578970523537177,0.26138698630136986,0.2467003959524857,51025.0,73677.0,0.0,0.7532996040475143
Class-1-first backfill reservation,5101,2,9031,9031,0,9031,0,992,0,8039,2.0679880411914517,2.0679880411914517,0.890156128889381,0.6882705479452055,0.0,18676.0,18676.0,0.0,1.0
Class-1-first backfill reservation,5102,1,9117,6779,2338,9117,0,3119,574,3086,7.4565570143088955,8.142700449709334,0.3384885378962378,0.2642123287671233,0.2564440057036306,50548.0,74237.0,0.0,0.7435559942963694
Class-1-first backfill reservation,5102,2,9212,9212,0,9212,0,1146,0,8066,2.3369518019973947,2.3369518019973947,0.8755970473295701,0.6905821917808219,0.0,21528.0,21528.0,0.0,1.0
Class-1-first backfill reservation,5103,1,9091,6815,2276,9091,0,3156,615,3044,7.393103448275862,8.069519304806953,0.33483665163348364,0.2606164383561644,0.25035749642503574,50384.0,73360.0,0.0,0.7496425035749642
Class-1-first backfill reservation,5103,2,9011,9011,0,9011,0,986,0,8025,2.1156364443457996,2.1156364443457996,0.890578182221729,0.6870719178082192,0.0,19064.0,19064.0,0.0,1.0
Class-1-first backfill reservation,5104,1,9045,6816,2229,9045,0,3164,562,3089,7.396713615023474,8.060696517412936,0.3415146489773355,0.2644691780821918,0.24643449419568822,50416.0,72909.0,0.0,0.7535655058043118
Class-1-first backfill reservation,5104,2,9220,9220,0,9220,0,1213,0,8007,2.32765726681128,2.32765726681128,0.8684381778741865,0.6855308219178082,0.0,21461.0,21461.0,0.0,1.0
Class-1-first backfill reservation,5105,1,9101,6844,2257,9101,0,3196,572,3076,7.432057276446523,8.09954950005494,0.33798483683111746,0.26335616438356163,0.2479947258543017,50865.0,73714.0,0.0,0.7520052741456983
Class-1-first backfill reservation,5105,2,9237,9237,0,9237,0,1225,0,8012,2.3947168994262205,2.3947168994262205,0.8673811843672188,0.685958904109589,0.0,22120.0,22120.0,0.0,1.0
Class-1-first backfill reservation,5106,1,9219,6887,2332,9219,0,3234,567,3086,7.438507332655728,8.111400368803558,0.3347434645840113,0.2642123287671233,0.2529558520446903,51229.0,74779.0,0.0,0.7470441479553097
Class-1-first backfill reservation,5106,2,9173,9173,0,9173,0,1131,0,8042,2.257603837348741,2.257603837348741,0.8767033685817072,0.688527397260274,0.0,20709.0,20709.0,0.0,1.0
Class-1-first backfill reservation,5107,1,9019,6776,2243,9019,0,3125,620,3031,7.417060212514758,8.084155671360461,0.33606830025501716,0.25950342465753423,0.24869719481095465,50258.0,72911.0,0.0,0.7513028051890454
Class-1-first backfill reservation,5107,2,9220,9220,0,9220,0,1178,0,8042,2.3003253796095446,2.3003253796095446,0.872234273318872,0.688527397260274,0.0,21209.0,21209.0,0.0,1.0
Class-1-first backfill reservation,5108,1,9146,6862,2284,9146,0,3209,542,3111,7.434712911687555,8.101793133610322,0.34014869888475835,0.2663527397260274,0.24972665646184125,51017.0,74099.0,0.0,0.7502733435381588
Class-1-first backfill reservation,5108,2,9042,9042,0,9042,0,1030,0,8012,2.127847821278478,2.127847821278478,0.8860871488608715,0.685958904109589,0.0,19240.0,19240.0,0.0,1.0
Class-1-first backfill reservation,5109,1,8943,6843,2100,8943,0,3203,550,3090,7.375858541575332,8.01710835290171,0.3455216370345522,0.2645547945205479,0.23482053002348205,50473.0,71697.0,0.0,0.765179469976518
Class-1-first backfill reservation,5109,2,9242,9242,0,9242,0,1215,0,8027,2.406730144990262,2.406730144990262,0.8685349491452067,0.6872431506849315,0.0,22243.0,22243.0,0.0,1.0
Class-1-first backfill reservation,5110,1,9151,6808,2343,9151,0,3162,560,3086,7.4701821386604,8.133428040651294,0.3372309037263687,0.2642123287671233,0.25603759152005245,50857.0,74429.0,0.0,0.7439624084799475
Class-1-first backfill reservation,5110,2,9016,9016,0,9016,0,980,0,8036,2.061335403726708,2.061335403726708,0.8913043478260869,0.688013698630137,0.0,18585.0,18585.0,0.0,1.0
Class-1-first backfill reservation,5111,1,9188,6776,2412,9188,0,3124,601,3051,7.4573494687131054,8.151066608619939,0.33206356116673924,0.2612157534246575,0.26251632564214195,50531.0,74892.0,0.0,0.7374836743578581
Class-1-first backfill reservation,5111,2,9113,9113,0,9113,0,1103,0,8010,2.244595632612751,2.244595632612751,0.8789641171952156,0.6857876712328768,0.0,20455.0,20455.0,0.0,1.0
Class-1-first backfill reservation,5112,1,9004,6823,2181,9004,0,3174,592,3057,7.40861791001026,8.05508662816526,0.33951577076854733,0.26172945205479453,0.24222567747667703,50549.0,72528.0,0.0,0.757774322523323
Class-1-first backfill reservation,5112,2,9089,9089,0,9089,0,1071,0,8018,2.220816371438002,2.220816371438002,0.8821652547034877,0.686472602739726,0.0,20185.0,20185.0,0.0,1.0
Class-1-first backfill reservation,5113,1,9012,6838,2174,9012,0,3188,571,3079,7.411523837379351,8.060031069684864,0.3416555703506436,0.26361301369863016,0.24123391034176653,50680.0,72637.0,0.0,0.7587660896582334
Class-1-first backfill reservation,5113,2,9167,9167,0,9167,0,1121,0,8046,2.2233009708737863,2.2233009708737863,0.8777135376895385,0.6888698630136987,0.0,20381.0,20381.0,0.0,1.0
Class-1-first backfill reservation,5114,1,9190,6764,2426,9190,0,3101,619,3044,7.524689532820816,8.21316648531012,0.33122959738846575,0.2606164383561644,0.26398258977149075,50897.0,75479.0,0.0,0.7360174102285092
Class-1-first backfill reservation,5114,2,9137,9137,0,9137,0,1075,0,8062,2.2303819634453323,2.2303819634453323,0.8823465032286308,0.6902397260273972,0.0,20379.0,20379.0,0.0,1.0
Class-1-first backfill reservation,5115,1,9224,6802,2422,9224,0,3155,610,3037,7.456042340488092,8.154163052905464,0.32924978317432785,0.26001712328767124,0.26257588898525586,50716.0,75214.0,0.0,0.7374241110147441
Class-1-first backfill reservation,5115,2,9154,9154,0,9154,0,1110,0,8044,2.198820187896002,2.198820187896002,0.8787415337557352,0.6886986301369863,0.0,20128.0,20128.0,0.0,1.0
Class-1-first backfill reservation,5116,1,9217,6741,2476,9217,0,3091,591,3059,7.467438065568906,8.178583053054139,0.3318867310404687,0.26190068493150687,0.2686340457849626,50338.0,75382.0,0.0,0.7313659542150375
Class-1-first backfill reservation,5116,2,9079,9079,0,9079,0,1051,0,8028,2.159378786209935,2.159378786209935,0.8842383522414363,0.6873287671232877,0.0,19605.0,19605.0,0.0,1.0
Class-1-first backfill reservation,5117,1,9131,6716,2415,9131,0,3067,571,3078,7.460690887432996,8.154747563246085,0.3370934180265031,0.26352739726027397,0.26448362720403024,50106.0,74461.0,0.0,0.7355163727959698
Class-1-first backfill reservation,5117,2,9144,9144,0,9144,0,1113,0,8031,2.26334208223972,2.26334208223972,0.8782808398950132,0.6875856164383561,0.0,20696.0,20696.0,0.0,1.0
Class-1-first backfill reservation,5118,1,9169,6765,2404,9169,0,3123,607,3035,7.4815964523281595,8.168284436688843,0.3310066528520013,0.2598458904109589,0.2621878067401025,50613.0,74895.0,0.0,0.7378121932598974
Class-1-first backfill reservation,5118,2,9065,9065,0,9065,0,1020,0,8045,2.2060672917815776,2.2060672917815776,0.8874793160507446,0.6887842465753424,0.0,19998.0,19998.0,0.0,1.0
Class-1-first backfill reservation,5119,1,9061,6896,2165,9061,0,3248,601,3046,7.3868909512761025,8.04712504138616,0.3361659860942501,0.2607876712328767,0.23893609976823751,50940.0,72915.0,0.0,0.7610639002317625
Class-1-first backfill reservation,5119,2,9181,9181,0,9181,0,1140,0,8041,2.244091057618996,2.244091057618996,0.8758305195512471,0.6884417808219178,0.0,20603.0,20603.0,0.0,1.0
Class-1-first backfill reservation,5120,1,9009,6795,2214,9009,0,3140,571,3084,7.403384841795438,8.059163059163058,0.34232434232434233,0.26404109589041097,0.24575424575424576,50306.0,72605.0,0.0,0.7542457542457542
Class-1-first backfill reservation,5120,2,9060,9060,0,9060,0,1032,0,8028,2.170860927152318,2.170860927152318,0.8860927152317881,0.6873287671232877,0.0,19668.0,19668.0,0.0,1.0
Class-1-first backfill reservation,5121,1,9185,6804,2381,9185,0,3158,576,3070,7.457524985302763,8.148938486663038,0.3342406096897115,0.2628424657534247,0.2592270005443658,50741.0,74848.0,0.0,0.7407729994556342
Class-1-first backfill reservation,5121,2,9255,9255,0,9255,0,1227,0,8028,2.4055105348460293,2.4055105348460293,0.8674230145867099,0.6873287671232877,0.0,22263.0,22263.0,0.0,1.0
Class-1-first backfill reservation,5122,1,9111,6845,2266,9111,0,3200,588,3057,7.428341855368882,8.088684008341565,0.3355284820546592,0.26172945205479453,0.24871035012622106,50847.0,73696.0,0.0,0.751289649873779
Class-1-first backfill reservation,5122,2,9249,9249,0,9249,0,1209,0,8040,2.3544166936966158,2.3544166936966158,0.8692831657476484,0.6883561643835616,0.0,21776.0,21776.0,0.0,1.0
Class-1-first backfill reservation,5123,1,9059,6859,2200,9059,0,3206,601,3052,7.3894153666715265,8.049563969533061,0.33690252787283365,0.2613013698630137,0.24285241196600066,50684.0,72921.0,0.0,0.7571475880339993
Class-1-first backfill reservation,5123,2,9144,9144,0,9144,0,1119,0,8025,2.3117891513560807,2.3117891513560807,0.8776246719160105,0.6870719178082192,0.0,21139.0,21139.0,0.0,1.0
Class-1-first backfill reservation,5124,1,9242,6881,2361,9242,0,3230,575,3076,7.423048975439617,8.109175503137848,0.3328283921229171,0.26335616438356163,0.2554641852412898,51078.0,74945.0,0.0,0.7445358147587102
Class-1-first backfill reservation,5124,2,9324,9324,0,9324,0,1292,0,8032,2.4798369798369797,2.4798369798369797,0.8614328614328615,0.6876712328767123,0.0,23122.0,23122.0,0.0,1.0
Class-1-first backfill reservation,5125,1,9123,6749,2374,9123,0,3099,583,3067,7.510297821899541,8.187986407979832,0.3361832730461471,0.26258561643835615,0.26022141839307245,50687.0,74699.0,0.0,0.7397785816069276
Class-1-first backfill reservation,5125,2,9001,9001,0,9001,0,959,0,8042,2.1232085323852905,2.1232085323852905,0.8934562826352628,0.688527397260274,0.0,19111.0,19111.0,0.0,1.0
Class-1-first backfill reservation,5126,1,9019,6741,2278,9019,0,3093,554,3094,7.4386589526776445,8.108326865506154,0.34305355360904755,0.2648972602739726,0.2525778911187493,50144.0,73129.0,0.0,0.7474221088812507
Class-1-first backfill reservation,5126,2,9070,9070,0,9070,0,1022,0,8048,2.163395810363837,2.163395810363837,0.8873208379272326,0.689041095890411,0.0,19622.0,19622.0,0.0,1.0
Class-1-first backfill reservation,5127,1,9180,6808,2372,9180,0,3160,599,3049,7.44521151586369,8.128540305010894,0.3321350762527233,0.2610445205479452,0.25838779956427016,50687.0,74620.0,0.0,0.7416122004357298
Class-1-first backfill reservation,5127,2,9152,9152,0,9152,0,1103,0,8049,2.261909965034965,2.261909965034965,0.8794798951048951,0.6891267123287671,0.0,20701.0,20701.0,0.0,1.0
Class-1-first backfill reservation,5128,1,9155,6839,2316,9155,0,3192,564,3083,7.464249159233806,8.143418896777717,0.33675587110868377,0.2639554794520548,0.2529765155652649,51048.0,74553.0,0.0,0.7470234844347351
Class-1-first backfill reservation,5128,2,9252,9252,0,9252,0,1208,0,8044,2.3586251621271077,2.3586251621271077,0.869433635970601,0.6886986301369863,0.0,21822.0,21822.0,0.0,1.0
Class-1-first backfill reservation,5129,1,9159,6899,2260,9159,0,3261,575,3063,7.39585447166256,8.059285948247625,0.33442515558467084,0.2622431506849315,0.24675182880227098,51024.0,73815.0,0.0,0.753248171197729
Class-1-first backfill reservation,5129,2,8925,8925,0,8925,0,901,0,8024,2.0428011204481793,2.0428011204481793,0.8990476190476191,0.686986301369863,0.0,18232.0,18232.0,0.0,1.0
Class-1-first backfill reservation,5130,1,9236,6780,2456,9236,0,3135,548,3097,7.467846607669617,8.16424859246427,0.33531831961888264,0.2651541095890411,0.26591598094413166,50632.0,75405.0,0.0,0.7340840190558683
Class-1-first backfill reservation,5130,2,9202,9202,0,9202,0,1178,0,8024,2.3047163660073897,2.3047163660073897,0.8719843512279939,0.686986301369863,0.0,21208.0,21208.0,0.0,1.0
