selection_objective,comparison,factor,contrast,fixed_other_level,effect_average_utilization,effect_priority_weighted_utilization,effect_class_1_percent_serviced,effect_class_2_percent_serviced,effect_class_1_slot_utilization,effect_class_2_slot_utilization,n_rows
average_utilization,horizon_only_vs_baseline,noshow,low_to_medium,low,0.01065850837138491,0.010845585996955858,0.009294553483565995,-0.0005069809264136916,0.011099634703196349,-0.0005080974124809742,60
average_utilization,horizon_only_vs_baseline,noshow,low_to_medium,medium,0.01053576864535752,0.011103942161339423,0.009861695701371504,-0.0009257561499612463,0.011725418569254183,-0.0012429528158295286,60
average_utilization,horizon_only_vs_baseline,noshow,low_to_medium,high,0.01038974124809726,0.011315083713850834,0.010711121171606795,-0.0016169100889802158,0.012326727549467275,-0.0020232876712328787,60
average_utilization,horizon_only_vs_baseline,noshow,medium_to_high,low,0.010753911719938888,0.010750578386605788,0.009176801798357958,4.0775117963182674e-05,0.010755068493150688,-8.980213089802199e-06,60
average_utilization,horizon_only_vs_baseline,noshow,medium_to_high,medium,0.010633698630136725,0.010642237442922375,0.009035480225411468,4.0775117963182674e-05,0.010646727549467277,-8.980213089802199e-06,60
average_utilization,horizon_only_vs_baseline,noshow,medium_to_high,high,0.010389284627092597,0.010387747336377475,0.008810431077485503,4.0775117963182674e-05,0.01039223744292238,-8.980213089802199e-06,60
average_utilization,horizon_only_vs_baseline,noshow,low_to_high,low,0.021412420091323794,0.021596164383561645,0.01847135528192395,-0.00046620580845050893,0.021854703196347035,-0.0005170776255707764,60
average_utilization,horizon_only_vs_baseline,noshow,low_to_high,medium,0.021169467275494246,0.021746179604261798,0.018897175926782972,-0.0008849810319980637,0.02237214611872146,-0.001251933028919331,60
average_utilization,horizon_only_vs_baseline,noshow,low_to_high,high,0.020779025875189858,0.021702831050228306,0.019521552249092296,-0.0015761349710170334,0.022718964992389654,-0.002032267884322681,60
average_utilization,horizon_only_vs_baseline,balking,low_to_medium,low,6.496194824962424e-05,0.000537184170471839,0.0012192589680421922,-0.001109092678182813,0.001051689497716898,-0.0010290106544901072,60
average_utilization,horizon_only_vs_baseline,balking,low_to_medium,medium,-5.777777777776475e-05,0.0007955403348554058,0.0017864011858477046,-0.0015278679017303675,0.0016774733637747344,-0.0017638660578386616,60
average_utilization,horizon_only_vs_baseline,balking,low_to_medium,high,-0.00017799086757992706,0.0006871993911719936,0.0016450796129012122,-0.0015278679017303675,0.001569132420091324,-0.0017638660578386616,60
average_utilization,horizon_only_vs_baseline,balking,medium_to_high,low,-8.855403348555945e-05,0.0004562709284627129,0.0006799294538582919,-0.001284242212557621,0.0009086453576864523,-0.0009047488584474884,60
average_utilization,horizon_only_vs_baseline,balking,medium_to_high,medium,-0.0002345814307458207,0.0006674124809741233,0.0015293549240935798,-0.0019753961515765906,0.0015099543378995419,-0.0016850837138508384,60
average_utilization,horizon_only_vs_baseline,balking,medium_to_high,high,-0.0004789954337899479,0.000412922374429223,0.0013043057761676171,-0.0019753961515765906,0.0012554642313546444,-0.0016850837138508384,60
average_utilization,horizon_only_vs_baseline,balking,low_to_high,low,-2.359208523593523e-05,0.0009934550989345518,0.001899188421900484,-0.002393334890740434,0.0019603348554033504,-0.0019337595129375953,60
average_utilization,horizon_only_vs_baseline,balking,low_to_high,medium,-0.00029235920852358545,0.0014629528158295292,0.0033157561099412844,-0.003503264053306958,0.003187427701674276,-0.0034489497716895,60
average_utilization,horizon_only_vs_baseline,balking,low_to_high,high,-0.0006569863013698749,0.0011001217656012164,0.0029493853890688294,-0.003503264053306958,0.0028245966514459683,-0.0034489497716895,60
average_utilization,horizon_only_vs_baseline,interaction,NS_low_to_medium__x__BK_low_to_medium,,-0.000122739726027389,0.0002583561643835667,0.0005671422178055124,-0.0004187752235475548,0.0006257838660578363,-0.0007348554033485545,60
average_utilization,horizon_only_vs_baseline,interaction,NS_low_to_medium__x__BK_medium_to_high,,-0.00014602739726026122,0.0002111415525114104,0.0008494254702352881,-0.0006911539390189696,0.0006013089802130896,-0.00078033485540335,60
average_utilization,horizon_only_vs_baseline,interaction,NS_low_to_medium__x__BK_low_to_high,,-0.0002687671232876502,0.0004694977168949772,0.0014165676880408006,-0.0011099291625665244,0.001227092846270926,-0.0015151902587519045,60
average_utilization,horizon_only_vs_baseline,interaction,NS_medium_to_high__x__BK_low_to_medium,,-0.00012021308980216232,-0.00010834094368341225,-0.00014132157294649239,0.0,-0.00010834094368341037,0.0,60
average_utilization,horizon_only_vs_baseline,interaction,NS_medium_to_high__x__BK_medium_to_high,,-0.0002444140030441272,-0.0002544901065449003,-0.0002250491479259629,0.0,-0.00025449010654489743,0.0,60
average_utilization,horizon_only_vs_baseline,interaction,NS_medium_to_high__x__BK_low_to_high,,-0.00036462709284628954,-0.0003628310502283126,-0.00036637072087245524,0.0,-0.0003628310502283078,0.0,60
average_utilization,horizon_only_vs_baseline,interaction,NS_low_to_high__x__BK_low_to_medium,,-0.0002429528158295513,0.00015001522070015447,0.00042582064485901995,-0.0004187752235475548,0.000517442922374426,-0.0007348554033485545,60
average_utilization,horizon_only_vs_baseline,interaction,NS_low_to_high__x__BK_medium_to_high,,-0.00039044140030438843,-4.33485540334899e-05,0.0006243763223093251,-0.0006911539390189696,0.00034681887366819214,-0.00078033485540335,60
average_utilization,horizon_only_vs_baseline,interaction,NS_low_to_high__x__BK_low_to_high,,-0.0006333942161339398,0.00010666666666666451,0.0010501969671683452,-0.0011099291625665244,0.0008642617960426182,-0.0015151902587519045,60
average_utilization,reservation_only_vs_baseline,noshow,low_to_medium,low,0.005836894977168865,0.029452328767123285,0.07386812126951937,-0.04877354193789709,0.05310986301369864,-0.04731506849315069,60
average_utilization,reservation_only_vs_baseline,noshow,low_to_medium,medium,0.005843378995433731,0.03254742770167428,0.07684520141102398,-0.04598514495208017,0.05925278538812785,-0.05341071537290716,60
average_utilization,reservation_only_vs_baseline,noshow,low_to_medium,high,0.005716894977168895,0.028706666666666665,0.07590227956614384,-0.043904057801443575,0.05169579908675799,-0.04597826484018265,60
average_utilization,reservation_only_vs_baseline,noshow,medium_to_high,low,0.006156377473363663,0.006231476407914768,0.007278123215144023,0.0005819165397808096,0.006320487062404873,-0.00017802130898021231,60
average_utilization,reservation_only_vs_baseline,noshow,medium_to_high,medium,0.006062130898021178,0.007020410958904112,0.011186283210110415,-0.0022482276093842637,0.0079834398782344,-0.0019260578386605782,60
average_utilization,reservation_only_vs_baseline,noshow,medium_to_high,high,0.00579382039573809,0.006197458143074583,0.007228241428178527,-0.0011821487050345883,0.006616621004566215,-0.0008383257229832568,60
average_utilization,reservation_only_vs_baseline,noshow,low_to_high,low,0.011993272450532529,0.03568380517503806,0.08114624448466339,-0.04819162539811628,0.059430350076103505,-0.0474930898021309,60
average_utilization,reservation_only_vs_baseline,noshow,low_to_high,medium,0.011905509893454909,0.039567838660578385,0.0880314846211344,-0.048233372561464434,0.06723622526636226,-0.055336773211567734,60
average_utilization,reservation_only_vs_baseline,noshow,low_to_high,high,0.011510715372906986,0.03490412480974125,0.08313052099432236,-0.04508620650647817,0.05831242009132421,-0.04681659056316591,60
average_utilization,reservation_only_vs_baseline,balking,low_to_medium,low,2.6392694063900514e-05,-0.0034264535768645343,-0.005879095277182968,-0.0005443226700250681,-0.006819299847792998,0.006785692541856928,60
average_utilization,reservation_only_vs_baseline,balking,low_to_medium,medium,3.2876712328766544e-05,-0.00033135464231354416,-0.0029020151356783505,0.0022440743157918484,-0.0006763774733637751,0.0006900456621004568,60
average_utilization,reservation_only_vs_baseline,balking,low_to_medium,high,-6.136986301371902e-05,0.0004575799086758,0.0010061448592880412,-0.000586069833373225,0.0009865753424657523,-0.0010579908675799091,60
average_utilization,reservation_only_vs_baseline,balking,medium_to_high,low,-5.722983257231899e-05,0.004924429223744293,0.0067321711004634955,-0.004043596938806954,0.009820121765601219,-0.00979138508371385,60
average_utilization,reservation_only_vs_baseline,balking,medium_to_high,medium,-0.00018371385083715497,0.001083668188736681,0.005789249255583347,-0.001962509788170356,0.002263135464231353,-0.0023589345509893466,60
average_utilization,reservation_only_vs_baseline,balking,medium_to_high,high,-0.00045202435312024266,0.0002607153729071527,0.0018312074736514593,-0.0008964308838206813,0.0008963165905631679,-0.0012712024353120255,60
average_utilization,reservation_only_vs_baseline,balking,low_to_high,low,-3.083713850841848e-05,0.001497975646879759,0.0008530758232805295,-0.0045879196088320215,0.0030008219178082212,-0.003005692541856923,60
average_utilization,reservation_only_vs_baseline,balking,low_to_high,medium,-0.00015083713850838843,0.0007523135464231367,0.0028872341199049963,0.0002815645276214915,0.001586757990867578,-0.0016688888888888901,60
average_utilization,reservation_only_vs_baseline,balking,low_to_high,high,-0.0005133942161339617,0.0007182952815829526,0.0028373523329394998,-0.0014825007171939061,0.0018828919330289202,-0.0023291933028919344,60
average_utilization,reservation_only_vs_baseline,interaction,NS_low_to_medium__x__BK_low_to_medium,,6.484018264866034e-06,0.00309509893455099,0.0029770801415046184,0.0027883969858169175,0.006142922374429223,-0.006095646879756471,60
average_utilization,reservation_only_vs_baseline,interaction,NS_low_to_medium__x__BK_medium_to_high,,-0.000126484018264836,-0.0038407610350076125,-0.0009429218448801501,0.0020810871506365953,-0.0075569863013698665,0.007432450532724503,60
average_utilization,reservation_only_vs_baseline,interaction,NS_low_to_medium__x__BK_low_to_high,,-0.00011999999999996994,-0.0007456621004566222,0.0020341582966244666,0.004869484136453512,-0.001414063926940643,0.0013368036529680322,60
average_utilization,reservation_only_vs_baseline,interaction,NS_medium_to_high__x__BK_low_to_medium,,-9.424657534248556e-05,0.0007889345509893442,0.003908159994966392,-0.0028301441491650732,0.0016629528158295273,-0.0017480365296803659,60
average_utilization,reservation_only_vs_baseline,interaction,NS_medium_to_high__x__BK_medium_to_high,,-0.00026831050228308764,-0.0008229528158295283,-0.003958041781931888,0.0010660789043496755,-0.001366818873668185,0.0010877321156773216,60
average_utilization,reservation_only_vs_baseline,interaction,NS_medium_to_high__x__BK_low_to_high,,-0.0003625570776255732,-3.401826484018416e-05,-4.9881786965496166e-05,-0.001764065244815398,0.00029613394216134223,-0.0006603044140030444,60
average_utilization,reservation_only_vs_baseline,interaction,NS_low_to_high__x__BK_low_to_medium,,-8.776255707761954e-05,0.003884033485540334,0.006885240136471007,-4.1747163348155916e-05,0.007805875190258751,-0.007843683409436837,60
average_utilization,reservation_only_vs_baseline,interaction,NS_low_to_high__x__BK_medium_to_high,,-0.00039479452054792363,-0.00466371385083714,-0.004900963626812037,0.003147166054986271,-0.00892380517503805,0.008520182648401825,60
average_utilization,reservation_only_vs_baseline,interaction,NS_low_to_high__x__BK_low_to_high,,-0.00048255707762554314,-0.0007796803652968063,0.0019842765096589705,0.003105418891638115,-0.001117929984779299,0.0006764992389649876,60
average_utilization,both_flexible_vs_baseline,noshow,low_to_medium,low,0.010616438356164215,0.02150891933028919,0.03426734447990533,-0.025002814241370366,0.03241318112633181,-0.021808523592085235,60
average_utilization,both_flexible_vs_baseline,noshow,low_to_medium,medium,0.010503592085235746,0.02982706240487062,0.045120307950139917,-0.03270908108678562,0.04912596651445966,-0.03859780821917809,60
average_utilization,both_flexible_vs_baseline,noshow,low_to_medium,high,0.010342009132419942,0.01921642313546423,0.029678328689901213,-0.015762771579253175,0.02810103500761035,-0.01776922374429224,60
average_utilization,both_flexible_vs_baseline,noshow,medium_to_high,low,0.010752633181126126,0.011550563165905636,0.011352218305203826,0.0029542245439589674,0.012378751902587522,-0.0016563774733637745,60
average_utilization,both_flexible_vs_baseline,noshow,medium_to_high,medium,0.010639573820395497,0.011446636225266364,0.011219437679177564,0.002959236582219088,0.01226949771689498,-0.0016457229832572294,60
average_utilization,both_flexible_vs_baseline,noshow,medium_to_high,high,0.010387549467275263,0.010666651445966516,0.009686284744528309,0.00353682676524418,0.010967975646879761,-0.0006026484018264836,60
average_utilization,both_flexible_vs_baseline,noshow,low_to_high,low,0.02136907153729034,0.03305948249619482,0.04561956278510916,-0.0220485896974114,0.04479193302891934,-0.02346490106544901,60
average_utilization,both_flexible_vs_baseline,noshow,low_to_high,medium,0.021143165905631246,0.04127369863013699,0.05633974562931749,-0.029749844504566532,0.06139546423135465,-0.04024353120243531,60
average_utilization,both_flexible_vs_baseline,noshow,low_to_high,high,0.020729558599695205,0.029883074581430746,0.03936461343442952,-0.012225944814008996,0.03906901065449011,-0.018371872146118722,60
average_utilization,both_flexible_vs_baseline,balking,low_to_medium,low,4.791476407916661e-05,-0.007527016742770168,-0.009075103231307115,0.0061733869054247615,-0.015034398782343987,0.015014764079147641,60
average_utilization,both_flexible_vs_baseline,balking,low_to_medium,medium,-6.493150684930079e-05,0.0007911263318112656,0.0017778602389274746,-0.001532879939990488,0.0016783866057838669,-0.001774520547945207,60
average_utilization,both_flexible_vs_baseline,balking,low_to_medium,high,-0.00017799086757992706,0.0006871993911719936,0.0016450796129012122,-0.0015278679017303677,0.0015691324200913241,-0.0017638660578386618,60
average_utilization,both_flexible_vs_baseline,balking,medium_to_high,low,-6.538812785390684e-05,0.011803546423135466,0.018279437971055582,-0.019499295842134123,0.023581917808219176,-0.023556742770167432,60
average_utilization,both_flexible_vs_baseline,balking,medium_to_high,medium,-0.00022697108066971247,0.00119290715372907,0.0028374587108168717,-0.002552986334601682,0.002556986301369862,-0.002728158295281584,60
average_utilization,both_flexible_vs_baseline,balking,medium_to_high,high,-0.0004789954337899479,0.000412922374429223,0.0013043057761676171,-0.00197539615157659,0.0012554642313546446,-0.0016850837138508378,60
average_utilization,both_flexible_vs_baseline,balking,low_to_high,low,-1.7473363774740223e-05,0.004276529680365296,0.009204334739748467,-0.013325908936709362,0.008547519025875193,-0.00854197869101979,60
average_utilization,both_flexible_vs_baseline,balking,low_to_high,medium,-0.0002919025875190133,0.001984033485540336,0.004615318949744346,-0.004085866274592171,0.004235372907153729,-0.004502678843226791,60
average_utilization,both_flexible_vs_baseline,balking,low_to_high,high,-0.0006569863013698749,0.0011001217656012164,0.0029493853890688294,-0.003503264053306958,0.0028245966514459683,-0.0034489497716895,60
average_utilization,both_flexible_vs_baseline,interaction,NS_low_to_medium__x__BK_low_to_medium,,-0.0001128462709284674,0.008318143074581435,0.010852963470234591,-0.007706266845415251,0.016712785388127854,-0.016789284627092844,60
average_utilization,both_flexible_vs_baseline,interaction,NS_low_to_medium__x__BK_medium_to_high,,-0.00016158295281580562,-0.010610639269406395,-0.015441979260238712,0.016946309507532443,-0.021024931506849316,0.020828584474885847,60
average_utilization,both_flexible_vs_baseline,interaction,NS_low_to_medium__x__BK_low_to_high,,-0.000274429223744273,-0.00229249619482496,-0.004589015790004122,0.009240042662117191,-0.004312146118721463,0.0040392998477929995,60
average_utilization,both_flexible_vs_baseline,interaction,NS_medium_to_high__x__BK_low_to_medium,,-0.0001130593607306263,-0.00010392694063927213,-0.00013278062602626234,5.012038260120236e-06,-0.00010925418569254273,1.0654490106544827e-05,60
average_utilization,both_flexible_vs_baseline,interaction,NS_medium_to_high__x__BK_medium_to_high,,-0.0002520243531202354,-0.0007799847792998472,-0.0015331529346492546,0.000577590183025092,-0.0013015220700152174,0.001043074581430746,60
average_utilization,both_flexible_vs_baseline,interaction,NS_medium_to_high__x__BK_low_to_high,,-0.0003650837138508617,-0.0008839117199391193,-0.0016659335606755172,0.0005826022212852123,-0.0014107762557077604,0.0010537290715372908,60
average_utilization,both_flexible_vs_baseline,interaction,NS_low_to_high__x__BK_low_to_medium,,-0.0002259056316590937,0.008214216133942163,0.010720182844208328,-0.0077012548071551295,0.01660353120243531,-0.016778630136986303,60
average_utilization,both_flexible_vs_baseline,interaction,NS_low_to_high__x__BK_medium_to_high,,-0.00041360730593604107,-0.011390624048706242,-0.016975132194887964,0.01752389969055753,-0.022326453576864535,0.021871659056316595,60
average_utilization,both_flexible_vs_baseline,interaction,NS_low_to_high__x__BK_low_to_high,,-0.0006395129375951347,-0.003176407914764079,-0.006254949350679639,0.009822644883402402,-0.005722922374429224,0.00509302891933029,60
average_utilization,both_flexible_vs_horizon_only,noshow,low_to_medium,low,-4.207001522069523e-05,0.010663333333333334,0.024972790996339336,-0.024495833314956677,0.021313546423135467,-0.021300426179604263,60
average_utilization,both_flexible_vs_horizon_only,noshow,low_to_medium,medium,-3.217656012177364e-05,0.018723120243531198,0.03525861224876841,-0.03178332493682437,0.03740054794520548,-0.03735485540334856,60
average_utilization,both_flexible_vs_horizon_only,noshow,low_to_medium,high,-4.7732115677318056e-05,0.007901339421613396,0.018967207518294414,-0.014145861490272964,0.015774307458143073,-0.01574593607305936,60
average_utilization,both_flexible_vs_horizon_only,noshow,medium_to_high,low,-1.278538812761924e-06,0.0007999847792998488,0.0021754165068458673,0.0029134494259957853,0.0016236834094368348,-0.0016473972602739722,60
average_utilization,both_flexible_vs_horizon_only,noshow,medium_to_high,medium,5.875190258774106e-06,0.0008043987823439891,0.002183957453766097,0.0029184614642559057,0.0016227701674277023,-0.0016367427701674273,60
average_utilization,both_flexible_vs_horizon_only,noshow,medium_to_high,high,-1.7351598173341096e-06,0.00027890410958904217,0.0008758536670428052,0.0034960516472809975,0.0005757382039573819,-0.0005936681887366813,60
average_utilization,both_flexible_vs_horizon_only,noshow,low_to_high,low,-4.3348554033457166e-05,0.011463318112633182,0.027148207503185206,-0.02158238388896089,0.0229372298325723,-0.022947823439878237,60
average_utilization,both_flexible_vs_horizon_only,noshow,low_to_high,medium,-2.630136986299954e-05,0.01952751902587519,0.03744256970253452,-0.028864863472568465,0.03902331811263318,-0.03899159817351598,60
average_utilization,both_flexible_vs_horizon_only,noshow,low_to_high,high,-4.946727549465217e-05,0.008180243531202438,0.019843061185337223,-0.010649809842991966,0.016350045662100455,-0.01633960426179604,60
average_utilization,both_flexible_vs_horizon_only,balking,low_to_medium,low,-1.704718417045763e-05,-0.008064200913242009,-0.01029436219934931,0.007282479583607575,-0.016086088280060883,0.016043774733637748,60
average_utilization,both_flexible_vs_horizon_only,balking,low_to_medium,medium,-7.153729071536034e-06,-4.414003044140118e-06,-8.540946920230034e-06,-5.012038260120236e-06,9.132420091325274e-07,-1.0654490106544827e-05,60
average_utilization,both_flexible_vs_horizon_only,balking,low_to_medium,high,0.0,0.0,0.0,0.0,0.0,0.0,60
average_utilization,both_flexible_vs_horizon_only,balking,medium_to_high,low,2.316590563165262e-05,0.011347275494672753,0.017599508517197292,-0.0182150536295765,0.022673272450532727,-0.02265199391171994,60
average_utilization,both_flexible_vs_horizon_only,balking,medium_to_high,medium,7.610350076108218e-06,0.0005254946727549469,0.001308103786723292,-0.000577590183025092,0.0010470319634703204,-0.001043074581430746,60
average_utilization,both_flexible_vs_horizon_only,balking,medium_to_high,high,0.0,0.0,0.0,0.0,0.0,0.0,60
average_utilization,both_flexible_vs_horizon_only,balking,low_to_high,low,6.118721461195007e-06,0.003283074581430744,0.007305146317847983,-0.010932574045968927,0.006587184170471843,-0.006608219178082195,60
average_utilization,both_flexible_vs_horizon_only,balking,low_to_high,medium,4.5662100457218485e-07,0.0005210806697108066,0.0012995628398030617,-0.0005826022212852123,0.001047945205479453,-0.0010537290715372908,60
average_utilization,both_flexible_vs_horizon_only,balking,low_to_high,high,0.0,0.0,0.0,0.0,0.0,0.0,60
average_utilization,both_flexible_vs_horizon_only,interaction,NS_low_to_medium__x__BK_low_to_medium,,9.893455098921596e-06,0.008059786910197868,0.010285821252429078,-0.007287491621867695,0.016087001522070016,-0.016054429223744292,60
average_utilization,both_flexible_vs_horizon_only,interaction,NS_low_to_medium__x__BK_medium_to_high,,-1.55555555555444e-05,-0.010821780821917806,-0.016291404730474,0.01763746344655141,-0.021626240487062406,0.021608919330289196,60
average_utilization,both_flexible_vs_horizon_only,interaction,NS_low_to_medium__x__BK_low_to_high,,-5.6621004566228245e-06,-0.0027619939117199373,-0.0060055834780449215,0.010349971824683715,-0.00553923896499239,0.0055544901065449044,60
average_utilization,both_flexible_vs_horizon_only,interaction,NS_medium_to_high__x__BK_low_to_medium,,7.153729071536034e-06,4.414003044140118e-06,8.540946920230034e-06,5.012038260120236e-06,-9.132420091325274e-07,1.0654490106544827e-05,60
average_utilization,both_flexible_vs_horizon_only,interaction,NS_medium_to_high__x__BK_medium_to_high,,-7.610350076108218e-06,-0.0005254946727549469,-0.001308103786723292,0.000577590183025092,-0.0010470319634703204,0.001043074581430746,60
average_utilization,both_flexible_vs_horizon_only,interaction,NS_medium_to_high__x__BK_low_to_high,,-4.5662100457218485e-07,-0.0005210806697108066,-0.0012995628398030617,0.0005826022212852123,-0.001047945205479453,0.0010537290715372908,60
average_utilization,both_flexible_vs_horizon_only,interaction,NS_low_to_high__x__BK_low_to_medium,,1.704718417045763e-05,0.008064200913242009,0.01029436219934931,-0.007282479583607575,0.016086088280060883,-0.016043774733637748,60
average_utilization,both_flexible_vs_horizon_only,interaction,NS_low_to_high__x__BK_medium_to_high,,-2.316590563165262e-05,-0.011347275494672753,-0.017599508517197292,0.0182150536295765,-0.022673272450532727,0.02265199391171994,60
average_utilization,both_flexible_vs_horizon_only,interaction,NS_low_to_high__x__BK_low_to_high,,-6.118721461195007e-06,-0.003283074581430744,-0.007305146317847983,0.010932574045968927,-0.006587184170471843,0.006608219178082195,60
average_utilization,both_flexible_vs_reservation_only,noshow,low_to_medium,low,0.00477954337899535,-0.007943409436834099,-0.039600776789614045,0.02377072769652672,-0.02069668188736682,0.02550654490106545,60
average_utilization,both_flexible_vs_reservation_only,noshow,low_to_medium,medium,0.0046602130898020155,-0.0027203652968036526,-0.031724893460884064,0.013276063865294556,-0.010126818873668193,0.014812907153729073,60
average_utilization,both_flexible_vs_reservation_only,noshow,low_to_medium,high,0.004625114155251047,-0.009490243531202437,-0.046223950876242634,0.028141286222190403,-0.023594764079147644,0.028209041095890414,60
average_utilization,both_flexible_vs_reservation_only,noshow,medium_to_high,low,0.004596255707762462,0.0053190867579908695,0.004074095090059802,0.0023723080041781574,0.006058264840182649,-0.0014783561643835622,60
average_utilization,both_flexible_vs_reservation_only,noshow,medium_to_high,medium,0.004577442922374321,0.004426225266362253,3.315446906714826e-05,0.0052074641916033506,0.004286057838660579,0.00028033485540334866,60
average_utilization,both_flexible_vs_reservation_only,noshow,medium_to_high,high,0.004593729071537173,0.004469193302891934,0.0024580433163497815,0.004718975470278767,0.004351354642313546,0.00023567732115677327,60
average_utilization,both_flexible_vs_reservation_only,noshow,low_to_high,low,0.009375799086757812,-0.002624322678843229,-0.03552668169955424,0.026143035700704878,-0.014638417047184172,0.024028188736681888,60
average_utilization,both_flexible_vs_reservation_only,noshow,low_to_high,medium,0.009237656012176337,0.0017058599695585997,-0.03169173899181692,0.018483528056897902,-0.005840761035007613,0.015093242009132422,60
average_utilization,both_flexible_vs_reservation_only,noshow,low_to_high,high,0.009218843226788221,-0.005021050228310504,-0.04376590755989285,0.03286026169246917,-0.019243409436834096,0.02844471841704719,60
average_utilization,both_flexible_vs_reservation_only,balking,low_to_medium,low,2.1522070015266105e-05,-0.004100563165905634,-0.003196007954124148,0.0067177095754498315,-0.008215098934550987,0.008229071537290713,60
average_utilization,both_flexible_vs_reservation_only,balking,low_to_medium,medium,-9.780821917806735e-05,0.0011224809741248098,0.004679875374605825,-0.0037769542557823366,0.002354764079147642,-0.002464566210045663,60
average_utilization,both_flexible_vs_reservation_only,balking,low_to_medium,high,-0.00011662100456620806,0.00022961948249619352,0.0006389347536131709,-0.0009417980683571431,0.0005825570776255715,-0.0007058751902587525,60
average_utilization,both_flexible_vs_reservation_only,balking,medium_to_high,low,-8.158295281587844e-06,0.0068791171993911725,0.011547266870592088,-0.015455698903327172,0.013761796042617961,-0.013765357686453579,60
average_utilization,both_flexible_vs_reservation_only,balking,medium_to_high,medium,-4.325722983255749e-05,0.00010923896499238922,-0.0029517905447664756,-0.0005904765464313263,0.000293850837138509,-0.000369223744292237,60
average_utilization,both_flexible_vs_reservation_only,balking,medium_to_high,high,-2.6971080669705253e-05,0.00015220700152207035,-0.0005269016974838419,-0.0010789652677559095,0.00035914764079147667,-0.00041388127853881246,60
average_utilization,both_flexible_vs_reservation_only,balking,low_to_high,low,1.3363774733678256e-05,0.002778554033485537,0.008351258916467937,-0.00873798932787734,0.005546697108066972,-0.0055362861491628675,60
average_utilization,both_flexible_vs_reservation_only,balking,low_to_high,medium,-0.0001410654490106248,0.001231719939117199,0.00172808482983935,-0.004367430802213663,0.0026486149162861508,-0.0028337899543379006,60
average_utilization,both_flexible_vs_reservation_only,balking,low_to_high,high,-0.00014359208523591333,0.00038182648401826393,0.00011203305612932886,-0.002020763336113053,0.0009417047184170482,-0.001119756468797565,60
average_utilization,both_flexible_vs_reservation_only,interaction,NS_low_to_medium__x__BK_low_to_medium,,-0.00011933028919333345,0.005223044140030444,0.007875883328729974,-0.01049466383123217,0.010569863013698631,-0.010693637747336374,60
average_utilization,both_flexible_vs_reservation_only,interaction,NS_low_to_medium__x__BK_medium_to_high,,-3.509893455096965e-05,-0.006769878234398783,-0.014499057415358563,0.014865222356895845,-0.013467945205479451,0.013396133942161343,60
average_utilization,both_flexible_vs_reservation_only,interaction,NS_low_to_medium__x__BK_low_to_high,,-0.0001544292237443031,-0.0015468340943683384,-0.006623174086628588,0.004370558525663678,-0.002898082191780821,0.0027024961948249665,60
average_utilization,both_flexible_vs_reservation_only,interaction,NS_medium_to_high__x__BK_low_to_medium,,-1.8812785388140728e-05,-0.0008928614916286163,-0.004040940620992655,0.002835156187425193,-0.0017722070015220707,0.0017586910197869108,60
average_utilization,both_flexible_vs_reservation_only,interaction,NS_medium_to_high__x__BK_medium_to_high,,1.6286149162852246e-05,4.29680365296812e-05,0.0024248888472826334,-0.0004884887213245833,6.52968036529676e-05,-4.4657534246575455e-05,60
average_utilization,both_flexible_vs_reservation_only,interaction,NS_medium_to_high__x__BK_low_to_high,,-2.5266362252884813e-06,-0.000849893455098935,-0.0016160517737100208,0.00234666746610061,-0.001706910197869103,0.0017140334855403352,60
average_utilization,both_flexible_vs_reservation_only,interaction,NS_low_to_high__x__BK_low_to_medium,,-0.00013814307458147416,0.004330182648401828,0.00383494270773732,-0.007659507643806975,0.00879765601217656,-0.008934946727549463,60
average_utilization,both_flexible_vs_reservation_only,interaction,NS_low_to_high__x__BK_medium_to_high,,-1.8812785388117408e-05,-0.006726910197869102,-0.012074168568075928,0.014376733635571261,-0.013402648401826483,0.013351476407914765,60
average_utilization,both_flexible_vs_reservation_only,interaction,NS_low_to_high__x__BK_low_to_high,,-0.00015695585996959157,-0.0023967275494672733,-0.008239225860338607,0.006717225991764288,-0.004604992389649924,0.004416529680365302,60
average_utilization,reservation_only_vs_horizon_only,noshow,low_to_medium,low,-0.004821613394216045,0.018606742770167432,0.06457356778595338,-0.0482665610114834,0.04201022831050229,-0.04680697108066971,60
average_utilization,reservation_only_vs_horizon_only,noshow,low_to_medium,medium,-0.004692389649923789,0.021443485540334855,0.06698350570965247,-0.045059388802118926,0.04752736681887368,-0.052167762557077633,60
average_utilization,reservation_only_vs_horizon_only,noshow,low_to_medium,high,-0.004672846270928365,0.017391582952815832,0.06519115839453705,-0.042287147712463356,0.03936907153729072,-0.04395497716894978,60
average_utilization,reservation_only_vs_horizon_only,noshow,medium_to_high,low,-0.004597534246575223,-0.00451910197869102,-0.0018986785832139357,0.0005411414218176268,-0.004434581430745815,-0.00016904109589041004,60
average_utilization,reservation_only_vs_horizon_only,noshow,medium_to_high,medium,-0.004571567732115547,-0.003621826484018264,0.002150802984698949,-0.002289002727347446,-0.002663287671232876,-0.001917077625570776,60
average_utilization,reservation_only_vs_horizon_only,noshow,medium_to_high,high,-0.004595464231354508,-0.004190289193302892,-0.0015821896493069764,-0.001222923822997771,-0.0037756164383561646,-0.0008293455098934545,60
average_utilization,reservation_only_vs_horizon_only,noshow,low_to_high,low,-0.009419147640791268,0.014087640791476412,0.06267488920273945,-0.04772541958966577,0.03757564687975647,-0.046976012176560125,60
average_utilization,reservation_only_vs_horizon_only,noshow,low_to_high,medium,-0.009263957382039337,0.01782165905631659,0.06913430869435143,-0.04734839152946637,0.0448640791476408,-0.054084840182648405,60
average_utilization,reservation_only_vs_horizon_only,noshow,low_to_high,high,-0.009268310502282873,0.013201293759512938,0.06360896874523007,-0.04351007153546113,0.03559345509893455,-0.04478432267884323,60
average_utilization,reservation_only_vs_horizon_only,balking,low_to_medium,low,-3.8569254185723735e-05,-0.003963637747336373,-0.007098354245225159,0.0005647700081577435,-0.007870989345509897,0.007814703196347035,60
average_utilization,reservation_only_vs_horizon_only,balking,low_to_medium,medium,9.06544901065313e-05,-0.00112689497716895,-0.004688416321526055,0.003771942217522216,-0.0023538508371385093,0.0024539117199391183,60
average_utilization,reservation_only_vs_horizon_only,balking,low_to_medium,high,0.00011662100456620806,-0.00022961948249619352,-0.0006389347536131709,0.000941798068357143,-0.0005825570776255715,0.0007058751902587525,60
average_utilization,reservation_only_vs_horizon_only,balking,medium_to_high,low,3.1324200913240465e-05,0.00446815829528158,0.006052241646605205,-0.0027593547262493305,0.008911476407914766,-0.008886636225266363,60
average_utilization,reservation_only_vs_horizon_only,balking,medium_to_high,medium,5.086757990866572e-05,0.00041625570776255763,0.004259894331489767,1.288636340623439e-05,0.0007531811263318112,-0.000673850837138509,60
average_utilization,reservation_only_vs_horizon_only,balking,medium_to_high,high,2.6971080669705253e-05,-0.00015220700152207035,0.0005269016974838419,0.0010789652677559098,-0.0003591476407914767,0.0004138812785388124,60
average_utilization,reservation_only_vs_horizon_only,balking,low_to_high,low,-7.2450532724832655e-06,0.0005045205479452068,-0.0010461125986199543,-0.0021945847180915865,0.0010404870624048713,-0.001071933028919328,60
average_utilization,reservation_only_vs_horizon_only,balking,low_to_high,medium,0.000141522070015197,-0.0007106392694063923,-0.0004285219900362881,0.0037848285809284504,-0.001600669710806698,0.0017800608828006095,60
average_utilization,reservation_only_vs_horizon_only,balking,low_to_high,high,0.00014359208523591333,-0.00038182648401826393,-0.00011203305612932886,0.002020763336113053,-0.0009417047184170482,0.001119756468797565,60
average_utilization,reservation_only_vs_horizon_only,interaction,NS_low_to_medium__x__BK_low_to_medium,,0.00012922374429225503,0.002836742770167424,0.002409937923699103,0.003207172209364472,0.005517138508371387,-0.005360791476407918,60
average_utilization,reservation_only_vs_horizon_only,interaction,NS_low_to_medium__x__BK_medium_to_high,,1.9543378995425256e-05,-0.0040519025875190235,-0.0017923473151154367,0.002772241089655564,-0.008158295281582954,0.008212785388127853,60
average_utilization,reservation_only_vs_horizon_only,interaction,NS_low_to_medium__x__BK_low_to_high,,0.00014876712328768026,-0.001215159817351599,0.0006175906085836663,0.005979413299020036,-0.0026411567732115694,0.002851993911719937,60
average_utilization,reservation_only_vs_horizon_only,interaction,NS_medium_to_high__x__BK_low_to_medium,,2.5966514459676762e-05,0.0008972754946727564,0.004049481567912885,-0.0028301441491650732,0.001771293759512938,-0.0017480365296803659,60
average_utilization,reservation_only_vs_horizon_only,interaction,NS_medium_to_high__x__BK_medium_to_high,,-2.3896499238960464e-05,-0.000568462709284628,-0.0037329926340059255,0.0010660789043496753,-0.001112328767123288,0.0010877321156773216,60
average_utilization,reservation_only_vs_horizon_only,interaction,NS_medium_to_high__x__BK_low_to_high,,2.0700152207162924e-06,0.0003288127853881284,0.0003164889339069592,-0.0017640652448153978,0.0006589649923896499,-0.0006603044140030444,60
average_utilization,reservation_only_vs_horizon_only,interaction,NS_low_to_high__x__BK_low_to_medium,,0.00015519025875193178,0.00373401826484018,0.006459419491611987,0.000377028060199399,0.007288432267884325,-0.007108828006088283,60
average_utilization,reservation_only_vs_horizon_only,interaction,NS_low_to_high__x__BK_medium_to_high,,-4.353120243535206e-06,-0.0046203652968036515,-0.005525339949121364,0.0038383199940052403,-0.009270624048706242,0.009300517503805176,60
average_utilization,reservation_only_vs_horizon_only,interaction,NS_low_to_high__x__BK_low_to_high,,0.00015083713850839658,-0.0008863470319634707,0.0009340795424906249,0.00421534805420464,-0.0019821917808219187,0.002191689497716892,60
priority_weighted_utilization,horizon_only_vs_baseline,noshow,low_to_medium,low,0.010637168949771509,0.010640578386605782,0.009136937931310336,0.00012946212057638685,0.010718812785388129,-0.00015646879756468882,60
priority_weighted_utilization,horizon_only_vs_baseline,noshow,low_to_medium,medium,0.010507762557077444,0.01051695585996956,0.008950637107053587,0.0001097202690335252,0.010584505327245051,-0.00013509893455099028,60
priority_weighted_utilization,horizon_only_vs_baseline,noshow,low_to_medium,high,0.010361796042617792,0.010360106544901064,0.008758774341324847,0.00018647789671901477,0.010427519025875187,-0.0001348249619482502,60
priority_weighted_utilization,horizon_only_vs_baseline,noshow,medium_to_high,low,0.010735646879756243,0.010722800608828012,0.009060874764922813,0.0,0.010722800608828008,0.0,60
priority_weighted_utilization,horizon_only_vs_baseline,noshow,medium_to_high,medium,0.01061543378995408,0.010614459665144597,0.00891955319197632,0.0,0.010614459665144597,0.0,60
priority_weighted_utilization,horizon_only_vs_baseline,noshow,medium_to_high,high,0.010371019786909953,0.010359969558599698,0.008694504044050358,0.0,0.0103599695585997,0.0,60
priority_weighted_utilization,horizon_only_vs_baseline,noshow,low_to_high,low,0.021372815829527752,0.02136337899543379,0.018197812696233148,0.00012946212057638685,0.021441613394216137,-0.00015646879756468882,60
priority_weighted_utilization,horizon_only_vs_baseline,noshow,low_to_high,medium,0.021123196347031525,0.021131415525114158,0.017870190299029906,0.0001097202690335252,0.02119896499238965,-0.00013509893455099028,60
priority_weighted_utilization,horizon_only_vs_baseline,noshow,low_to_high,high,0.020732815829527743,0.02072007610350076,0.017453278385375203,0.00018647789671901477,0.02078748858447489,-0.0001348249619482502,60
priority_weighted_utilization,horizon_only_vs_baseline,balking,low_to_medium,low,7.162861491629831e-05,0.0009191628614916271,0.001972702010104453,-0.0015081260501875059,0.001811780821917812,-0.0017852359208523601,60
priority_weighted_utilization,horizon_only_vs_baseline,balking,low_to_medium,medium,-5.777777777776475e-05,0.0007955403348554058,0.0017864011858477046,-0.0015278679017303675,0.0016774733637747344,-0.0017638660578386616,60
priority_weighted_utilization,horizon_only_vs_baseline,balking,low_to_medium,high,-0.00017799086757992706,0.0006871993911719936,0.0016450796129012122,-0.0015278679017303675,0.001569132420091324,-0.0017638660578386616,60
priority_weighted_utilization,horizon_only_vs_baseline,balking,medium_to_high,low,-8.861491628616806e-05,0.0008242617960426207,0.0017212176898223186,-0.0020521537792620803,0.0016669406392694046,-0.0016853576864535786,60
priority_weighted_utilization,horizon_only_vs_baseline,balking,medium_to_high,medium,-0.0002345814307458207,0.0006674124809741233,0.0015293549240935798,-0.0019753961515765906,0.0015099543378995419,-0.0016850837138508384,60
priority_weighted_utilization,horizon_only_vs_baseline,balking,medium_to_high,high,-0.0004789954337899479,0.000412922374429223,0.0013043057761676171,-0.0019753961515765906,0.0012554642313546444,-0.0016850837138508384,60
priority_weighted_utilization,horizon_only_vs_baseline,balking,low_to_high,low,-1.6986301369869753e-05,0.0017434246575342477,0.0036939196999267714,-0.003560279829449586,0.003478721461187217,-0.0034705936073059383,60
priority_weighted_utilization,horizon_only_vs_baseline,balking,low_to_high,medium,-0.00029235920852358545,0.0014629528158295292,0.0033157561099412844,-0.003503264053306958,0.003187427701674276,-0.0034489497716895,60
priority_weighted_utilization,horizon_only_vs_baseline,balking,low_to_high,high,-0.0006569863013698749,0.0011001217656012164,0.0029493853890688294,-0.003503264053306958,0.0028245966514459683,-0.0034489497716895,60
priority_weighted_utilization,horizon_only_vs_baseline,interaction,NS_low_to_medium__x__BK_low_to_medium,,-0.00012940639269406307,-0.00012362252663622138,-0.00018630082425674822,-1.9741851542861658e-05,-0.00013430745814307785,2.136986301369853e-05,60
priority_weighted_utilization,horizon_only_vs_baseline,interaction,NS_low_to_medium__x__BK_medium_to_high,,-0.00014596651445965264,-0.00015684931506849742,-0.00019186276572873872,7.675762768548959e-05,-0.00015698630136986287,2.739726027400898e-07,60
priority_weighted_utilization,horizon_only_vs_baseline,interaction,NS_low_to_medium__x__BK_low_to_high,,-0.00027537290715371566,-0.0002804718417047188,-0.0003781635899854869,5.701577614262793e-05,-0.00029129375951294074,2.1643835616438622e-05,60
priority_weighted_utilization,horizon_only_vs_baseline,interaction,NS_medium_to_high__x__BK_low_to_medium,,-0.00012021308980216232,-0.00010834094368341225,-0.00014132157294649239,0.0,-0.00010834094368341037,0.0,60
priority_weighted_utilization,horizon_only_vs_baseline,interaction,NS_medium_to_high__x__BK_medium_to_high,,-0.0002444140030441272,-0.0002544901065449003,-0.0002250491479259629,0.0,-0.00025449010654489743,0.0,60
priority_weighted_utilization,horizon_only_vs_baseline,interaction,NS_medium_to_high__x__BK_low_to_high,,-0.00036462709284628954,-0.0003628310502283126,-0.00036637072087245524,0.0,-0.0003628310502283078,0.0,60
priority_weighted_utilization,horizon_only_vs_baseline,interaction,NS_low_to_high__x__BK_low_to_medium,,-0.0002496194824962254,-0.00023196347031963362,-0.0003276223972032406,-1.9741851542861658e-05,-0.0002426484018264882,2.136986301369853e-05,60
priority_weighted_utilization,horizon_only_vs_baseline,interaction,NS_low_to_high__x__BK_medium_to_high,,-0.0003903805175037798,-0.00041133942161339777,-0.0004169119136547016,7.675762768548959e-05,-0.0004114764079147603,2.739726027400898e-07,60
priority_weighted_utilization,horizon_only_vs_baseline,interaction,NS_low_to_high__x__BK_low_to_high,,-0.0006400000000000051,-0.0006433028919330313,-0.0007445343108579422,5.701577614262793e-05,-0.0006541248097412485,2.1643835616438622e-05,60
priority_weighted_utilization,reservation_only_vs_baseline,noshow,low_to_medium,low,0.0049087671232875794,0.00488176560121765,0.006230471748617021,-9.416371259625874e-06,0.004865966514459667,3.1598173515981624e-05,60
priority_weighted_utilization,reservation_only_vs_baseline,noshow,low_to_medium,medium,0.004773394216133876,0.004748736681887367,0.006117606182477948,1.0349465577525516e-05,0.00471662100456621,6.42313546423139e-05,60
priority_weighted_utilization,reservation_only_vs_baseline,noshow,low_to_medium,high,0.004619421613394166,0.004609863013698625,0.0060357471938200504,-2.6653565900691583e-05,0.004616103500761036,-1.2480974124809719e-05,60
priority_weighted_utilization,reservation_only_vs_baseline,noshow,medium_to_high,low,0.004986331811263249,0.004956955859969564,0.00639613602862569,5.1800144682928824e-05,0.004935312024353123,4.328767123287706e-05,60
priority_weighted_utilization,reservation_only_vs_baseline,noshow,medium_to_high,medium,0.0048558599695584775,0.004836666666666669,0.006198868951925913,0.00014962888492314308,0.00481744292237443,3.844748858447477e-05,60
priority_weighted_utilization,reservation_only_vs_baseline,noshow,medium_to_high,high,0.004531841704718307,0.004507442922374432,0.005934446132364136,2.1972265275815954e-05,0.004496438356164387,2.2009132420091245e-05,60
priority_weighted_utilization,reservation_only_vs_baseline,noshow,low_to_high,low,0.009895098934550827,0.009838721461187215,0.012626607777242711,4.2383773423302945e-05,0.00980127853881279,7.488584474885869e-05,60
priority_weighted_utilization,reservation_only_vs_baseline,noshow,low_to_high,medium,0.009629254185692354,0.009585403348554036,0.012316475134403862,0.0001599783505006686,0.009534063926940641,0.00010267884322678868,60
priority_weighted_utilization,reservation_only_vs_baseline,noshow,low_to_high,high,0.009151263318112474,0.009117305936073055,0.011970193326184186,-4.681300624875629e-06,0.009112541856925423,9.528158295281526e-06,60
priority_weighted_utilization,reservation_only_vs_baseline,balking,low_to_medium,low,6.04566210045726e-05,0.0008829375951293727,0.00188396304718356,-0.001430278603946441,0.0017445357686453602,-0.0017231963470319648,60
priority_weighted_utilization,reservation_only_vs_baseline,balking,low_to_medium,medium,-7.491628614913076e-05,0.0007499086757990896,0.0017710974810444871,-0.0014105127671092893,0.0015951902587519032,-0.0016905631659056323,60
priority_weighted_utilization,reservation_only_vs_baseline,balking,low_to_medium,high,-0.00020538812785390217,0.0006296194824961937,0.0015738304043447103,-0.0013126840268690753,0.0014773211567732111,-0.0016954033485540347,60
priority_weighted_utilization,reservation_only_vs_baseline,balking,medium_to_high,low,-7.981735159819702e-05,0.0008818721461187256,0.0018092030786535196,-0.0022111182490397946,0.0017760426179604253,-0.0017883409436834105,60
priority_weighted_utilization,reservation_only_vs_baseline,balking,medium_to_high,medium,-0.00023378995433790683,0.0007429984779299838,0.0017273440899956212,-0.002248121280518012,0.0016755251141552505,-0.001865053272450534,60
priority_weighted_utilization,reservation_only_vs_baseline,balking,medium_to_high,high,-0.0005578082191780772,0.0004137747336377471,0.0014629212704338449,-0.0023757779001653393,0.001354520547945208,-0.0018814916286149174,60
priority_weighted_utilization,reservation_only_vs_baseline,balking,low_to_high,low,-1.9360730593624418e-05,0.0017648097412480983,0.00369316612583708,-0.0036413968529862358,0.0035205783866057855,-0.0035115372907153753,60
priority_weighted_utilization,reservation_only_vs_baseline,balking,low_to_high,medium,-0.00030870624048703763,0.0014929071537290734,0.003498441571040108,-0.0036586340476273014,0.003270715372907154,-0.0035556164383561666,60
priority_weighted_utilization,reservation_only_vs_baseline,balking,low_to_high,high,-0.0007631963470319793,0.0010433942161339408,0.0030367516747785554,-0.003688461927034414,0.0028318417047184193,-0.0035768949771689523,60
priority_weighted_utilization,reservation_only_vs_baseline,interaction,NS_low_to_medium__x__BK_low_to_medium,,-0.00013537290715370334,-0.00013302891933028306,-0.000112865566139073,1.9765836837151388e-05,-0.0001493455098934567,3.263318112633228e-05,60
priority_weighted_utilization,reservation_only_vs_baseline,interaction,NS_low_to_medium__x__BK_medium_to_high,,-0.0001539726027397098,-0.00013887366818874186,-8.185898865789816e-05,-3.700303147821711e-05,-0.00010051750380517492,-7.671232876712363e-05,60
priority_weighted_utilization,reservation_only_vs_baseline,interaction,NS_low_to_medium__x__BK_low_to_high,,-0.0002893455098934131,-0.0002719025875190249,-0.00019472455479697116,-1.7237194641065707e-05,-0.0002498630136986316,-4.407914764079134e-05,60
priority_weighted_utilization,reservation_only_vs_baseline,interaction,NS_medium_to_high__x__BK_low_to_medium,,-0.00013047184170477142,-0.000120289193302896,-0.00019726707669977676,9.782874024021424e-05,-0.00011786910197869217,-4.840182648402293e-06,60
priority_weighted_utilization,reservation_only_vs_baseline,interaction,NS_medium_to_high__x__BK_medium_to_high,,-0.00032401826484017033,-0.0003292237442922367,-0.00026442281956177646,-0.00012765661964732713,-0.00032100456621004224,-1.6438356164383526e-05,60
priority_weighted_utilization,reservation_only_vs_baseline,interaction,NS_medium_to_high__x__BK_low_to_high,,-0.0004544901065449417,-0.0004495129375951327,-0.00046168989626155325,-2.9827879407112873e-05,-0.0004388736681887345,-2.1278538812785816e-05,60
priority_weighted_utilization,reservation_only_vs_baseline,interaction,NS_low_to_high__x__BK_low_to_medium,,-0.00026584474885847474,-0.0002533181126331791,-0.00031013264283884977,0.00011759457707736566,-0.0002672146118721488,2.7792998477929993e-05,60
priority_weighted_utilization,reservation_only_vs_baseline,interaction,NS_low_to_high__x__BK_medium_to_high,,-0.0004779908675798802,-0.0004680974124809786,-0.00034628180821967466,-0.00016465965112554424,-0.00042152207001521717,-9.315068493150714e-05,60
priority_weighted_utilization,reservation_only_vs_baseline,interaction,NS_low_to_high__x__BK_low_to_high,,-0.0007438356164383549,-0.0007214155251141577,-0.0006564144510585244,-4.706507404817857e-05,-0.000688736681887366,-6.535768645357716e-05,60
priority_weighted_utilization,both_flexible_vs_baseline,noshow,low_to_medium,low,0.010715859969558405,0.010767975646879752,0.00896184481778257,-0.00020410186976311943,0.010812176560121768,-8.8401826484017e-05,60
priority_weighted_utilization,both_flexible_vs_baseline,noshow,low_to_medium,medium,0.010559452054794322,0.010605433789954339,0.00885165618440489,-0.00015203495913839683,0.010639665144596652,-6.846270928462724e-05,60
priority_weighted_utilization,both_flexible_vs_baseline,noshow,low_to_medium,high,0.01043598173515964,0.01048491628614916,0.008616401847706037,-0.00014308124882829362,0.010520608828006088,-7.138508371385098e-05,60
priority_weighted_utilization,both_flexible_vs_baseline,noshow,medium_to_high,low,0.010735038051750153,0.010722191780821922,0.009060442041236358,0.0,0.01072219178082192,0.0,60
priority_weighted_utilization,both_flexible_vs_baseline,noshow,medium_to_high,medium,0.01061482496194799,0.010613850837138509,0.008919120468289866,0.0,0.010613850837138509,0.0,60
priority_weighted_utilization,both_flexible_vs_baseline,noshow,medium_to_high,high,0.010370410958903864,0.01035936073059361,0.008694071320363903,0.0,0.010359360730593613,0.0,60
priority_weighted_utilization,both_flexible_vs_baseline,noshow,low_to_high,low,0.02145089802130856,0.021490167427701674,0.018022286859018927,-0.00020410186976311943,0.021534368340943688,-8.8401826484017e-05,60
priority_weighted_utilization,both_flexible_vs_baseline,noshow,low_to_high,medium,0.021174277016742314,0.021219284627092848,0.017770776652694758,-0.00015203495913839683,0.02125351598173516,-6.846270928462724e-05,60
priority_weighted_utilization,both_flexible_vs_baseline,noshow,low_to_high,high,0.0208063926940635,0.02084427701674277,0.01731047316806994,-0.00014308124882829362,0.0208799695585997,-7.138508371385098e-05,60
priority_weighted_utilization,both_flexible_vs_baseline,balking,low_to_medium,low,9.86301369863174e-05,0.0009580821917808192,0.001896589819225385,-0.0015799348123550904,0.0018499847792998508,-0.0017838051750380516,60
priority_weighted_utilization,both_flexible_vs_baseline,balking,low_to_medium,medium,-5.777777777776475e-05,0.0007955403348554058,0.0017864011858477046,-0.0015278679017303677,0.0016774733637747344,-0.0017638660578386616,60
priority_weighted_utilization,both_flexible_vs_baseline,balking,low_to_medium,high,-0.00017799086757992706,0.0006871993911719936,0.0016450796129012122,-0.0015278679017303677,0.001569132420091324,-0.0017638660578386616,60
priority_weighted_utilization,both_flexible_vs_baseline,balking,medium_to_high,low,-0.00011111111111113754,0.0007879299847793034,0.0017646092607924338,-0.001984349861886693,0.0016290106544901057,-0.0016821613394216145,60
priority_weighted_utilization,both_flexible_vs_baseline,balking,medium_to_high,medium,-0.0002345814307458207,0.0006674124809741233,0.0015293549240935798,-0.0019753961515765897,0.0015099543378995419,-0.0016850837138508384,60
priority_weighted_utilization,both_flexible_vs_baseline,balking,medium_to_high,high,-0.0004789954337899479,0.000412922374429223,0.0013043057761676171,-0.0019753961515765897,0.0012554642313546448,-0.0016850837138508384,60
priority_weighted_utilization,both_flexible_vs_baseline,balking,low_to_high,low,-1.2480974124820158e-05,0.0017460121765601226,0.0036611990800178187,-0.0035642846742417835,0.0034789954337899566,-0.003465966514459666,60
priority_weighted_utilization,both_flexible_vs_baseline,balking,low_to_high,medium,-0.00029235920852358545,0.0014629528158295292,0.003315756109941284,-0.0035032640533069572,0.003187427701674276,-0.0034489497716895,60
priority_weighted_utilization,both_flexible_vs_baseline,balking,low_to_high,high,-0.0006569863013698749,0.0011001217656012164,0.0029493853890688294,-0.0035032640533069572,0.002824596651445969,-0.0034489497716895,60
priority_weighted_utilization,both_flexible_vs_baseline,interaction,NS_low_to_medium__x__BK_low_to_medium,,-0.00015640791476408215,-0.00016254185692541335,-0.00011018863337768045,5.206691062472258e-05,-0.0001725114155251166,1.9939117199389753e-05,60
priority_weighted_utilization,both_flexible_vs_baseline,interaction,NS_low_to_medium__x__BK_medium_to_high,,-0.00012347031963468312,-0.00012051750380518016,-0.00023525433669885392,8.953710310103205e-06,-0.00011905631659056399,-2.9223744292237303e-06,60
priority_weighted_utilization,both_flexible_vs_baseline,interaction,NS_low_to_medium__x__BK_low_to_high,,-0.00027987823439876527,-0.0002830593607305935,-0.00034544297007653435,6.102062093482579e-05,-0.00029156773211568064,1.701674277016602e-05,60
priority_weighted_utilization,both_flexible_vs_baseline,interaction,NS_medium_to_high__x__BK_low_to_medium,,-0.00012021308980216232,-0.00010834094368341225,-0.00014132157294649255,0.0,-0.00010834094368341038,0.0,60
priority_weighted_utilization,both_flexible_vs_baseline,interaction,NS_medium_to_high__x__BK_medium_to_high,,-0.0002444140030441272,-0.0002544901065449003,-0.00022504914792596275,0.0,-0.000254490106544897,0.0,60
priority_weighted_utilization,both_flexible_vs_baseline,interaction,NS_medium_to_high__x__BK_low_to_high,,-0.00036462709284628954,-0.0003628310502283126,-0.00036637072087245524,0.0,-0.0003628310502283074,0.0,60
priority_weighted_utilization,both_flexible_vs_baseline,interaction,NS_low_to_high__x__BK_low_to_medium,,-0.00027662100456624447,-0.0002708828006088256,-0.000251510206324173,5.206691062472258e-05,-0.000280852359208527,1.9939117199389753e-05,60
priority_weighted_utilization,both_flexible_vs_baseline,interaction,NS_low_to_high__x__BK_medium_to_high,,-0.00036788432267881034,-0.00037500761035008044,-0.00046030348462481664,8.953710310103205e-06,-0.000373546423135461,-2.9223744292237303e-06,60
priority_weighted_utilization,both_flexible_vs_baseline,interaction,NS_low_to_high__x__BK_low_to_high,,-0.0006445053272450547,-0.000645890410958906,-0.0007118136909489896,6.102062093482579e-05,-0.000654398782343988,1.701674277016602e-05,60
priority_weighted_utilization,both_flexible_vs_horizon_only,noshow,low_to_medium,low,7.86910197868973e-05,0.0001273972602739702,-0.00017509311352776352,-0.0003335639903395062,9.336377473363988e-05,6.806697108067129e-05,60
priority_weighted_utilization,both_flexible_vs_horizon_only,noshow,low_to_medium,medium,5.1689497716878216e-05,8.847792998477822e-05,-9.898092264869578e-05,-0.00026175522817192186,5.5159817351601174e-05,6.663622526636295e-05,60
priority_weighted_utilization,both_flexible_vs_horizon_only,noshow,low_to_medium,high,7.418569254184772e-05,0.0001248097412480955,-0.00014237249361881088,-0.0003295591455473083,9.308980213090009e-05,6.343987823439925e-05,60
priority_weighted_utilization,both_flexible_vs_horizon_only,noshow,medium_to_high,low,-6.088280060887833e-07,-6.088280060882283e-07,-4.3272368645393597e-07,0.0,-6.088280060882283e-07,0.0,60
priority_weighted_utilization,both_flexible_vs_horizon_only,noshow,medium_to_high,medium,-6.088280060887833e-07,-6.088280060882283e-07,-4.3272368645393597e-07,0.0,-6.088280060882283e-07,0.0,60
priority_weighted_utilization,both_flexible_vs_horizon_only,noshow,medium_to_high,high,-6.088280060887833e-07,-6.088280060882283e-07,-4.3272368645393597e-07,0.0,-6.088280060882283e-07,0.0,60
priority_weighted_utilization,both_flexible_vs_horizon_only,noshow,low_to_high,low,7.808219178080852e-05,0.00012678843226788196,-0.00017552583721421747,-0.0003335639903395062,9.275494672755167e-05,6.806697108067129e-05,60
priority_weighted_utilization,both_flexible_vs_horizon_only,noshow,low_to_high,medium,5.1080669710789435e-05,8.786910197869e-05,-9.941364633514971e-05,-0.00026175522817192186,5.4550989345512955e-05,6.663622526636295e-05,60
priority_weighted_utilization,both_flexible_vs_horizon_only,noshow,low_to_high,high,7.357686453575893e-05,0.00012420091324200725,-0.00014280521730526482,-0.0003295591455473083,9.248097412481186e-05,6.343987823439925e-05,60
priority_weighted_utilization,both_flexible_vs_horizon_only,balking,low_to_medium,low,2.7001522070019087e-05,3.891933028919196e-05,-7.611219087906775e-05,-7.180876216758438e-05,3.8203957382038725e-05,1.430745814308341e-06,60
priority_weighted_utilization,both_flexible_vs_horizon_only,balking,low_to_medium,medium,0.0,0.0,0.0,0.0,0.0,0.0,60
priority_weighted_utilization,both_flexible_vs_horizon_only,balking,low_to_medium,high,0.0,0.0,0.0,0.0,0.0,0.0,60
priority_weighted_utilization,both_flexible_vs_horizon_only,balking,medium_to_high,low,-2.2496194824969484e-05,-3.633181126331727e-05,4.3391570970115106e-05,6.780391737538647e-05,-3.792998477929891e-05,3.196347031963709e-06,60
priority_weighted_utilization,both_flexible_vs_horizon_only,balking,medium_to_high,medium,0.0,0.0,0.0,0.0,0.0,0.0,60
priority_weighted_utilization,both_flexible_vs_horizon_only,balking,medium_to_high,high,0.0,0.0,0.0,0.0,0.0,0.0,60
priority_weighted_utilization,both_flexible_vs_horizon_only,balking,low_to_high,low,4.505327245049595e-06,2.587519025874693e-06,-3.272061990895266e-05,-4.0048447921979025e-06,2.7397260273981517e-07,4.6270928462720465e-06,60
priority_weighted_utilization,both_flexible_vs_horizon_only,balking,low_to_high,medium,0.0,0.0,0.0,0.0,0.0,0.0,60
priority_weighted_utilization,both_flexible_vs_horizon_only,balking,low_to_high,high,0.0,0.0,0.0,0.0,0.0,0.0,60
priority_weighted_utilization,both_flexible_vs_horizon_only,interaction,NS_low_to_medium__x__BK_low_to_medium,,-2.7001522070019087e-05,-3.891933028919196e-05,7.611219087906775e-05,7.180876216758438e-05,-3.8203957382038725e-05,-1.430745814308341e-06,60
priority_weighted_utilization,both_flexible_vs_horizon_only,interaction,NS_low_to_medium__x__BK_medium_to_high,,2.2496194824969484e-05,3.633181126331727e-05,-4.3391570970115106e-05,-6.780391737538647e-05,3.792998477929891e-05,-3.196347031963709e-06,60
priority_weighted_utilization,both_flexible_vs_horizon_only,interaction,NS_low_to_medium__x__BK_low_to_high,,-4.505327245049595e-06,-2.587519025874693e-06,3.272061990895266e-05,4.0048447921979025e-06,-2.7397260273981517e-07,-4.6270928462720465e-06,60
priority_weighted_utilization,both_flexible_vs_horizon_only,interaction,NS_medium_to_high__x__BK_low_to_medium,,0.0,0.0,0.0,0.0,0.0,0.0,60
priority_weighted_utilization,both_flexible_vs_horizon_only,interaction,NS_medium_to_high__x__BK_medium_to_high,,0.0,0.0,0.0,0.0,0.0,0.0,60
priority_weighted_utilization,both_flexible_vs_horizon_only,interaction,NS_medium_to_high__x__BK_low_to_high,,0.0,0.0,0.0,0.0,0.0,0.0,60
priority_weighted_utilization,both_flexible_vs_horizon_only,interaction,NS_low_to_high__x__BK_low_to_medium,,-2.7001522070019087e-05,-3.891933028919196e-05,7.611219087906775e-05,7.180876216758438e-05,-3.8203957382038725e-05,-1.430745814308341e-06,60
priority_weighted_utilization,both_flexible_vs_horizon_only,interaction,NS_low_to_high__x__BK_medium_to_high,,2.2496194824969484e-05,3.633181126331727e-05,-4.3391570970115106e-05,-6.780391737538647e-05,3.792998477929891e-05,-3.196347031963709e-06,60
priority_weighted_utilization,both_flexible_vs_horizon_only,interaction,NS_low_to_high__x__BK_low_to_high,,-4.505327245049595e-06,-2.587519025874693e-06,3.272061990895266e-05,4.0048447921979025e-06,-2.7397260273981517e-07,-4.6270928462720465e-06,60
priority_weighted_utilization,both_flexible_vs_reservation_only,noshow,low_to_medium,low,0.005807092846270827,0.005886210045662103,0.002731373069165549,-0.0001946854985034935,0.005946210045662101,-0.00011999999999999901,60
priority_weighted_utilization,both_flexible_vs_reservation_only,noshow,low_to_medium,medium,0.0057860578386604465,0.005856697108066972,0.0027340500019269417,-0.0001623844247159223,0.005923044140030442,-0.00013269406392694085,60
priority_weighted_utilization,both_flexible_vs_reservation_only,noshow,low_to_medium,high,0.005816560121765474,0.005875053272450534,0.002580654653885986,-0.00011642768292760153,0.005904505327245052,-5.890410958904098e-05,60
priority_weighted_utilization,both_flexible_vs_reservation_only,noshow,medium_to_high,low,0.005748706240486904,0.0057652359208523575,0.002664306012610669,-5.180014468292902e-05,0.005786879756468797,-4.3287671232876994e-05,60
priority_weighted_utilization,both_flexible_vs_reservation_only,noshow,medium_to_high,medium,0.0057589649923895135,0.005777184170471841,0.0027202515163639537,-0.000149628884923143,0.005796407914764079,-3.844748858447482e-05,60
priority_weighted_utilization,both_flexible_vs_reservation_only,noshow,medium_to_high,high,0.005838569254185557,0.005851917808219178,0.0027596251879997676,-2.1972265275815954e-05,0.005862922374429225,-2.2009132420091164e-05,60
priority_weighted_utilization,both_flexible_vs_reservation_only,noshow,low_to_high,low,0.01155579908675773,0.01165144596651446,0.005395679081776219,-0.00024648564318642253,0.011733089802130899,-0.000163287671232876,60
priority_weighted_utilization,both_flexible_vs_reservation_only,noshow,low_to_high,medium,0.011545022831049962,0.011633881278538814,0.0054543015182908945,-0.00031201330963906524,0.011719452054794521,-0.00017114155251141567,60
priority_weighted_utilization,both_flexible_vs_reservation_only,noshow,low_to_high,high,0.011655129375951031,0.011726971080669713,0.005340279841885754,-0.00013839994820341752,0.011767427701674276,-8.091324200913214e-05,60
priority_weighted_utilization,both_flexible_vs_reservation_only,balking,low_to_medium,low,3.817351598174479e-05,7.514459665144636e-05,1.2626772041825038e-05,-0.00014965620840864992,0.00010544901065449087,-6.060882800608715e-05,60
priority_weighted_utilization,both_flexible_vs_reservation_only,balking,low_to_medium,medium,1.713850837136599e-05,4.563165905631605e-05,1.530370480321758e-05,-0.0001173551346210787,8.228310502283102e-05,-7.330289193302899e-05,60
priority_weighted_utilization,both_flexible_vs_reservation_only,balking,low_to_medium,high,2.7397260273975084e-05,5.7579908675799805e-05,7.124920855650197e-05,-0.00021518387486129265,9.181126331811283e-05,-6.846270928462681e-05,60
priority_weighted_utilization,both_flexible_vs_reservation_only,balking,medium_to_high,low,-3.1293759512940516e-05,-9.39421613394222e-05,-4.459381786108579e-05,0.00022676838715310173,-0.0001470319634703195,0.00010617960426179564,60
priority_weighted_utilization,both_flexible_vs_reservation_only,balking,medium_to_high,medium,-7.914764079138444e-07,-7.55859969558605e-05,-0.00019798916590204146,0.00027272512894142246,-0.00016557077625570848,0.0001799695585996955,60
priority_weighted_utilization,both_flexible_vs_reservation_only,balking,medium_to_high,high,7.88127853881293e-05,-8.523592085241088e-07,-0.0001586154942662277,0.0004003817485887495,-9.905631659056336e-05,0.00019640791476407916,60
priority_weighted_utilization,both_flexible_vs_reservation_only,balking,low_to_high,low,6.879756468804269e-06,-1.8797564687975846e-05,-3.196704581926077e-05,7.71121787444518e-05,-4.1582952815828653e-05,4.557077625570848e-05,60
priority_weighted_utilization,both_flexible_vs_reservation_only,balking,low_to_high,medium,1.6347031963452143e-05,-2.9954337899544453e-05,-0.00018268546109882387,0.00015536999432034376,-8.328767123287747e-05,0.00010666666666666653,60
priority_weighted_utilization,both_flexible_vs_reservation_only,balking,low_to_high,high,0.00010621004566210438,5.672754946727569e-05,-8.736628570972572e-05,0.00018519787372745682,-7.245053272450508e-06,0.00012794520547945235,60
priority_weighted_utilization,both_flexible_vs_reservation_only,interaction,NS_low_to_medium__x__BK_low_to_medium,,-2.1035007610378793e-05,-2.9512937595130297e-05,2.676932761392543e-06,3.230107378757123e-05,-2.3165905631659833e-05,-1.2694063926941827e-05,60
priority_weighted_utilization,both_flexible_vs_reservation_only,interaction,NS_low_to_medium__x__BK_medium_to_high,,3.0502283105026672e-05,1.8356164383561686e-05,-0.00015339534804095567,4.5956741788320735e-05,-1.853881278538897e-05,7.378995433789985e-05,60
priority_weighted_utilization,both_flexible_vs_reservation_only,interaction,NS_low_to_medium__x__BK_low_to_high,,9.467275494647875e-06,-1.11567732115686e-05,-0.00015071841527956311,7.825781557589196e-05,-4.170471841704881e-05,6.109589041095804e-05,60
priority_weighted_utilization,both_flexible_vs_reservation_only,interaction,NS_medium_to_high__x__BK_low_to_medium,,1.025875190260909e-05,1.1948249619483746e-05,5.594550375328439e-05,-9.782874024021397e-05,9.528158295281828e-06,4.840182648402168e-06,60
priority_weighted_utilization,both_flexible_vs_reservation_only,interaction,NS_medium_to_high__x__BK_medium_to_high,,7.960426179604316e-05,7.47336377473364e-05,3.937367163581377e-05,0.00012765661964732705,6.651445966514512e-05,1.6438356164383655e-05,60
priority_weighted_utilization,both_flexible_vs_reservation_only,interaction,NS_medium_to_high__x__BK_low_to_high,,8.986301369865224e-05,8.668188736682014e-05,9.531917538909816e-05,2.9827879407113066e-05,7.604261796042694e-05,2.1278538812785827e-05,60
priority_weighted_utilization,both_flexible_vs_reservation_only,interaction,NS_low_to_high__x__BK_low_to_medium,,-1.077625570776971e-05,-1.7564687975646544e-05,5.862243651467693e-05,-6.552766645264274e-05,-1.3637747336378017e-05,-7.853881278539655e-06,60
priority_weighted_utilization,both_flexible_vs_reservation_only,interaction,NS_low_to_high__x__BK_medium_to_high,,0.00011010654490106981,9.30898021308981e-05,-0.0001140216764051419,0.00017361336143564777,4.7975646879756155e-05,9.022831050228352e-05,60
priority_weighted_utilization,both_flexible_vs_reservation_only,interaction,NS_low_to_high__x__BK_low_to_high,,9.933028919330011e-05,7.552511415525153e-05,-5.539923989046495e-05,0.000108085694983005,3.4337899543378154e-05,8.237442922374386e-05,60
priority_weighted_utilization,reservation_only_vs_horizon_only,noshow,low_to_medium,low,-0.005728401826483928,-0.0057588127853881324,-0.0029064661826933126,-0.00013887849183601272,-0.005852846270928461,0.00018806697108067044,60
priority_weighted_utilization,reservation_only_vs_horizon_only,noshow,low_to_medium,medium,-0.005734368340943569,-0.005768219178082194,-0.0028330309245756377,-9.937080345599926e-05,-0.0058678843226788405,0.00019933028919330432,60
priority_weighted_utilization,reservation_only_vs_horizon_only,noshow,low_to_medium,high,-0.005742374429223626,-0.005750243531202439,-0.002723027147504797,-0.00021313146261970687,-0.005811415525114152,0.00012234398782344058,60
priority_weighted_utilization,reservation_only_vs_horizon_only,noshow,medium_to_high,low,-0.005749315068492993,-0.005765844748858446,-0.002664738736297123,5.1800144682928966e-05,-0.005787488584474886,4.328767123287706e-05,60
priority_weighted_utilization,reservation_only_vs_horizon_only,noshow,medium_to_high,medium,-0.005759573820395603,-0.00577779299847793,-0.002720684240050407,0.000149628884923143,-0.005797016742770168,3.844748858447477e-05,60
priority_weighted_utilization,reservation_only_vs_horizon_only,noshow,medium_to_high,high,-0.005839178082191645,-0.005852526636225266,-0.0027600579116862215,2.1972265275815954e-05,-0.005863531202435312,2.2009132420091245e-05,60
priority_weighted_utilization,reservation_only_vs_horizon_only,noshow,low_to_high,low,-0.011477716894976921,-0.011524657534246578,-0.005571204918990436,-8.707834715308377e-05,-0.011640334855403346,0.00023135464231354748,60
priority_weighted_utilization,reservation_only_vs_horizon_only,noshow,low_to_high,medium,-0.011493942161339171,-0.011546012176560124,-0.005553715164626045,5.025808146714374e-05,-0.011664901065449007,0.00023777777777777908,60
priority_weighted_utilization,reservation_only_vs_horizon_only,noshow,low_to_high,high,-0.011581552511415271,-0.011602770167427704,-0.005483085059191018,-0.00019115919734389092,-0.011674946727549464,0.00014435312024353185,60
priority_weighted_utilization,reservation_only_vs_horizon_only,balking,low_to_medium,low,-1.1171993911725702e-05,-3.622526636225439e-05,-8.87389629208928e-05,7.784744624106518e-05,-6.724505327245213e-05,6.203957382039525e-05,60
priority_weighted_utilization,reservation_only_vs_horizon_only,balking,low_to_medium,medium,-1.713850837136599e-05,-4.563165905631605e-05,-1.530370480321758e-05,0.00011735513462107864,-8.228310502283102e-05,7.33028919330291e-05,60
priority_weighted_utilization,reservation_only_vs_horizon_only,balking,low_to_medium,high,-2.7397260273975084e-05,-5.7579908675799805e-05,-7.124920855650197e-05,0.00021518387486129265,-9.181126331811283e-05,6.846270928462681e-05,60
priority_weighted_utilization,reservation_only_vs_horizon_only,balking,medium_to_high,low,8.797564687971032e-06,5.761035007610494e-05,8.798538883120089e-05,-0.00015896446977771488,0.00010910197869102058,-0.00010298325722983192,60
priority_weighted_utilization,reservation_only_vs_horizon_only,balking,medium_to_high,medium,7.914764079138444e-07,7.55859969558605e-05,0.00019798916590204146,-0.0002727251289414225,0.00016557077625570848,-0.00017996955859969562,60
priority_weighted_utilization,reservation_only_vs_horizon_only,balking,medium_to_high,high,-7.88127853881293e-05,8.523592085241088e-07,0.0001586154942662277,-0.0004003817485887495,9.905631659056336e-05,-0.00019640791476407916,60
priority_weighted_utilization,reservation_only_vs_horizon_only,balking,low_to_high,low,-2.374429223754672e-06,2.138508371385054e-05,-7.535740896918949e-07,-8.11170235366497e-05,4.1856925418568464e-05,-4.094368340943668e-05,60
priority_weighted_utilization,reservation_only_vs_horizon_only,balking,low_to_high,medium,-1.6347031963452143e-05,2.9954337899544453e-05,0.00018268546109882387,-0.00015536999432034384,8.328767123287747e-05,-0.00010666666666666653,60
priority_weighted_utilization,reservation_only_vs_horizon_only,balking,low_to_high,high,-0.00010621004566210438,-5.672754946727569e-05,8.736628570972572e-05,-0.00018519787372745685,7.245053272450508e-06,-0.00012794520547945235,60
priority_weighted_utilization,reservation_only_vs_horizon_only,interaction,NS_low_to_medium__x__BK_low_to_medium,,-5.966514459640286e-06,-9.406392694061663e-06,7.343525811767521e-05,3.9507688380013466e-05,-1.5038051750378882e-05,1.1263318112633864e-05,60
priority_weighted_utilization,reservation_only_vs_horizon_only,interaction,NS_low_to_medium__x__BK_medium_to_high,,-8.006088280057185e-06,1.797564687975558e-05,0.00011000377707084056,-0.00011376065916370762,5.646879756468788e-05,-7.698630136986371e-05,60
priority_weighted_utilization,reservation_only_vs_horizon_only,interaction,NS_low_to_medium__x__BK_low_to_high,,-1.3972602739697469e-05,8.56925418569391e-06,0.00018343903518851576,-7.425297078369415e-05,4.143074581430901e-05,-6.572298325722986e-05,60
priority_weighted_utilization,reservation_only_vs_horizon_only,interaction,NS_medium_to_high__x__BK_low_to_medium,,-1.025875190260909e-05,-1.1948249619483746e-05,-5.594550375328439e-05,9.782874024021401e-05,-9.528158295281828e-06,-4.840182648402293e-06,60
priority_weighted_utilization,reservation_only_vs_horizon_only,interaction,NS_medium_to_high__x__BK_medium_to_high,,-7.960426179604316e-05,-7.47336377473364e-05,-3.937367163581377e-05,-0.00012765661964732705,-6.651445966514512e-05,-1.6438356164383526e-05,60
priority_weighted_utilization,reservation_only_vs_horizon_only,interaction,NS_medium_to_high__x__BK_low_to_high,,-8.986301369865224e-05,-8.668188736682014e-05,-9.531917538909816e-05,-2.9827879407113012e-05,-7.604261796042694e-05,-2.1278538812785816e-05,60
priority_weighted_utilization,reservation_only_vs_horizon_only,interaction,NS_low_to_high__x__BK_low_to_medium,,-1.6225266362249377e-05,-2.1354642313545412e-05,1.748975436439083e-05,0.0001373364286202275,-2.4566210045660706e-05,6.423135464231572e-06,60
priority_weighted_utilization,reservation_only_vs_horizon_only,interaction,NS_low_to_high__x__BK_medium_to_high,,-8.761035007610033e-05,-5.675799086758082e-05,7.063010543502678e-05,-0.00024141727881103463,-1.0045662100457252e-05,-9.342465753424724e-05,60
priority_weighted_utilization,reservation_only_vs_horizon_only,interaction,NS_low_to_high__x__BK_low_to_high,,-0.0001038356164383497,-7.811263318112622e-05,8.81198597994176e-05,-0.00010408085019080717,-3.4611872146117964e-05,-8.700152207001568e-05,60
