selection_objective,policy,noshow_level,balk_level,rho,n_backgrounds,mean_selected_horizon,median_selected_horizon,mean_selected_Q,reservation_use_share,mean_window_if_used
average_utilization,baseline,high,high,1.2,10,100.0,100.0,0.0,0.0,
average_utilization,horizon_only,high,high,1.2,10,2.5,2.5,0.0,0.0,
average_utilization,reservation_only,high,high,1.2,10,100.0,100.0,22.1,0.6,6.333333333333333
average_utilization,both_flexible,high,high,1.2,10,3.3,3.5,27.8,1.0,3.1
priority_weighted_utilization,baseline,high,high,1.2,10,100.0,100.0,0.0,0.0,
priority_weighted_utilization,horizon_only,high,high,1.2,10,2.5,2.5,0.0,0.0,
priority_weighted_utilization,reservation_only,high,high,1.2,10,100.0,100.0,38.3,1.0,13.9
priority_weighted_utilization,both_flexible,high,high,1.2,10,11.7,11.0,38.1,1.0,10.9
average_utilization,baseline,high,high,1.4,10,100.0,100.0,0.0,0.0,
average_utilization,horizon_only,high,high,1.4,10,3.2,3.0,0.0,0.0,
average_utilization,reservation_only,high,high,1.4,10,100.0,100.0,31.4,0.8,17.875
average_utilization,both_flexible,high,high,1.4,10,7.1,4.0,34.4,1.0,6.7
priority_weighted_utilization,baseline,high,high,1.4,10,100.0,100.0,0.0,0.0,
priority_weighted_utilization,horizon_only,high,high,1.4,10,2.8,3.0,0.0,0.0,
priority_weighted_utilization,reservation_only,high,high,1.4,10,100.0,100.0,39.9,1.0,23.4
priority_weighted_utilization,both_flexible,high,high,1.4,10,17.9,24.0,40.0,1.0,17.2
average_utilization,baseline,high,high,1.7,10,100.0,100.0,0.0,0.0,
average_utilization,horizon_only,high,high,1.7,10,2.8,2.5,0.0,0.0,
average_utilization,reservation_only,high,high,1.7,10,100.0,100.0,36.6,1.0,16.8
average_utilization,both_flexible,high,high,1.7,10,7.1,7.0,32.8,1.0,7.0
priority_weighted_utilization,baseline,high,high,1.7,10,100.0,100.0,0.0,0.0,
priority_weighted_utilization,horizon_only,high,high,1.7,10,2.8,2.5,0.0,0.0,
priority_weighted_utilization,reservation_only,high,high,1.7,10,100.0,100.0,39.9,1.0,23.6
priority_weighted_utilization,both_flexible,high,high,1.7,10,12.1,9.0,39.9,1.0,11.4
average_utilization,baseline,high,high,2.0,10,100.0,100.0,0.0,0.0,
average_utilization,horizon_only,high,high,2.0,10,3.1,3.0,0.0,0.0,
average_utilization,reservation_only,high,high,2.0,10,100.0,100.0,36.1,1.0,23.3
average_utilization,both_flexible,high,high,2.0,10,6.7,5.0,33.7,1.0,6.5
priority_weighted_utilization,baseline,high,high,2.0,10,100.0,100.0,0.0,0.0,
priority_weighted_utilization,horizon_only,high,high,2.0,10,3.1,3.0,0.0,0.0,
priority_weighted_utilization,reservation_only,high,high,2.0,10,100.0,100.0,39.7,1.0,25.2
priority_weighted_utilization,both_flexible,high,high,2.0,10,12.1,9.0,39.9,1.0,11.3
average_utilization,baseline,high,high,2.5,10,100.0,100.0,0.0,0.0,
average_utilization,horizon_only,high,high,2.5,10,3.3,3.0,0.0,0.0,
average_utilization,reservation_only,high,high,2.5,10,100.0,100.0,32.8,1.0,14.9
average_utilization,both_flexible,high,high,2.5,10,5.0,4.0,31.0,0.9,4.888888888888889
priority_weighted_utilization,baseline,high,high,2.5,10,100.0,100.0,0.0,0.0,
priority_weighted_utilization,horizon_only,high,high,2.5,10,3.2,3.5,0.0,0.0,
priority_weighted_utilization,reservation_only,high,high,2.5,10,100.0,100.0,39.9,1.0,24.3
priority_weighted_utilization,both_flexible,high,high,2.5,10,3.7,3.0,39.3,1.0,3.5
average_utilization,baseline,high,high,3.0,10,100.0,100.0,0.0,0.0,
average_utilization,horizon_only,high,high,3.0,10,2.9,2.5,0.0,0.0,
average_utilization,reservation_only,high,high,3.0,10,100.0,100.0,31.1,1.0,13.2
average_utilization,both_flexible,high,high,3.0,10,6.8,4.0,31.2,0.9,5.333333333333333
priority_weighted_utilization,baseline,high,high,3.0,10,100.0,100.0,0.0,0.0,
priority_weighted_utilization,horizon_only,high,high,3.0,10,3.1,3.0,0.0,0.0,
priority_weighted_utilization,reservation_only,high,high,3.0,10,100.0,100.0,38.8,1.0,23.3
priority_weighted_utilization,both_flexible,high,high,3.0,10,11.1,3.5,39.5,1.0,10.7
average_utilization,baseline,high,low,1.2,10,100.0,100.0,0.0,0.0,
average_utilization,horizon_only,high,low,1.2,10,2.5,2.5,0.0,0.0,
average_utilization,reservation_only,high,low,1.2,10,100.0,100.0,22.1,0.6,6.333333333333333
average_utilization,both_flexible,high,low,1.2,10,3.3,3.5,27.8,1.0,3.1
priority_weighted_utilization,baseline,high,low,1.2,10,100.0,100.0,0.0,0.0,
priority_weighted_utilization,horizon_only,high,low,1.2,10,2.5,2.5,0.0,0.0,
priority_weighted_utilization,reservation_only,high,low,1.2,10,100.0,100.0,38.3,1.0,13.9
priority_weighted_utilization,both_flexible,high,low,1.2,10,11.7,11.0,38.1,1.0,10.9
average_utilization,baseline,high,low,1.4,10,100.0,100.0,0.0,0.0,
average_utilization,horizon_only,high,low,1.4,10,3.2,3.0,0.0,0.0,
average_utilization,reservation_only,high,low,1.4,10,100.0,100.0,31.4,0.8,17.875
average_utilization,both_flexible,high,low,1.4,10,7.1,4.0,34.4,1.0,6.7
priority_weighted_utilization,baseline,high,low,1.4,10,100.0,100.0,0.0,0.0,
priority_weighted_utilization,horizon_only,high,low,1.4,10,2.8,3.0,0.0,0.0,
priority_weighted_utilization,reservation_only,high,low,1.4,10,100.0,100.0,39.9,1.0,23.4
priority_weighted_utilization,both_flexible,high,low,1.4,10,17.9,24.0,40.0,1.0,17.2
average_utilization,baseline,high,low,1.7,10,100.0,100.0,0.0,0.0,
average_utilization,horizon_only,high,low,1.7,10,2.8,2.5,0.0,0.0,
average_utilization,reservation_only,high,low,1.7,10,100.0,100.0,36.6,1.0,16.8
average_utilization,both_flexible,high,low,1.7,10,7.1,7.0,32.8,1.0,7.0
priority_weighted_utilization,baseline,high,low,1.7,10,100.0,100.0,0.0,0.0,
priority_weighted_utilization,horizon_only,high,low,1.7,10,2.8,2.5,0.0,0.0,
priority_weighted_utilization,reservation_only,high,low,1.7,10,100.0,100.0,39.9,1.0,23.6
priority_weighted_utilization,both_flexible,high,low,1.7,10,12.1,9.0,39.9,1.0,11.4
average_utilization,baseline,high,low,2.0,10,100.0,100.0,0.0,0.0,
average_utilization,horizon_only,high,low,2.0,10,3.1,3.0,0.0,0.0,
average_utilization,reservation_only,high,low,2.0,10,100.0,100.0,36.1,1.0,23.3
average_utilization,both_flexible,high,low,2.0,10,6.7,5.0,33.7,1.0,6.5
priority_weighted_utilization,baseline,high,low,2.0,10,100.0,100.0,0.0,0.0,
priority_weighted_utilization,horizon_only,high,low,2.0,10,3.1,3.0,0.0,0.0,
priority_weighted_utilization,reservation_only,high,low,2.0,10,100.0,100.0,39.7,1.0,25.2
priority_weighted_utilization,both_flexible,high,low,2.0,10,12.1,9.0,39.9,1.0,11.3
average_utilization,baseline,high,low,2.5,10,100.0,100.0,0.0,0.0,
average_utilization,horizon_only,high,low,2.5,10,3.3,3.0,0.0,0.0,
average_utilization,reservation_only,high,low,2.5,10,100.0,100.0,32.4,1.0,14.8
average_utilization,both_flexible,high,low,2.5,10,5.0,4.0,31.0,0.9,4.888888888888889
priority_weighted_utilization,baseline,high,low,2.5,10,100.0,100.0,0.0,0.0,
priority_weighted_utilization,horizon_only,high,low,2.5,10,3.2,3.5,0.0,0.0,
priority_weighted_utilization,reservation_only,high,low,2.5,10,100.0,100.0,39.7,1.0,24.1
priority_weighted_utilization,both_flexible,high,low,2.5,10,3.7,3.0,39.3,1.0,3.5
average_utilization,baseline,high,low,3.0,10,100.0,100.0,0.0,0.0,
average_utilization,horizon_only,high,low,3.0,10,2.9,2.5,0.0,0.0,
average_utilization,reservation_only,high,low,3.0,10,100.0,100.0,31.3,1.0,13.1
average_utilization,both_flexible,high,low,3.0,10,6.8,4.0,31.2,0.9,5.333333333333333
priority_weighted_utilization,baseline,high,low,3.0,10,100.0,100.0,0.0,0.0,
priority_weighted_utilization,horizon_only,high,low,3.0,10,3.1,3.0,0.0,0.0,
priority_weighted_utilization,reservation_only,high,low,3.0,10,100.0,100.0,38.8,1.0,23.2
priority_weighted_utilization,both_flexible,high,low,3.0,10,11.1,3.5,39.5,1.0,10.7
average_utilization,baseline,high,medium,1.2,10,100.0,100.0,0.0,0.0,
average_utilization,horizon_only,high,medium,1.2,10,2.5,2.5,0.0,0.0,
average_utilization,reservation_only,high,medium,1.2,10,100.0,100.0,22.1,0.6,6.333333333333333
average_utilization,both_flexible,high,medium,1.2,10,3.3,3.5,27.8,1.0,3.1
priority_weighted_utilization,baseline,high,medium,1.2,10,100.0,100.0,0.0,0.0,
priority_weighted_utilization,horizon_only,high,medium,1.2,10,2.5,2.5,0.0,0.0,
priority_weighted_utilization,reservation_only,high,medium,1.2,10,100.0,100.0,38.3,1.0,13.9
priority_weighted_utilization,both_flexible,high,medium,1.2,10,11.7,11.0,38.1,1.0,10.9
average_utilization,baseline,high,medium,1.4,10,100.0,100.0,0.0,0.0,
average_utilization,horizon_only,high,medium,1.4,10,3.2,3.0,0.0,0.0,
average_utilization,reservation_only,high,medium,1.4,10,100.0,100.0,31.4,0.8,17.875
average_utilization,both_flexible,high,medium,1.4,10,7.1,4.0,34.4,1.0,6.7
priority_weighted_utilization,baseline,high,medium,1.4,10,100.0,100.0,0.0,0.0,
priority_weighted_utilization,horizon_only,high,medium,1.4,10,2.8,3.0,0.0,0.0,
priority_weighted_utilization,reservation_only,high,medium,1.4,10,100.0,100.0,39.9,1.0,23.4
priority_weighted_utilization,both_flexible,high,medium,1.4,10,17.9,24.0,40.0,1.0,17.2
average_utilization,baseline,high,medium,1.7,10,100.0,100.0,0.0,0.0,
average_utilization,horizon_only,high,medium,1.7,10,2.8,2.5,0.0,0.0,
average_utilization,reservation_only,high,medium,1.7,10,100.0,100.0,36.6,1.0,16.8
average_utilization,both_flexible,high,medium,1.7,10,7.1,7.0,32.8,1.0,7.0
priority_weighted_utilization,baseline,high,medium,1.7,10,100.0,100.0,0.0,0.0,
priority_weighted_utilization,horizon_only,high,medium,1.7,10,2.8,2.5,0.0,0.0,
priority_weighted_utilization,reservation_only,high,medium,1.7,10,100.0,100.0,39.9,1.0,23.6
priority_weighted_utilization,both_flexible,high,medium,1.7,10,12.1,9.0,39.9,1.0,11.4
average_utilization,baseline,high,medium,2.0,10,100.0,100.0,0.0,0.0,
average_utilization,horizon_only,high,medium,2.0,10,3.1,3.0,0.0,0.0,
average_utilization,reservation_only,high,medium,2.0,10,100.0,100.0,36.1,1.0,23.3
average_utilization,both_flexible,high,medium,2.0,10,6.7,5.0,33.7,1.0,6.5
priority_weighted_utilization,baseline,high,medium,2.0,10,100.0,100.0,0.0,0.0,
priority_weighted_utilization,horizon_only,high,medium,2.0,10,3.1,3.0,0.0,0.0,
priority_weighted_utilization,reservation_only,high,medium,2.0,10,100.0,100.0,39.7,1.0,25.2
priority_weighted_utilization,both_flexible,high,medium,2.0,10,12.1,9.0,39.9,1.0,11.3
average_utilization,baseline,high,medium,2.5,10,100.0,100.0,0.0,0.0,
average_utilization,horizon_only,high,medium,2.5,10,3.3,3.0,0.0,0.0,
average_utilization,reservation_only,high,medium,2.5,10,100.0,100.0,33.3,1.0,14.9
average_utilization,both_flexible,high,medium,2.5,10,5.0,4.0,31.0,0.9,4.888888888888889
priority_weighted_utilization,baseline,high,medium,2.5,10,100.0,100.0,0.0,0.0,
priority_weighted_utilization,horizon_only,high,medium,2.5,10,3.2,3.5,0.0,0.0,
priority_weighted_utilization,reservation_only,high,medium,2.5,10,100.0,100.0,39.7,1.0,23.3
priority_weighted_utilization,both_flexible,high,medium,2.5,10,3.7,3.0,39.3,1.0,3.5
average_utilization,baseline,high,medium,3.0,10,100.0,100.0,0.0,0.0,
average_utilization,horizon_only,high,medium,3.0,10,2.9,2.5,0.0,0.0,
average_utilization,reservation_only,high,medium,3.0,10,100.0,100.0,30.0,1.0,13.3
average_utilization,both_flexible,high,medium,3.0,10,6.8,4.0,31.2,0.9,5.333333333333333
priority_weighted_utilization,baseline,high,medium,3.0,10,100.0,100.0,0.0,0.0,
priority_weighted_utilization,horizon_only,high,medium,3.0,10,3.1,3.0,0.0,0.0,
priority_weighted_utilization,reservation_only,high,medium,3.0,10,100.0,100.0,38.8,1.0,22.4
priority_weighted_utilization,both_flexible,high,medium,3.0,10,11.1,3.5,39.5,1.0,10.7
average_utilization,baseline,low,high,1.2,10,100.0,100.0,0.0,0.0,
average_utilization,horizon_only,low,high,1.2,10,2.5,2.5,0.0,0.0,
average_utilization,reservation_only,low,high,1.2,10,100.0,100.0,22.1,0.6,6.333333333333333
average_utilization,both_flexible,low,high,1.2,10,3.3,3.5,27.8,1.0,3.1
priority_weighted_utilization,baseline,low,high,1.2,10,100.0,100.0,0.0,0.0,
priority_weighted_utilization,horizon_only,low,high,1.2,10,2.5,2.5,0.0,0.0,
priority_weighted_utilization,reservation_only,low,high,1.2,10,100.0,100.0,38.3,1.0,13.9
priority_weighted_utilization,both_flexible,low,high,1.2,10,11.7,11.0,38.1,1.0,10.9
average_utilization,baseline,low,high,1.4,10,100.0,100.0,0.0,0.0,
average_utilization,horizon_only,low,high,1.4,10,3.2,3.0,0.0,0.0,
average_utilization,reservation_only,low,high,1.4,10,100.0,100.0,31.4,0.8,17.875
average_utilization,both_flexible,low,high,1.4,10,7.1,4.0,34.4,1.0,6.7
priority_weighted_utilization,baseline,low,high,1.4,10,100.0,100.0,0.0,0.0,
priority_weighted_utilization,horizon_only,low,high,1.4,10,2.8,3.0,0.0,0.0,
priority_weighted_utilization,reservation_only,low,high,1.4,10,100.0,100.0,39.9,1.0,23.4
priority_weighted_utilization,both_flexible,low,high,1.4,10,17.9,24.0,40.0,1.0,17.2
average_utilization,baseline,low,high,1.7,10,100.0,100.0,0.0,0.0,
average_utilization,horizon_only,low,high,1.7,10,4.2,4.5,0.0,0.0,
average_utilization,reservation_only,low,high,1.7,10,100.0,100.0,26.7,0.7,20.0
average_utilization,both_flexible,low,high,1.7,10,7.6,7.0,32.7,1.0,7.5
priority_weighted_utilization,baseline,low,high,1.7,10,100.0,100.0,0.0,0.0,
priority_weighted_utilization,horizon_only,low,high,1.7,10,4.4,5.0,0.0,0.0,
priority_weighted_utilization,reservation_only,low,high,1.7,10,100.0,100.0,39.9,1.0,23.6
priority_weighted_utilization,both_flexible,low,high,1.7,10,12.2,9.5,39.9,1.0,11.5
average_utilization,baseline,low,high,2.0,10,100.0,100.0,0.0,0.0,
average_utilization,horizon_only,low,high,2.0,10,4.4,4.5,0.0,0.0,
average_utilization,reservation_only,low,high,2.0,10,100.0,100.0,23.8,0.9,11.777777777777779
average_utilization,both_flexible,low,high,2.0,10,7.4,6.5,30.8,0.9,7.111111111111111
priority_weighted_utilization,baseline,low,high,2.0,10,100.0,100.0,0.0,0.0,
priority_weighted_utilization,horizon_only,low,high,2.0,10,4.8,5.5,0.0,0.0,
priority_weighted_utilization,reservation_only,low,high,2.0,10,100.0,100.0,39.7,1.0,25.2
priority_weighted_utilization,both_flexible,low,high,2.0,10,12.5,9.0,39.9,1.0,11.7
average_utilization,baseline,low,high,2.5,10,100.0,100.0,0.0,0.0,
average_utilization,horizon_only,low,high,2.5,10,5.8,5.5,0.0,0.0,
average_utilization,reservation_only,low,high,2.5,10,100.0,100.0,21.8,0.8,10.875
average_utilization,both_flexible,low,high,2.5,10,7.6,7.0,24.6,0.9,6.333333333333333
priority_weighted_utilization,baseline,low,high,2.5,10,100.0,100.0,0.0,0.0,
priority_weighted_utilization,horizon_only,low,high,2.5,10,3.3,3.5,0.0,0.0,
priority_weighted_utilization,reservation_only,low,high,2.5,10,100.0,100.0,39.9,1.0,24.3
priority_weighted_utilization,both_flexible,low,high,2.5,10,4.3,3.0,39.3,1.0,4.1
average_utilization,baseline,low,high,3.0,10,100.0,100.0,0.0,0.0,
average_utilization,horizon_only,low,high,3.0,10,6.2,6.0,0.0,0.0,
average_utilization,reservation_only,low,high,3.0,10,100.0,100.0,20.4,1.0,8.8
average_utilization,both_flexible,low,high,3.0,10,9.4,9.0,29.5,0.9,7.888888888888889
priority_weighted_utilization,baseline,low,high,3.0,10,100.0,100.0,0.0,0.0,
priority_weighted_utilization,horizon_only,low,high,3.0,10,4.2,4.5,0.0,0.0,
priority_weighted_utilization,reservation_only,low,high,3.0,10,100.0,100.0,38.8,1.0,23.2
priority_weighted_utilization,both_flexible,low,high,3.0,10,12.3,6.5,39.5,1.0,11.9
average_utilization,baseline,low,low,1.2,10,100.0,100.0,0.0,0.0,
average_utilization,horizon_only,low,low,1.2,10,2.5,2.5,0.0,0.0,
average_utilization,reservation_only,low,low,1.2,10,100.0,100.0,22.1,0.6,6.333333333333333
average_utilization,both_flexible,low,low,1.2,10,3.3,3.5,27.8,1.0,3.1
priority_weighted_utilization,baseline,low,low,1.2,10,100.0,100.0,0.0,0.0,
priority_weighted_utilization,horizon_only,low,low,1.2,10,2.5,2.5,0.0,0.0,
priority_weighted_utilization,reservation_only,low,low,1.2,10,100.0,100.0,38.3,1.0,13.9
priority_weighted_utilization,both_flexible,low,low,1.2,10,11.7,11.0,38.1,1.0,10.9
average_utilization,baseline,low,low,1.4,10,100.0,100.0,0.0,0.0,
average_utilization,horizon_only,low,low,1.4,10,3.2,3.0,0.0,0.0,
average_utilization,reservation_only,low,low,1.4,10,100.0,100.0,31.4,0.8,17.875
average_utilization,both_flexible,low,low,1.4,10,7.1,4.0,34.4,1.0,6.7
priority_weighted_utilization,baseline,low,low,1.4,10,100.0,100.0,0.0,0.0,
priority_weighted_utilization,horizon_only,low,low,1.4,10,2.8,3.0,0.0,0.0,
priority_weighted_utilization,reservation_only,low,low,1.4,10,100.0,100.0,39.9,1.0,23.4
priority_weighted_utilization,both_flexible,low,low,1.4,10,17.9,24.0,40.0,1.0,17.2
average_utilization,baseline,low,low,1.7,10,100.0,100.0,0.0,0.0,
average_utilization,horizon_only,low,low,1.7,10,4.2,4.5,0.0,0.0,
average_utilization,reservation_only,low,low,1.7,10,100.0,100.0,26.7,0.7,20.0
average_utilization,both_flexible,low,low,1.7,10,7.6,7.0,32.7,1.0,7.5
priority_weighted_utilization,baseline,low,low,1.7,10,100.0,100.0,0.0,0.0,
priority_weighted_utilization,horizon_only,low,low,1.7,10,4.4,5.0,0.0,0.0,
priority_weighted_utilization,reservation_only,low,low,1.7,10,100.0,100.0,39.9,1.0,23.6
priority_weighted_utilization,both_flexible,low,low,1.7,10,12.2,9.5,39.9,1.0,11.5
average_utilization,baseline,low,low,2.0,10,100.0,100.0,0.0,0.0,
average_utilization,horizon_only,low,low,2.0,10,4.8,4.5,0.0,0.0,
average_utilization,reservation_only,low,low,2.0,10,100.0,100.0,26.9,1.0,14.6
average_utilization,both_flexible,low,low,2.0,10,9.5,7.0,33.2,1.0,9.1
priority_weighted_utilization,baseline,low,low,2.0,10,100.0,100.0,0.0,0.0,
priority_weighted_utilization,horizon_only,low,low,2.0,10,5.1,5.5,0.0,0.0,
priority_weighted_utilization,reservation_only,low,low,2.0,10,100.0,100.0,39.7,1.0,25.2
priority_weighted_utilization,both_flexible,low,low,2.0,10,12.6,9.5,39.9,1.0,11.8
average_utilization,baseline,low,low,2.5,10,100.0,100.0,0.0,0.0,
average_utilization,horizon_only,low,low,2.5,10,5.0,5.0,0.0,0.0,
average_utilization,reservation_only,low,low,2.5,10,100.0,100.0,22.2,0.9,13.0
average_utilization,both_flexible,low,low,2.5,10,10.0,8.5,23.2,0.9,8.444444444444445
priority_weighted_utilization,baseline,low,low,2.5,10,100.0,100.0,0.0,0.0,
priority_weighted_utilization,horizon_only,low,low,2.5,10,3.3,3.5,0.0,0.0,
priority_weighted_utilization,reservation_only,low,low,2.5,10,100.0,100.0,39.9,1.0,24.4
priority_weighted_utilization,both_flexible,low,low,2.5,10,6.6,3.0,39.3,1.0,6.3
average_utilization,baseline,low,low,3.0,10,100.0,100.0,0.0,0.0,
average_utilization,horizon_only,low,low,3.0,10,6.8,6.0,0.0,0.0,
average_utilization,reservation_only,low,low,3.0,10,100.0,100.0,18.7,1.0,7.8
average_utilization,both_flexible,low,low,3.0,10,8.5,8.5,25.6,0.9,7.888888888888889
priority_weighted_utilization,baseline,low,low,3.0,10,100.0,100.0,0.0,0.0,
priority_weighted_utilization,horizon_only,low,low,3.0,10,4.2,4.5,0.0,0.0,
priority_weighted_utilization,reservation_only,low,low,3.0,10,100.0,100.0,38.8,1.0,23.4
priority_weighted_utilization,both_flexible,low,low,3.0,10,13.3,8.5,39.5,1.0,12.9
average_utilization,baseline,low,medium,1.2,10,100.0,100.0,0.0,0.0,
average_utilization,horizon_only,low,medium,1.2,10,2.5,2.5,0.0,0.0,
average_utilization,reservation_only,low,medium,1.2,10,100.0,100.0,22.1,0.6,6.333333333333333
average_utilization,both_flexible,low,medium,1.2,10,3.3,3.5,27.8,1.0,3.1
priority_weighted_utilization,baseline,low,medium,1.2,10,100.0,100.0,0.0,0.0,
priority_weighted_utilization,horizon_only,low,medium,1.2,10,2.5,2.5,0.0,0.0,
priority_weighted_utilization,reservation_only,low,medium,1.2,10,100.0,100.0,38.3,1.0,13.9
priority_weighted_utilization,both_flexible,low,medium,1.2,10,11.7,11.0,38.1,1.0,10.9
average_utilization,baseline,low,medium,1.4,10,100.0,100.0,0.0,0.0,
average_utilization,horizon_only,low,medium,1.4,10,3.2,3.0,0.0,0.0,
average_utilization,reservation_only,low,medium,1.4,10,100.0,100.0,31.4,0.8,17.875
average_utilization,both_flexible,low,medium,1.4,10,7.1,4.0,34.4,1.0,6.7
priority_weighted_utilization,baseline,low,medium,1.4,10,100.0,100.0,0.0,0.0,
priority_weighted_utilization,horizon_only,low,medium,1.4,10,2.8,3.0,0.0,0.0,
priority_weighted_utilization,reservation_only,low,medium,1.4,10,100.0,100.0,39.9,1.0,23.4
priority_weighted_utilization,both_flexible,low,medium,1.4,10,17.9,24.0,40.0,1.0,17.2
average_utilization,baseline,low,medium,1.7,10,100.0,100.0,0.0,0.0,
average_utilization,horizon_only,low,medium,1.7,10,4.2,4.5,0.0,0.0,
average_utilization,reservation_only,low,medium,1.7,10,100.0,100.0,26.7,0.7,20.0
average_utilization,both_flexible,low,medium,1.7,10,7.6,7.0,32.7,1.0,7.5
priority_weighted_utilization,baseline,low,medium,1.7,10,100.0,100.0,0.0,0.0,
priority_weighted_utilization,horizon_only,low,medium,1.7,10,4.4,5.0,0.0,0.0,
priority_weighted_utilization,reservation_only,low,medium,1.7,10,100.0,100.0,39.9,1.0,23.6
priority_weighted_utilization,both_flexible,low,medium,1.7,10,12.2,9.5,39.9,1.0,11.5
average_utilization,baseline,low,medium,2.0,10,100.0,100.0,0.0,0.0,
average_utilization,horizon_only,low,medium,2.0,10,4.5,4.5,0.0,0.0,
average_utilization,reservation_only,low,medium,2.0,10,100.0,100.0,27.7,1.0,16.9
average_utilization,both_flexible,low,medium,2.0,10,6.9,6.0,32.7,1.0,6.7
priority_weighted_utilization,baseline,low,medium,2.0,10,100.0,100.0,0.0,0.0,
priority_weighted_utilization,horizon_only,low,medium,2.0,10,5.1,5.5,0.0,0.0,
priority_weighted_utilization,reservation_only,low,medium,2.0,10,100.0,100.0,39.7,1.0,25.2
priority_weighted_utilization,both_flexible,low,medium,2.0,10,12.5,9.0,39.9,1.0,11.7
average_utilization,baseline,low,medium,2.5,10,100.0,100.0,0.0,0.0,
average_utilization,horizon_only,low,medium,2.5,10,5.6,5.5,0.0,0.0,
average_utilization,reservation_only,low,medium,2.5,10,100.0,100.0,14.6,1.0,9.4
average_utilization,both_flexible,low,medium,2.5,10,7.3,7.0,21.1,0.9,6.0
priority_weighted_utilization,baseline,low,medium,2.5,10,100.0,100.0,0.0,0.0,
priority_weighted_utilization,horizon_only,low,medium,2.5,10,3.3,3.5,0.0,0.0,
priority_weighted_utilization,reservation_only,low,medium,2.5,10,100.0,100.0,39.9,1.0,23.8
priority_weighted_utilization,both_flexible,low,medium,2.5,10,4.3,3.0,39.3,1.0,4.1
average_utilization,baseline,low,medium,3.0,10,100.0,100.0,0.0,0.0,
average_utilization,horizon_only,low,medium,3.0,10,6.1,6.0,0.0,0.0,
average_utilization,reservation_only,low,medium,3.0,10,100.0,100.0,16.0,0.9,8.222222222222221
average_utilization,both_flexible,low,medium,3.0,10,9.7,10.0,15.5,0.8,6.25
priority_weighted_utilization,baseline,low,medium,3.0,10,100.0,100.0,0.0,0.0,
priority_weighted_utilization,horizon_only,low,medium,3.0,10,4.2,4.5,0.0,0.0,
priority_weighted_utilization,reservation_only,low,medium,3.0,10,100.0,100.0,38.8,1.0,22.7
priority_weighted_utilization,both_flexible,low,medium,3.0,10,12.8,7.0,39.5,1.0,12.4
average_utilization,baseline,medium,high,1.2,10,100.0,100.0,0.0,0.0,
average_utilization,horizon_only,medium,high,1.2,10,2.5,2.5,0.0,0.0,
average_utilization,reservation_only,medium,high,1.2,10,100.0,100.0,22.1,0.6,6.333333333333333
average_utilization,both_flexible,medium,high,1.2,10,3.3,3.5,27.8,1.0,3.1
priority_weighted_utilization,baseline,medium,high,1.2,10,100.0,100.0,0.0,0.0,
priority_weighted_utilization,horizon_only,medium,high,1.2,10,2.5,2.5,0.0,0.0,
priority_weighted_utilization,reservation_only,medium,high,1.2,10,100.0,100.0,38.3,1.0,13.9
priority_weighted_utilization,both_flexible,medium,high,1.2,10,11.7,11.0,38.1,1.0,10.9
average_utilization,baseline,medium,high,1.4,10,100.0,100.0,0.0,0.0,
average_utilization,horizon_only,medium,high,1.4,10,3.2,3.0,0.0,0.0,
average_utilization,reservation_only,medium,high,1.4,10,100.0,100.0,31.4,0.8,17.875
average_utilization,both_flexible,medium,high,1.4,10,7.1,4.0,34.4,1.0,6.7
priority_weighted_utilization,baseline,medium,high,1.4,10,100.0,100.0,0.0,0.0,
priority_weighted_utilization,horizon_only,medium,high,1.4,10,2.8,3.0,0.0,0.0,
priority_weighted_utilization,reservation_only,medium,high,1.4,10,100.0,100.0,39.9,1.0,23.4
priority_weighted_utilization,both_flexible,medium,high,1.4,10,17.9,24.0,40.0,1.0,17.2
average_utilization,baseline,medium,high,1.7,10,100.0,100.0,0.0,0.0,
average_utilization,horizon_only,medium,high,1.7,10,3.2,3.0,0.0,0.0,
average_utilization,reservation_only,medium,high,1.7,10,100.0,100.0,36.4,1.0,16.8
average_utilization,both_flexible,medium,high,1.7,10,7.5,7.0,33.0,1.0,7.4
priority_weighted_utilization,baseline,medium,high,1.7,10,100.0,100.0,0.0,0.0,
priority_weighted_utilization,horizon_only,medium,high,1.7,10,2.8,2.5,0.0,0.0,
priority_weighted_utilization,reservation_only,medium,high,1.7,10,100.0,100.0,39.9,1.0,23.6
priority_weighted_utilization,both_flexible,medium,high,1.7,10,12.1,9.0,39.9,1.0,11.4
average_utilization,baseline,medium,high,2.0,10,100.0,100.0,0.0,0.0,
average_utilization,horizon_only,medium,high,2.0,10,3.1,3.0,0.0,0.0,
average_utilization,reservation_only,medium,high,2.0,10,100.0,100.0,36.1,1.0,23.3
average_utilization,both_flexible,medium,high,2.0,10,6.7,5.0,33.7,1.0,6.5
priority_weighted_utilization,baseline,medium,high,2.0,10,100.0,100.0,0.0,0.0,
priority_weighted_utilization,horizon_only,medium,high,2.0,10,3.1,3.0,0.0,0.0,
priority_weighted_utilization,reservation_only,medium,high,2.0,10,100.0,100.0,39.7,1.0,25.2
priority_weighted_utilization,both_flexible,medium,high,2.0,10,12.1,9.0,39.9,1.0,11.3
average_utilization,baseline,medium,high,2.5,10,100.0,100.0,0.0,0.0,
average_utilization,horizon_only,medium,high,2.5,10,3.3,3.0,0.0,0.0,
average_utilization,reservation_only,medium,high,2.5,10,100.0,100.0,33.0,1.0,14.9
average_utilization,both_flexible,medium,high,2.5,10,5.0,4.0,31.0,0.9,4.888888888888889
priority_weighted_utilization,baseline,medium,high,2.5,10,100.0,100.0,0.0,0.0,
priority_weighted_utilization,horizon_only,medium,high,2.5,10,3.2,3.5,0.0,0.0,
priority_weighted_utilization,reservation_only,medium,high,2.5,10,100.0,100.0,39.9,1.0,24.3
priority_weighted_utilization,both_flexible,medium,high,2.5,10,3.7,3.0,39.3,1.0,3.5
average_utilization,baseline,medium,high,3.0,10,100.0,100.0,0.0,0.0,
average_utilization,horizon_only,medium,high,3.0,10,2.9,2.5,0.0,0.0,
average_utilization,reservation_only,medium,high,3.0,10,100.0,100.0,30.6,1.0,13.2
average_utilization,both_flexible,medium,high,3.0,10,6.8,4.0,30.7,0.9,5.777777777777778
priority_weighted_utilization,baseline,medium,high,3.0,10,100.0,100.0,0.0,0.0,
priority_weighted_utilization,horizon_only,medium,high,3.0,10,3.1,3.0,0.0,0.0,
priority_weighted_utilization,reservation_only,medium,high,3.0,10,100.0,100.0,38.8,1.0,23.6
priority_weighted_utilization,both_flexible,medium,high,3.0,10,11.1,3.5,39.5,1.0,10.7
average_utilization,baseline,medium,low,1.2,10,100.0,100.0,0.0,0.0,
average_utilization,horizon_only,medium,low,1.2,10,2.5,2.5,0.0,0.0,
average_utilization,reservation_only,medium,low,1.2,10,100.0,100.0,22.1,0.6,6.333333333333333
average_utilization,both_flexible,medium,low,1.2,10,3.3,3.5,27.8,1.0,3.1
priority_weighted_utilization,baseline,medium,low,1.2,10,100.0,100.0,0.0,0.0,
priority_weighted_utilization,horizon_only,medium,low,1.2,10,2.5,2.5,0.0,0.0,
priority_weighted_utilization,reservation_only,medium,low,1.2,10,100.0,100.0,38.3,1.0,13.9
priority_weighted_utilization,both_flexible,medium,low,1.2,10,11.7,11.0,38.1,1.0,10.9
average_utilization,baseline,medium,low,1.4,10,100.0,100.0,0.0,0.0,
average_utilization,horizon_only,medium,low,1.4,10,3.2,3.0,0.0,0.0,
average_utilization,reservation_only,medium,low,1.4,10,100.0,100.0,31.4,0.8,17.875
average_utilization,both_flexible,medium,low,1.4,10,7.1,4.0,34.4,1.0,6.7
priority_weighted_utilization,baseline,medium,low,1.4,10,100.0,100.0,0.0,0.0,
priority_weighted_utilization,horizon_only,medium,low,1.4,10,2.8,3.0,0.0,0.0,
priority_weighted_utilization,reservation_only,medium,low,1.4,10,100.0,100.0,39.9,1.0,23.4
priority_weighted_utilization,both_flexible,medium,low,1.4,10,17.9,24.0,40.0,1.0,17.2
average_utilization,baseline,medium,low,1.7,10,100.0,100.0,0.0,0.0,
average_utilization,horizon_only,medium,low,1.7,10,3.2,3.0,0.0,0.0,
average_utilization,reservation_only,medium,low,1.7,10,100.0,100.0,36.4,1.0,16.8
average_utilization,both_flexible,medium,low,1.7,10,7.5,7.0,33.0,1.0,7.4
priority_weighted_utilization,baseline,medium,low,1.7,10,100.0,100.0,0.0,0.0,
priority_weighted_utilization,horizon_only,medium,low,1.7,10,2.8,2.5,0.0,0.0,
priority_weighted_utilization,reservation_only,medium,low,1.7,10,100.0,100.0,39.9,1.0,23.6
priority_weighted_utilization,both_flexible,medium,low,1.7,10,12.1,9.0,39.9,1.0,11.4
average_utilization,baseline,medium,low,2.0,10,100.0,100.0,0.0,0.0,
average_utilization,horizon_only,medium,low,2.0,10,3.1,3.0,0.0,0.0,
average_utilization,reservation_only,medium,low,2.0,10,100.0,100.0,36.1,1.0,23.3
average_utilization,both_flexible,medium,low,2.0,10,6.7,5.0,33.7,1.0,6.5
priority_weighted_utilization,baseline,medium,low,2.0,10,100.0,100.0,0.0,0.0,
priority_weighted_utilization,horizon_only,medium,low,2.0,10,3.1,3.0,0.0,0.0,
priority_weighted_utilization,reservation_only,medium,low,2.0,10,100.0,100.0,39.7,1.0,25.2
priority_weighted_utilization,both_flexible,medium,low,2.0,10,12.1,9.0,39.9,1.0,11.3
average_utilization,baseline,medium,low,2.5,10,100.0,100.0,0.0,0.0,
average_utilization,horizon_only,medium,low,2.5,10,3.3,3.0,0.0,0.0,
average_utilization,reservation_only,medium,low,2.5,10,100.0,100.0,32.2,1.0,14.9
average_utilization,both_flexible,medium,low,2.5,10,5.2,4.0,31.0,0.9,4.888888888888889
priority_weighted_utilization,baseline,medium,low,2.5,10,100.0,100.0,0.0,0.0,
priority_weighted_utilization,horizon_only,medium,low,2.5,10,3.2,3.5,0.0,0.0,
priority_weighted_utilization,reservation_only,medium,low,2.5,10,100.0,100.0,39.7,1.0,24.1
priority_weighted_utilization,both_flexible,medium,low,2.5,10,3.7,3.0,39.3,1.0,3.5
average_utilization,baseline,medium,low,3.0,10,100.0,100.0,0.0,0.0,
average_utilization,horizon_only,medium,low,3.0,10,2.9,2.5,0.0,0.0,
average_utilization,reservation_only,medium,low,3.0,10,100.0,100.0,31.3,1.0,13.4
average_utilization,both_flexible,medium,low,3.0,10,6.8,4.0,30.7,0.9,5.777777777777778
priority_weighted_utilization,baseline,medium,low,3.0,10,100.0,100.0,0.0,0.0,
priority_weighted_utilization,horizon_only,medium,low,3.0,10,3.1,3.0,0.0,0.0,
priority_weighted_utilization,reservation_only,medium,low,3.0,10,100.0,100.0,38.8,1.0,23.7
priority_weighted_utilization,both_flexible,medium,low,3.0,10,11.1,3.5,39.5,1.0,10.7
average_utilization,baseline,medium,medium,1.2,10,100.0,100.0,0.0,0.0,
average_utilization,horizon_only,medium,medium,1.2,10,2.5,2.5,0.0,0.0,
average_utilization,reservation_only,medium,medium,1.2,10,100.0,100.0,22.1,0.6,6.333333333333333
average_utilization,both_flexible,medium,medium,1.2,10,3.3,3.5,27.8,1.0,3.1
priority_weighted_utilization,baseline,medium,medium,1.2,10,100.0,100.0,0.0,0.0,
priority_weighted_utilization,horizon_only,medium,medium,1.2,10,2.5,2.5,0.0,0.0,
priority_weighted_utilization,reservation_only,medium,medium,1.2,10,100.0,100.0,38.3,1.0,13.9
priority_weighted_utilization,both_flexible,medium,medium,1.2,10,11.7,11.0,38.1,1.0,10.9
average_utilization,baseline,medium,medium,1.4,10,100.0,100.0,0.0,0.0,
average_utilization,horizon_only,medium,medium,1.4,10,3.2,3.0,0.0,0.0,
average_utilization,reservation_only,medium,medium,1.4,10,100.0,100.0,31.4,0.8,17.875
average_utilization,both_flexible,medium,medium,1.4,10,7.1,4.0,34.4,1.0,6.7
priority_weighted_utilization,baseline,medium,medium,1.4,10,100.0,100.0,0.0,0.0,
priority_weighted_utilization,horizon_only,medium,medium,1.4,10,2.8,3.0,0.0,0.0,
priority_weighted_utilization,reservation_only,medium,medium,1.4,10,100.0,100.0,39.9,1.0,23.4
priority_weighted_utilization,both_flexible,medium,medium,1.4,10,17.9,24.0,40.0,1.0,17.2
average_utilization,baseline,medium,medium,1.7,10,100.0,100.0,0.0,0.0,
average_utilization,horizon_only,medium,medium,1.7,10,3.2,3.0,0.0,0.0,
average_utilization,reservation_only,medium,medium,1.7,10,100.0,100.0,36.4,1.0,16.8
average_utilization,both_flexible,medium,medium,1.7,10,7.5,7.0,33.0,1.0,7.4
priority_weighted_utilization,baseline,medium,medium,1.7,10,100.0,100.0,0.0,0.0,
priority_weighted_utilization,horizon_only,medium,medium,1.7,10,2.8,2.5,0.0,0.0,
priority_weighted_utilization,reservation_only,medium,medium,1.7,10,100.0,100.0,39.9,1.0,23.6
priority_weighted_utilization,both_flexible,medium,medium,1.7,10,12.1,9.0,39.9,1.0,11.4
average_utilization,baseline,medium,medium,2.0,10,100.0,100.0,0.0,0.0,
average_utilization,horizon_only,medium,medium,2.0,10,3.1,3.0,0.0,0.0,
average_utilization,reservation_only,medium,medium,2.0,10,100.0,100.0,36.1,1.0,23.3
average_utilization,both_flexible,medium,medium,2.0,10,6.7,5.0,33.7,1.0,6.5
priority_weighted_utilization,baseline,medium,medium,2.0,10,100.0,100.0,0.0,0.0,
priority_weighted_utilization,horizon_only,medium,medium,2.0,10,3.1,3.0,0.0,0.0,
priority_weighted_utilization,reservation_only,medium,medium,2.0,10,100.0,100.0,39.7,1.0,25.2
priority_weighted_utilization,both_flexible,medium,medium,2.0,10,12.1,9.0,39.9,1.0,11.3
average_utilization,baseline,medium,medium,2.5,10,100.0,100.0,0.0,0.0,
average_utilization,horizon_only,medium,medium,2.5,10,3.3,3.0,0.0,0.0,
average_utilization,reservation_only,medium,medium,2.5,10,100.0,100.0,28.2,1.0,11.3
average_utilization,both_flexible,medium,medium,2.5,10,5.2,4.0,31.0,0.9,4.888888888888889
priority_weighted_utilization,baseline,medium,medium,2.5,10,100.0,100.0,0.0,0.0,
priority_weighted_utilization,horizon_only,medium,medium,2.5,10,3.2,3.5,0.0,0.0,
priority_weighted_utilization,reservation_only,medium,medium,2.5,10,100.0,100.0,39.7,1.0,24.1
priority_weighted_utilization,both_flexible,medium,medium,2.5,10,3.7,3.0,39.3,1.0,3.5
average_utilization,baseline,medium,medium,3.0,10,100.0,100.0,0.0,0.0,
average_utilization,horizon_only,medium,medium,3.0,10,2.9,2.5,0.0,0.0,
average_utilization,reservation_only,medium,medium,3.0,10,100.0,100.0,29.5,1.0,13.6
average_utilization,both_flexible,medium,medium,3.0,10,6.8,4.0,30.7,0.9,5.777777777777778
priority_weighted_utilization,baseline,medium,medium,3.0,10,100.0,100.0,0.0,0.0,
priority_weighted_utilization,horizon_only,medium,medium,3.0,10,3.1,3.0,0.0,0.0,
priority_weighted_utilization,reservation_only,medium,medium,3.0,10,100.0,100.0,38.8,1.0,22.4
priority_weighted_utilization,both_flexible,medium,medium,3.0,10,11.1,3.5,39.5,1.0,10.7
