study,w1,c,gamma,served_rate_min,best Q,strict beats FCFS?,binding constraint or main failure mode,mean strict-minus-FCFS objective
A: utilization-first,1.0,0.0,0.0,0.45,0,False,objective does not beat FCFS,0.0
A: utilization-first,1.0,0.0,0.0,0.55,0,False,objective does not beat FCFS,0.0
A: utilization-first,1.0,0.0,0.0,0.65,0,False,service-rate guardrail,0.0
A: utilization-first,1.0,0.0,0.0,0.7,0,False,service-rate guardrail,0.0
B: wait-adjusted,1.0,0.0,0.0,0.45,0,False,objective does not beat FCFS,0.0
B: wait-adjusted,1.0,0.0,0.0,0.55,0,False,objective does not beat FCFS,0.0
B: wait-adjusted,1.0,0.0,0.0,0.65,0,False,service-rate guardrail,0.0
B: wait-adjusted,1.0,0.0,0.0,0.7,0,False,service-rate guardrail,0.0
B: wait-adjusted,1.0,0.0,0.02,0.45,0,False,objective does not beat FCFS,0.0
B: wait-adjusted,1.0,0.0,0.02,0.55,0,False,objective does not beat FCFS,0.0
B: wait-adjusted,1.0,0.0,0.02,0.65,0,False,service-rate guardrail,0.0
B: wait-adjusted,1.0,0.0,0.02,0.7,0,False,service-rate guardrail,0.0
B: wait-adjusted,1.0,0.0,0.05,0.45,0,False,objective does not beat FCFS,0.0
B: wait-adjusted,1.0,0.0,0.05,0.55,0,False,objective does not beat FCFS,0.0
B: wait-adjusted,1.0,0.0,0.05,0.65,0,False,service-rate guardrail,0.0
B: wait-adjusted,1.0,0.0,0.05,0.7,0,False,service-rate guardrail,0.0
B: wait-adjusted,1.0,0.0,0.1,0.45,0,False,objective does not beat FCFS,0.0
B: wait-adjusted,1.0,0.0,0.1,0.55,0,False,objective does not beat FCFS,0.0
B: wait-adjusted,1.0,0.0,0.1,0.65,20,False,service-rate guardrail,0.00020883831147642252
B: wait-adjusted,1.0,0.0,0.1,0.7,20,False,service-rate guardrail,0.00020883831147642252
B: wait-adjusted,1.0,0.02,0.0,0.45,0,False,objective does not beat FCFS,0.0
B: wait-adjusted,1.0,0.02,0.0,0.55,0,False,objective does not beat FCFS,0.0
B: wait-adjusted,1.0,0.02,0.0,0.65,0,False,service-rate guardrail,0.0
B: wait-adjusted,1.0,0.02,0.0,0.7,0,False,service-rate guardrail,0.0
B: wait-adjusted,1.0,0.02,0.02,0.45,0,False,objective does not beat FCFS,0.0
B: wait-adjusted,1.0,0.02,0.02,0.55,0,False,objective does not beat FCFS,0.0
B: wait-adjusted,1.0,0.02,0.02,0.65,0,False,service-rate guardrail,0.0
B: wait-adjusted,1.0,0.02,0.02,0.7,0,False,service-rate guardrail,0.0
B: wait-adjusted,1.0,0.02,0.05,0.45,0,False,objective does not beat FCFS,0.0
B: wait-adjusted,1.0,0.02,0.05,0.55,0,False,objective does not beat FCFS,0.0
B: wait-adjusted,1.0,0.02,0.05,0.65,0,False,service-rate guardrail,0.0
B: wait-adjusted,1.0,0.02,0.05,0.7,0,False,service-rate guardrail,0.0
B: wait-adjusted,1.0,0.02,0.1,0.45,0,False,objective does not beat FCFS,0.0
B: wait-adjusted,1.0,0.02,0.1,0.55,0,False,objective does not beat FCFS,0.0
B: wait-adjusted,1.0,0.02,0.1,0.65,0,False,service-rate guardrail,0.0
B: wait-adjusted,1.0,0.02,0.1,0.7,0,False,service-rate guardrail,0.0
B: wait-adjusted,1.0,0.05,0.0,0.45,0,False,objective does not beat FCFS,0.0
B: wait-adjusted,1.0,0.05,0.0,0.55,0,False,objective does not beat FCFS,0.0
B: wait-adjusted,1.0,0.05,0.0,0.65,0,False,service-rate guardrail,0.0
B: wait-adjusted,1.0,0.05,0.0,0.7,0,False,service-rate guardrail,0.0
B: wait-adjusted,1.0,0.05,0.02,0.45,0,False,objective does not beat FCFS,0.0
B: wait-adjusted,1.0,0.05,0.02,0.55,0,False,objective does not beat FCFS,0.0
B: wait-adjusted,1.0,0.05,0.02,0.65,0,False,service-rate guardrail,0.0
B: wait-adjusted,1.0,0.05,0.02,0.7,0,False,service-rate guardrail,0.0
B: wait-adjusted,1.0,0.05,0.05,0.45,0,False,objective does not beat FCFS,0.0
B: wait-adjusted,1.0,0.05,0.05,0.55,0,False,objective does not beat FCFS,0.0
B: wait-adjusted,1.0,0.05,0.05,0.65,0,False,service-rate guardrail,0.0
B: wait-adjusted,1.0,0.05,0.05,0.7,0,False,service-rate guardrail,0.0
B: wait-adjusted,1.0,0.05,0.1,0.45,0,False,objective does not beat FCFS,0.0
B: wait-adjusted,1.0,0.05,0.1,0.55,0,False,objective does not beat FCFS,0.0
B: wait-adjusted,1.0,0.05,0.1,0.65,0,False,service-rate guardrail,0.0
B: wait-adjusted,1.0,0.05,0.1,0.7,0,False,service-rate guardrail,0.0
B: wait-adjusted,1.0,0.1,0.0,0.45,0,False,objective does not beat FCFS,0.0
B: wait-adjusted,1.0,0.1,0.0,0.55,0,False,objective does not beat FCFS,0.0
B: wait-adjusted,1.0,0.1,0.0,0.65,0,False,service-rate guardrail,0.0
B: wait-adjusted,1.0,0.1,0.0,0.7,0,False,service-rate guardrail,0.0
B: wait-adjusted,1.0,0.1,0.02,0.45,0,False,objective does not beat FCFS,0.0
B: wait-adjusted,1.0,0.1,0.02,0.55,0,False,objective does not beat FCFS,0.0
B: wait-adjusted,1.0,0.1,0.02,0.65,0,False,service-rate guardrail,0.0
B: wait-adjusted,1.0,0.1,0.02,0.7,0,False,service-rate guardrail,0.0
B: wait-adjusted,1.0,0.1,0.05,0.45,0,False,objective does not beat FCFS,0.0
B: wait-adjusted,1.0,0.1,0.05,0.55,0,False,objective does not beat FCFS,0.0
B: wait-adjusted,1.0,0.1,0.05,0.65,0,False,service-rate guardrail,0.0
B: wait-adjusted,1.0,0.1,0.05,0.7,0,False,service-rate guardrail,0.0
B: wait-adjusted,1.0,0.1,0.1,0.45,0,False,objective does not beat FCFS,0.0
B: wait-adjusted,1.0,0.1,0.1,0.55,0,False,objective does not beat FCFS,0.0
B: wait-adjusted,1.0,0.1,0.1,0.65,0,False,service-rate guardrail,0.0
B: wait-adjusted,1.0,0.1,0.1,0.7,0,False,service-rate guardrail,0.0
B: wait-adjusted,1.25,0.0,0.0,0.45,16,True,none,0.009023972602739683
B: wait-adjusted,1.25,0.0,0.0,0.55,12,True,none,0.0017080479452054487
B: wait-adjusted,1.25,0.0,0.0,0.65,24,False,service-rate guardrail,0.06021832191780811
B: wait-adjusted,1.25,0.0,0.0,0.7,24,False,service-rate guardrail,0.06021832191780811
B: wait-adjusted,1.25,0.0,0.02,0.45,16,True,none,0.009026011453360638
B: wait-adjusted,1.25,0.0,0.02,0.55,12,True,none,0.0017273372566614764
B: wait-adjusted,1.25,0.0,0.02,0.65,24,False,service-rate guardrail,0.06097228367271144
B: wait-adjusted,1.25,0.0,0.02,0.7,24,False,service-rate guardrail,0.06097228367271144
B: wait-adjusted,1.25,0.0,0.05,0.45,16,True,none,0.009029069729292027
B: wait-adjusted,1.25,0.0,0.05,0.55,12,True,none,0.0017562712238454292
B: wait-adjusted,1.25,0.0,0.05,0.65,24,False,service-rate guardrail,0.06210322630506635
B: wait-adjusted,1.25,0.0,0.05,0.7,24,False,service-rate guardrail,0.06210322630506635
B: wait-adjusted,1.25,0.0,0.1,0.45,16,True,none,0.00903416685584455
B: wait-adjusted,1.25,0.0,0.1,0.55,12,True,none,0.0018044945024854985
B: wait-adjusted,1.25,0.0,0.1,0.65,24,False,service-rate guardrail,0.06398813069232467
B: wait-adjusted,1.25,0.0,0.1,0.7,24,False,service-rate guardrail,0.06398813069232467
B: wait-adjusted,1.25,0.02,0.0,0.45,0,False,objective does not beat FCFS,0.0
B: wait-adjusted,1.25,0.02,0.0,0.55,0,False,objective does not beat FCFS,0.0
B: wait-adjusted,1.25,0.02,0.0,0.65,24,False,service-rate guardrail,0.04521832191780821
B: wait-adjusted,1.25,0.02,0.0,0.7,24,False,service-rate guardrail,0.04521832191780821
B: wait-adjusted,1.25,0.02,0.02,0.45,0,False,objective does not beat FCFS,0.0
B: wait-adjusted,1.25,0.02,0.02,0.55,0,False,objective does not beat FCFS,0.0
B: wait-adjusted,1.25,0.02,0.02,0.65,24,False,service-rate guardrail,0.045972283672711535
B: wait-adjusted,1.25,0.02,0.02,0.7,24,False,service-rate guardrail,0.045972283672711535
B: wait-adjusted,1.25,0.02,0.05,0.45,0,False,objective does not beat FCFS,0.0
B: wait-adjusted,1.25,0.02,0.05,0.55,0,False,objective does not beat FCFS,0.0
B: wait-adjusted,1.25,0.02,0.05,0.65,24,False,service-rate guardrail,0.04710322630506645
B: wait-adjusted,1.25,0.02,0.05,0.7,24,False,service-rate guardrail,0.04710322630506645
B: wait-adjusted,1.25,0.02,0.1,0.45,0,False,objective does not beat FCFS,0.0
B: wait-adjusted,1.25,0.02,0.1,0.55,0,False,objective does not beat FCFS,0.0
B: wait-adjusted,1.25,0.02,0.1,0.65,24,False,service-rate guardrail,0.04898813069232477
B: wait-adjusted,1.25,0.02,0.1,0.7,24,False,service-rate guardrail,0.04898813069232477
B: wait-adjusted,1.25,0.05,0.0,0.45,0,False,objective does not beat FCFS,0.0
B: wait-adjusted,1.25,0.05,0.0,0.55,0,False,objective does not beat FCFS,0.0
B: wait-adjusted,1.25,0.05,0.0,0.65,24,False,service-rate guardrail,0.022718321917808027
B: wait-adjusted,1.25,0.05,0.0,0.7,24,False,service-rate guardrail,0.022718321917808027
B: wait-adjusted,1.25,0.05,0.02,0.45,0,False,objective does not beat FCFS,0.0
B: wait-adjusted,1.25,0.05,0.02,0.55,0,False,objective does not beat FCFS,0.0
B: wait-adjusted,1.25,0.05,0.02,0.65,24,False,service-rate guardrail,0.02347228367271135
B: wait-adjusted,1.25,0.05,0.02,0.7,24,False,service-rate guardrail,0.02347228367271135
B: wait-adjusted,1.25,0.05,0.05,0.45,0,False,objective does not beat FCFS,0.0
B: wait-adjusted,1.25,0.05,0.05,0.55,0,False,objective does not beat FCFS,0.0
B: wait-adjusted,1.25,0.05,0.05,0.65,24,False,service-rate guardrail,0.024603226305066263
B: wait-adjusted,1.25,0.05,0.05,0.7,24,False,service-rate guardrail,0.024603226305066263
B: wait-adjusted,1.25,0.05,0.1,0.45,0,False,objective does not beat FCFS,0.0
B: wait-adjusted,1.25,0.05,0.1,0.55,0,False,objective does not beat FCFS,0.0
B: wait-adjusted,1.25,0.05,0.1,0.65,24,False,service-rate guardrail,0.026488130692324585
B: wait-adjusted,1.25,0.05,0.1,0.7,24,False,service-rate guardrail,0.026488130692324585
B: wait-adjusted,1.25,0.1,0.0,0.45,0,False,objective does not beat FCFS,0.0
B: wait-adjusted,1.25,0.1,0.0,0.55,0,False,objective does not beat FCFS,0.0
B: wait-adjusted,1.25,0.1,0.0,0.65,0,False,service-rate guardrail,0.0
B: wait-adjusted,1.25,0.1,0.0,0.7,0,False,service-rate guardrail,0.0
B: wait-adjusted,1.25,0.1,0.02,0.45,0,False,objective does not beat FCFS,0.0
B: wait-adjusted,1.25,0.1,0.02,0.55,0,False,objective does not beat FCFS,0.0
B: wait-adjusted,1.25,0.1,0.02,0.65,0,False,service-rate guardrail,0.0
B: wait-adjusted,1.25,0.1,0.02,0.7,0,False,service-rate guardrail,0.0
B: wait-adjusted,1.25,0.1,0.05,0.45,0,False,objective does not beat FCFS,0.0
B: wait-adjusted,1.25,0.1,0.05,0.55,0,False,objective does not beat FCFS,0.0
B: wait-adjusted,1.25,0.1,0.05,0.65,0,False,service-rate guardrail,0.0
B: wait-adjusted,1.25,0.1,0.05,0.7,0,False,service-rate guardrail,0.0
B: wait-adjusted,1.25,0.1,0.1,0.45,0,False,objective does not beat FCFS,0.0
B: wait-adjusted,1.25,0.1,0.1,0.55,0,False,objective does not beat FCFS,0.0
B: wait-adjusted,1.25,0.1,0.1,0.65,0,False,service-rate guardrail,0.0
B: wait-adjusted,1.25,0.1,0.1,0.7,0,False,service-rate guardrail,0.0
B: wait-adjusted,1.5,0.0,0.0,0.45,16,True,none,0.018202054794520618
B: wait-adjusted,1.5,0.0,0.0,0.55,12,True,none,0.0034332191780822806
B: wait-adjusted,1.5,0.0,0.0,0.65,24,False,service-rate guardrail,0.12189212328767125
B: wait-adjusted,1.5,0.0,0.0,0.7,24,False,service-rate guardrail,0.12189212328767125
B: wait-adjusted,1.5,0.0,0.02,0.45,16,True,none,0.018297947258943913
B: wait-adjusted,1.5,0.0,0.02,0.55,12,True,none,0.003468137968043861
B: wait-adjusted,1.5,0.0,0.02,0.65,24,False,service-rate guardrail,0.1231552617415728
B: wait-adjusted,1.5,0.0,0.02,0.7,24,False,service-rate guardrail,0.1231552617415728
B: wait-adjusted,1.5,0.0,0.05,0.45,16,True,none,0.018441785955578903
B: wait-adjusted,1.5,0.0,0.05,0.55,12,True,none,0.0035205161529862305
B: wait-adjusted,1.5,0.0,0.05,0.65,24,False,service-rate guardrail,0.1250499694224252
B: wait-adjusted,1.5,0.0,0.05,0.7,24,False,service-rate guardrail,0.1250499694224252
B: wait-adjusted,1.5,0.0,0.1,0.45,16,True,none,0.018681517116637146
B: wait-adjusted,1.5,0.0,0.1,0.55,12,True,none,0.003607813127890136
B: wait-adjusted,1.5,0.0,0.1,0.65,24,False,service-rate guardrail,0.12820781555717917
B: wait-adjusted,1.5,0.0,0.1,0.7,24,False,service-rate guardrail,0.12820781555717917
B: wait-adjusted,1.5,0.02,0.0,0.45,16,True,none,0.008202054794520608
B: wait-adjusted,1.5,0.02,0.0,0.55,0,False,objective does not beat FCFS,0.0
B: wait-adjusted,1.5,0.02,0.0,0.65,24,False,service-rate guardrail,0.10689212328767135
B: wait-adjusted,1.5,0.02,0.0,0.7,24,False,service-rate guardrail,0.10689212328767135
B: wait-adjusted,1.5,0.02,0.02,0.45,16,True,none,0.008297947258943904
B: wait-adjusted,1.5,0.02,0.02,0.55,0,False,objective does not beat FCFS,0.0
B: wait-adjusted,1.5,0.02,0.02,0.65,24,False,service-rate guardrail,0.1081552617415729
B: wait-adjusted,1.5,0.02,0.02,0.7,24,False,service-rate guardrail,0.1081552617415729
B: wait-adjusted,1.5,0.02,0.05,0.45,16,True,none,0.008441785955578896
B: wait-adjusted,1.5,0.02,0.05,0.55,0,False,objective does not beat FCFS,0.0
B: wait-adjusted,1.5,0.02,0.05,0.65,24,False,service-rate guardrail,0.11004996942242529
B: wait-adjusted,1.5,0.02,0.05,0.7,24,False,service-rate guardrail,0.11004996942242529
B: wait-adjusted,1.5,0.02,0.1,0.45,16,True,none,0.008681517116637139
B: wait-adjusted,1.5,0.02,0.1,0.55,0,False,objective does not beat FCFS,0.0
B: wait-adjusted,1.5,0.02,0.1,0.65,24,False,service-rate guardrail,0.11320781555717926
B: wait-adjusted,1.5,0.02,0.1,0.7,24,False,service-rate guardrail,0.11320781555717926
B: wait-adjusted,1.5,0.05,0.0,0.45,0,False,objective does not beat FCFS,0.0
B: wait-adjusted,1.5,0.05,0.0,0.55,0,False,objective does not beat FCFS,0.0
B: wait-adjusted,1.5,0.05,0.0,0.65,24,False,service-rate guardrail,0.08439212328767116
B: wait-adjusted,1.5,0.05,0.0,0.7,24,False,service-rate guardrail,0.08439212328767116
B: wait-adjusted,1.5,0.05,0.02,0.45,0,False,objective does not beat FCFS,0.0
B: wait-adjusted,1.5,0.05,0.02,0.55,0,False,objective does not beat FCFS,0.0
B: wait-adjusted,1.5,0.05,0.02,0.65,24,False,service-rate guardrail,0.08565526174157272
B: wait-adjusted,1.5,0.05,0.02,0.7,24,False,service-rate guardrail,0.08565526174157272
B: wait-adjusted,1.5,0.05,0.05,0.45,0,False,objective does not beat FCFS,0.0
B: wait-adjusted,1.5,0.05,0.05,0.55,0,False,objective does not beat FCFS,0.0
B: wait-adjusted,1.5,0.05,0.05,0.65,24,False,service-rate guardrail,0.0875499694224251
B: wait-adjusted,1.5,0.05,0.05,0.7,24,False,service-rate guardrail,0.0875499694224251
B: wait-adjusted,1.5,0.05,0.1,0.45,0,False,objective does not beat FCFS,0.0
B: wait-adjusted,1.5,0.05,0.1,0.55,0,False,objective does not beat FCFS,0.0
B: wait-adjusted,1.5,0.05,0.1,0.65,24,False,service-rate guardrail,0.09070781555717908
B: wait-adjusted,1.5,0.05,0.1,0.7,24,False,service-rate guardrail,0.09070781555717908
B: wait-adjusted,1.5,0.1,0.0,0.45,0,False,objective does not beat FCFS,0.0
B: wait-adjusted,1.5,0.1,0.0,0.55,0,False,objective does not beat FCFS,0.0
B: wait-adjusted,1.5,0.1,0.0,0.65,24,False,service-rate guardrail,0.0468921232876713
B: wait-adjusted,1.5,0.1,0.0,0.7,24,False,service-rate guardrail,0.0468921232876713
B: wait-adjusted,1.5,0.1,0.02,0.45,0,False,objective does not beat FCFS,0.0
B: wait-adjusted,1.5,0.1,0.02,0.55,0,False,objective does not beat FCFS,0.0
B: wait-adjusted,1.5,0.1,0.02,0.65,24,False,service-rate guardrail,0.04815526174157285
B: wait-adjusted,1.5,0.1,0.02,0.7,24,False,service-rate guardrail,0.04815526174157285
B: wait-adjusted,1.5,0.1,0.05,0.45,0,False,objective does not beat FCFS,0.0
B: wait-adjusted,1.5,0.1,0.05,0.55,0,False,objective does not beat FCFS,0.0
B: wait-adjusted,1.5,0.1,0.05,0.65,24,False,service-rate guardrail,0.05004996942242523
B: wait-adjusted,1.5,0.1,0.05,0.7,24,False,service-rate guardrail,0.05004996942242523
B: wait-adjusted,1.5,0.1,0.1,0.45,0,False,objective does not beat FCFS,0.0
B: wait-adjusted,1.5,0.1,0.1,0.55,0,False,objective does not beat FCFS,0.0
B: wait-adjusted,1.5,0.1,0.1,0.65,24,False,service-rate guardrail,0.05320781555717922
B: wait-adjusted,1.5,0.1,0.1,0.7,24,False,service-rate guardrail,0.05320781555717922
B: wait-adjusted,2.0,0.0,0.0,0.45,16,True,none,0.03655821917808226
B: wait-adjusted,2.0,0.0,0.0,0.55,12,True,none,0.006883561643835678
B: wait-adjusted,2.0,0.0,0.0,0.65,24,False,service-rate guardrail,0.2452397260273973
B: wait-adjusted,2.0,0.0,0.0,0.7,24,False,service-rate guardrail,0.2452397260273973
B: wait-adjusted,2.0,0.0,0.02,0.45,16,True,none,0.0367947694192754
B: wait-adjusted,2.0,0.0,0.02,0.55,12,True,none,0.006941899365280735
B: wait-adjusted,2.0,0.0,0.02,0.65,24,False,service-rate guardrail,0.24726584024603643
B: wait-adjusted,2.0,0.0,0.02,0.7,24,False,service-rate guardrail,0.24726584024603643
B: wait-adjusted,2.0,0.0,0.05,0.45,16,True,none,0.0371495947810649
B: wait-adjusted,2.0,0.0,0.05,0.55,12,True,none,0.007029405947448231
B: wait-adjusted,2.0,0.0,0.05,0.65,24,False,service-rate guardrail,0.250305011573995
B: wait-adjusted,2.0,0.0,0.05,0.7,24,False,service-rate guardrail,0.250305011573995
B: wait-adjusted,2.0,0.0,0.1,0.45,16,True,none,0.0377409703840478
B: wait-adjusted,2.0,0.0,0.1,0.55,12,True,none,0.007175250251061005
B: wait-adjusted,2.0,0.0,0.1,0.65,24,False,service-rate guardrail,0.25537029712059295
B: wait-adjusted,2.0,0.0,0.1,0.7,24,False,service-rate guardrail,0.25537029712059295
B: wait-adjusted,2.0,0.02,0.0,0.45,16,True,none,0.026558219178082255
B: wait-adjusted,2.0,0.02,0.0,0.55,0,False,objective does not beat FCFS,0.0
B: wait-adjusted,2.0,0.02,0.0,0.65,24,False,service-rate guardrail,0.2302397260273974
B: wait-adjusted,2.0,0.02,0.0,0.7,24,False,service-rate guardrail,0.2302397260273974
B: wait-adjusted,2.0,0.02,0.02,0.45,16,True,none,0.026794769419275388
B: wait-adjusted,2.0,0.02,0.02,0.55,0,False,objective does not beat FCFS,0.0
B: wait-adjusted,2.0,0.02,0.02,0.65,24,False,service-rate guardrail,0.23226584024603653
B: wait-adjusted,2.0,0.02,0.02,0.7,24,False,service-rate guardrail,0.23226584024603653
B: wait-adjusted,2.0,0.02,0.05,0.45,16,True,none,0.02714959478106489
B: wait-adjusted,2.0,0.02,0.05,0.55,0,False,objective does not beat FCFS,0.0
B: wait-adjusted,2.0,0.02,0.05,0.65,24,False,service-rate guardrail,0.2353050115739951
B: wait-adjusted,2.0,0.02,0.05,0.7,24,False,service-rate guardrail,0.2353050115739951
B: wait-adjusted,2.0,0.02,0.1,0.45,16,True,none,0.02774097038404779
B: wait-adjusted,2.0,0.02,0.1,0.55,0,False,objective does not beat FCFS,0.0
B: wait-adjusted,2.0,0.02,0.1,0.65,24,False,service-rate guardrail,0.24037029712059305
B: wait-adjusted,2.0,0.02,0.1,0.7,24,False,service-rate guardrail,0.24037029712059305
B: wait-adjusted,2.0,0.05,0.0,0.45,16,True,none,0.011558219178082352
B: wait-adjusted,2.0,0.05,0.0,0.55,0,False,objective does not beat FCFS,0.0
B: wait-adjusted,2.0,0.05,0.0,0.65,24,False,service-rate guardrail,0.2077397260273972
B: wait-adjusted,2.0,0.05,0.0,0.7,24,False,service-rate guardrail,0.2077397260273972
B: wait-adjusted,2.0,0.05,0.02,0.45,16,True,none,0.011794769419275486
B: wait-adjusted,2.0,0.05,0.02,0.55,0,False,objective does not beat FCFS,0.0
B: wait-adjusted,2.0,0.05,0.02,0.65,24,False,service-rate guardrail,0.20976584024603634
B: wait-adjusted,2.0,0.05,0.02,0.7,24,False,service-rate guardrail,0.20976584024603634
B: wait-adjusted,2.0,0.05,0.05,0.45,16,True,none,0.012149594781064987
B: wait-adjusted,2.0,0.05,0.05,0.55,0,False,objective does not beat FCFS,0.0
B: wait-adjusted,2.0,0.05,0.05,0.65,24,False,service-rate guardrail,0.21280501157399492
B: wait-adjusted,2.0,0.05,0.05,0.7,24,False,service-rate guardrail,0.21280501157399492
B: wait-adjusted,2.0,0.05,0.1,0.45,16,True,none,0.01274097038404789
B: wait-adjusted,2.0,0.05,0.1,0.55,0,False,objective does not beat FCFS,0.0
B: wait-adjusted,2.0,0.05,0.1,0.65,24,False,service-rate guardrail,0.21787029712059286
B: wait-adjusted,2.0,0.05,0.1,0.7,24,False,service-rate guardrail,0.21787029712059286
B: wait-adjusted,2.0,0.1,0.0,0.45,0,False,objective does not beat FCFS,0.0
B: wait-adjusted,2.0,0.1,0.0,0.55,0,False,objective does not beat FCFS,0.0
B: wait-adjusted,2.0,0.1,0.0,0.65,24,False,service-rate guardrail,0.17023972602739734
B: wait-adjusted,2.0,0.1,0.0,0.7,24,False,service-rate guardrail,0.17023972602739734
B: wait-adjusted,2.0,0.1,0.02,0.45,0,False,objective does not beat FCFS,0.0
B: wait-adjusted,2.0,0.1,0.02,0.55,0,False,objective does not beat FCFS,0.0
B: wait-adjusted,2.0,0.1,0.02,0.65,24,False,service-rate guardrail,0.17226584024603647
B: wait-adjusted,2.0,0.1,0.02,0.7,24,False,service-rate guardrail,0.17226584024603647
B: wait-adjusted,2.0,0.1,0.05,0.45,0,False,objective does not beat FCFS,0.0
B: wait-adjusted,2.0,0.1,0.05,0.55,0,False,objective does not beat FCFS,0.0
B: wait-adjusted,2.0,0.1,0.05,0.65,24,False,service-rate guardrail,0.17530501157399506
B: wait-adjusted,2.0,0.1,0.05,0.7,24,False,service-rate guardrail,0.17530501157399506
B: wait-adjusted,2.0,0.1,0.1,0.45,0,False,objective does not beat FCFS,0.0
B: wait-adjusted,2.0,0.1,0.1,0.55,0,False,objective does not beat FCFS,0.0
B: wait-adjusted,2.0,0.1,0.1,0.65,24,False,service-rate guardrail,0.180370297120593
B: wait-adjusted,2.0,0.1,0.1,0.7,24,False,service-rate guardrail,0.180370297120593
B: wait-adjusted,3.0,0.0,0.0,0.45,16,True,none,0.07327054794520542
B: wait-adjusted,3.0,0.0,0.0,0.55,12,True,none,0.013784246575342518
B: wait-adjusted,3.0,0.0,0.0,0.65,24,False,service-rate guardrail,0.4919349315068494
B: wait-adjusted,3.0,0.0,0.0,0.7,24,False,service-rate guardrail,0.4919349315068494
B: wait-adjusted,3.0,0.0,0.02,0.45,16,True,none,0.07368271395360226
B: wait-adjusted,3.0,0.0,0.02,0.55,12,True,none,0.013871815534335497
B: wait-adjusted,3.0,0.0,0.02,0.65,24,False,service-rate guardrail,0.49491345069113885
B: wait-adjusted,3.0,0.0,0.02,0.7,24,False,service-rate guardrail,0.49491345069113885
B: wait-adjusted,3.0,0.0,0.05,0.45,16,True,none,0.07430096296619752
B: wait-adjusted,3.0,0.0,0.05,0.55,12,True,none,0.014003168972824876
B: wait-adjusted,3.0,0.0,0.05,0.65,24,False,service-rate guardrail,0.49938122946757274
B: wait-adjusted,3.0,0.0,0.05,0.7,24,False,service-rate guardrail,0.49938122946757274
B: wait-adjusted,3.0,0.0,0.1,0.45,16,True,none,0.07533137798718958
B: wait-adjusted,3.0,0.0,0.1,0.55,12,True,none,0.014222091370307144
B: wait-adjusted,3.0,0.0,0.1,0.65,24,False,service-rate guardrail,0.5068275274282958
B: wait-adjusted,3.0,0.0,0.1,0.7,24,False,service-rate guardrail,0.5068275274282958
B: wait-adjusted,3.0,0.02,0.0,0.45,16,True,none,0.06327054794520563
B: wait-adjusted,3.0,0.02,0.0,0.55,12,True,none,0.006284246575342678
B: wait-adjusted,3.0,0.02,0.0,0.65,24,False,service-rate guardrail,0.4769349315068493
B: wait-adjusted,3.0,0.02,0.0,0.7,24,False,service-rate guardrail,0.4769349315068493
B: wait-adjusted,3.0,0.02,0.02,0.45,16,True,none,0.06368271395360248
B: wait-adjusted,3.0,0.02,0.02,0.55,12,True,none,0.006371815534335701
B: wait-adjusted,3.0,0.02,0.02,0.65,24,False,service-rate guardrail,0.4799134506911387
B: wait-adjusted,3.0,0.02,0.02,0.7,24,False,service-rate guardrail,0.4799134506911387
B: wait-adjusted,3.0,0.02,0.05,0.45,16,True,none,0.06430096296619774
B: wait-adjusted,3.0,0.02,0.05,0.55,12,True,none,0.006503168972825035
B: wait-adjusted,3.0,0.02,0.05,0.65,24,False,service-rate guardrail,0.4843812294675727
B: wait-adjusted,3.0,0.02,0.05,0.7,24,False,service-rate guardrail,0.4843812294675727
B: wait-adjusted,3.0,0.02,0.1,0.45,16,True,none,0.0653313779871898
B: wait-adjusted,3.0,0.02,0.1,0.55,12,True,none,0.006722091370307303
B: wait-adjusted,3.0,0.02,0.1,0.65,24,False,service-rate guardrail,0.49182752742829583
B: wait-adjusted,3.0,0.02,0.1,0.7,24,False,service-rate guardrail,0.49182752742829583
B: wait-adjusted,3.0,0.05,0.0,0.45,16,True,none,0.04827054794520551
B: wait-adjusted,3.0,0.05,0.0,0.55,0,False,objective does not beat FCFS,0.0
B: wait-adjusted,3.0,0.05,0.0,0.65,24,False,service-rate guardrail,0.4544349315068493
B: wait-adjusted,3.0,0.05,0.0,0.7,24,False,service-rate guardrail,0.4544349315068493
B: wait-adjusted,3.0,0.05,0.02,0.45,16,True,none,0.04868271395360235
B: wait-adjusted,3.0,0.05,0.02,0.55,0,False,objective does not beat FCFS,0.0
B: wait-adjusted,3.0,0.05,0.02,0.65,24,False,service-rate guardrail,0.45741345069113876
B: wait-adjusted,3.0,0.05,0.02,0.7,24,False,service-rate guardrail,0.45741345069113876
B: wait-adjusted,3.0,0.05,0.05,0.45,16,True,none,0.04930096296619761
B: wait-adjusted,3.0,0.05,0.05,0.55,0,False,objective does not beat FCFS,0.0
B: wait-adjusted,3.0,0.05,0.05,0.65,24,False,service-rate guardrail,0.46188122946757276
B: wait-adjusted,3.0,0.05,0.05,0.7,24,False,service-rate guardrail,0.46188122946757276
B: wait-adjusted,3.0,0.05,0.1,0.45,16,True,none,0.050331377987189674
B: wait-adjusted,3.0,0.05,0.1,0.55,0,False,objective does not beat FCFS,0.0
B: wait-adjusted,3.0,0.05,0.1,0.65,24,False,service-rate guardrail,0.46932752742829587
B: wait-adjusted,3.0,0.05,0.1,0.7,24,False,service-rate guardrail,0.46932752742829587
B: wait-adjusted,3.0,0.1,0.0,0.45,16,True,none,0.0232705479452056
B: wait-adjusted,3.0,0.1,0.0,0.55,0,False,objective does not beat FCFS,0.0
B: wait-adjusted,3.0,0.1,0.0,0.65,24,False,service-rate guardrail,0.41693493150684924
B: wait-adjusted,3.0,0.1,0.0,0.7,24,False,service-rate guardrail,0.41693493150684924
B: wait-adjusted,3.0,0.1,0.02,0.45,16,True,none,0.02368271395360244
B: wait-adjusted,3.0,0.1,0.02,0.55,0,False,objective does not beat FCFS,0.0
B: wait-adjusted,3.0,0.1,0.02,0.65,24,False,service-rate guardrail,0.41991345069113867
B: wait-adjusted,3.0,0.1,0.02,0.7,24,False,service-rate guardrail,0.41991345069113867
B: wait-adjusted,3.0,0.1,0.05,0.45,16,True,none,0.024300962966197704
B: wait-adjusted,3.0,0.1,0.05,0.55,0,False,objective does not beat FCFS,0.0
B: wait-adjusted,3.0,0.1,0.05,0.65,24,False,service-rate guardrail,0.42438122946757256
B: wait-adjusted,3.0,0.1,0.05,0.7,24,False,service-rate guardrail,0.42438122946757256
B: wait-adjusted,3.0,0.1,0.1,0.45,16,True,none,0.025331377987189672
B: wait-adjusted,3.0,0.1,0.1,0.55,0,False,objective does not beat FCFS,0.0
B: wait-adjusted,3.0,0.1,0.1,0.65,24,False,service-rate guardrail,0.4318275274282957
B: wait-adjusted,3.0,0.1,0.1,0.7,24,False,service-rate guardrail,0.4318275274282957
