config,label,seed,average_utilization,overall_percent_serviced,total_served,total_value,mean_accepted_booking_delay,mean_offered_booking_delay,overall_balking_rate,total_arrivals,total_booked,total_offered,total_balked,total_no_offer,total_canceled,total_no_show,total_unresolved_booked,class_1_served_rate,class_2_served_rate,access_gap
sym,Symmetric baseline,1,0.920821917808218,0.7757009345794392,6806,8386.0,10.366834760173566,10.360724868930932,0.02815135627991794,8774,8527,8774,247,0,1150,571,0,0.775198297543045,0.7764216366158114,-0.001223339072766394
sym,Symmetric baseline,2,0.9220547945205458,0.7798038084246971,6757,8377.0,10.39485285356845,10.389728793998845,0.03139065204847086,8665,8393,8665,272,0,1061,575,0,0.7810276679841898,0.7780859916782247,0.0029416763059650908
sym,Symmetric baseline,3,0.9160273972602718,0.7842525147415886,6783,8319.0,9.134082217973232,9.135738235634177,0.03248930512197942,8649,8368,8649,281,0,967,618,0,0.7823946435604568,0.7868944273312798,-0.0044997837708229405
sym,Symmetric baseline,4,0.91780821917808,0.7710884353741496,6801,8358.0,11.113845794937594,11.113718820861678,0.02800453514739229,8820,8573,8820,247,0,1169,603,0,0.7704500978473581,0.7719676549865229,-0.0015175571391647935
sym,Symmetric baseline,5,0.9165753424657515,0.7745981073993843,6794,8339.0,10.314775663612872,10.32242617717478,0.029301105917227226,8771,8514,8771,257,0,1102,618,0,0.778101905873201,0.7696335078534031,0.00846839801979793
sym,Symmetric baseline,6,0.9216438356164369,0.7861117551588221,6781,8374.0,9.660933954377164,9.660329237189892,0.029329932761418966,8626,8373,8626,253,0,1011,581,0,0.7838055053244927,0.7892573307755549,-0.005451825451062264
sym,Symmetric baseline,7,0.9252054794520524,0.7847430283475455,6810,8423.0,10.23226571767497,10.234961972804793,0.028578013367135283,8678,8430,8678,248,0,1071,549,0,0.7880924402663533,0.7799552071668533,0.008137233099499985
sym,Symmetric baseline,8,0.9228767123287649,0.7762619372442019,6828,8395.0,10.739948271808135,10.7399954524784,0.032969531605275125,8796,8506,8796,290,0,1106,572,0,0.7786820166732831,0.7730175625332624,0.005664454140020703
sym,Symmetric baseline,9,0.9183561643835599,0.7710253783999089,6775,8348.0,10.515361163227016,10.513258222373961,0.029475361329236373,8787,8528,8787,259,0,1150,603,0,0.7709551656920078,0.771123872026251,-0.00016870633424315162
sym,Symmetric baseline,10,0.9199999999999978,0.771838034576888,6786,8376.0,10.632875747976065,10.617834394904458,0.03059599636032757,8792,8523,8792,269,0,1147,590,0,0.7769276044732195,0.7648173207036536,0.01211028376956591
sym,Symmetric baseline,11,0.9208219178082168,0.7775382870107771,6854,8380.0,10.37194908326521,10.377538287010777,0.028587634713556437,8815,8563,8815,252,0,1126,583,0,0.7748099044648079,0.781334780249593,-0.006524875784785111
sym,Symmetric baseline,12,0.9246575342465733,0.7775370581527936,6819,8394.0,10.619882352941177,10.615507411630558,0.03078677309007982,8770,8500,8770,270,0,1122,559,0,0.7809712586719524,0.7728859060402684,0.008085352631683973
sym,Symmetric baseline,13,0.9187671232876686,0.7779958439159548,6739,8353.0,10.180791631998098,10.178018933271762,0.028746247979681366,8662,8413,8662,249,0,1085,589,0,0.7794377825830549,0.7759440559440559,0.0034937266389989396
sym,Symmetric baseline,14,0.9173972602739702,0.7741715066621114,6798,8340.0,10.605797441614834,10.60938389705045,0.02960938389705045,8781,8521,8781,260,0,1118,605,0,0.7686596326690114,0.7818727818727819,-0.01321314920377048
sym,Symmetric baseline,15,0.9275342465753407,0.7822145725760183,6817,8429.0,10.047986696757334,10.04578313253012,0.033964429145152034,8715,8419,8715,296,0,1067,535,0,0.7835256665340231,0.7804283003523991,0.0030973661816240394
sym,Symmetric baseline,16,0.9189041095890395,0.7843951985226223,6796,8356.0,9.611223638746575,9.615535549399816,0.031278855032317636,8664,8393,8664,271,0,991,606,0,0.7833100975901215,0.7858907493823771,-0.0025806517922556393
sym,Symmetric baseline,17,0.9194520547945181,0.7642303805995284,6807,8373.0,11.547886508396063,11.553609520601773,0.03053777927472774,8907,8635,8907,272,0,1237,591,0,0.7591269074753718,0.7713136729222521,-0.012186765446880243
sym,Symmetric baseline,18,0.9145205479452041,0.7754022988505748,6746,8337.0,9.640843402037431,9.636091954022989,0.029655172413793104,8700,8442,8700,258,0,1073,623,0,0.7779299549990217,0.7718027305656172,0.006127224433404521
sym,Symmetric baseline,19,0.9199999999999982,0.7845959014506102,6815,8357.0,9.637095819021674,9.631475938291503,0.02797605341929542,8686,8443,8686,243,0,1032,596,0,0.7839968466692945,0.785437430786268,-0.0014405841169735645
sym,Symmetric baseline,20,0.9212328767123273,0.7721476131362148,6842,8334.0,10.147945524385985,10.142873264868525,0.030470601512244667,8861,8591,8861,270,0,1155,594,0,0.7711124053581829,0.7735849056603774,-0.0024725003021944802
sym,Symmetric baseline,21,0.9189041095890395,0.7840288271533186,6745,8364.0,9.409619767302386,9.4090433569685,0.030919446704637917,8603,8337,8603,266,0,996,596,0,0.7806721018095049,0.7887520984890879,-0.008079996679583035
sym,Symmetric baseline,22,0.9194520547945191,0.771671388101983,6810,8356.0,10.740901111761264,10.743342776203965,0.03172804532577904,8825,8545,8825,280,0,1147,588,0,0.7701923076923077,0.7737931034482759,-0.003600795755968167
sym,Symmetric baseline,23,0.9254794520547921,0.7693084867534801,6853,8416.0,11.185855072463768,11.185675797036371,0.031769196228109566,8908,8625,8908,283,0,1218,554,0,0.7604306864064603,0.7817642298354465,-0.02133354342898619
sym,Symmetric baseline,24,0.9199999999999982,0.7875866933113906,6700,8363.0,9.11756838905775,9.11896085576584,0.03314917127071823,8507,8225,8507,282,0,931,594,0,0.788961038961039,0.7856943280245878,0.003266710936451145
sym,Symmetric baseline,25,0.9256164383561626,0.7807057745187901,6814,8382.0,9.695482034863039,9.685036663611365,0.033799266727772684,8728,8433,8728,295,0,1064,555,0,0.7833103719740209,0.7770770496298327,0.0062333223441881636
sym,Symmetric baseline,26,0.9169863013698613,0.7699589416058394,6751,8341.0,9.904683260587472,9.914005474452555,0.03318886861313869,8768,8477,8768,291,0,1107,619,0,0.770559371933268,0.7691260549959161,0.001433316937351825
sym,Symmetric baseline,27,0.9213698630136965,0.7765401227551716,6832,8386.0,9.93838028169014,9.940554671516253,0.031598090475107976,8798,8520,8798,278,0,1108,580,0,0.7727360868722125,0.7819280417467729,-0.00919195487456037
sym,Symmetric baseline,28,0.9172602739726006,0.7665725578769057,6788,8361.0,10.835429769392034,10.844381705251271,0.030378317334839075,8855,8586,8855,269,0,1180,618,0,0.7656733746130031,0.7678329264985083,-0.0021595518855052065
sym,Symmetric baseline,29,0.9152054794520534,0.7701856280605853,6763,8331.0,10.053405481708035,10.045666780548913,0.031887028812208174,8781,8501,8781,280,0,1114,624,0,0.7725694444444444,0.7667500695023631,0.00581937494208129
sym,Symmetric baseline,30,0.9238356164383538,0.7840462427745665,6782,8386.0,9.945424213536702,9.951329479768786,0.02982658959537572,8650,8392,8650,258,0,1043,567,0,0.7870145631067961,0.7800863464651916,0.006928216641604479
+cancel,+Cancellation gap,1,0.9258904109589026,0.7832191780821918,6861,8405.0,10.612059828053233,10.615639269406392,0.030707762557077627,8760,8491,8760,269,0,1074,556,0,0.8103213242453748,0.7448275862068966,0.06549373803847824
+cancel,+Cancellation gap,2,0.9202739726027374,0.7830123796423659,6831,8360.0,10.723102388271458,10.721801925722145,0.03049060064190738,8724,8458,8724,266,0,1038,589,0,0.811698717948718,0.7446409431939979,0.06705777475472008
+cancel,+Cancellation gap,3,0.9226027397260258,0.780915508995673,6858,8384.0,10.882974973563623,10.890799362332043,0.03085857435663858,8782,8511,8782,271,0,1074,579,0,0.8050144648023144,0.746177370030581,0.05883709477173338
+cancel,+Cancellation gap,4,0.9204109589041077,0.7810637322329207,6814,8356.0,10.76929440964425,10.755845942228335,0.030146721687299403,8724,8461,8724,263,0,1054,593,0,0.8141278610891871,0.7352297592997812,0.07889810178940593
+cancel,+Cancellation gap,5,0.9204109589041072,0.7797210791037952,6821,8368.0,10.38608716192276,10.379058070416095,0.032121627800640144,8748,8467,8748,281,0,1048,598,0,0.8079561042524005,0.7401920438957476,0.06776406035665294
+cancel,+Cancellation gap,6,0.91808219178082,0.7632676056338028,6774,8349.0,11.700221110205982,11.699380281690141,0.03177464788732395,8875,8593,8875,282,0,1210,609,0,0.8043864848844102,0.7087047718930257,0.0956817129913845
+cancel,+Cancellation gap,7,0.9184931506849298,0.7730012509951097,6797,8372.0,11.453470677747864,11.457864210167179,0.028431707039690664,8793,8543,8793,250,0,1144,602,0,0.7916015625,0.7470732371358563,0.04452832536414375
+cancel,+Cancellation gap,8,0.9193150684931476,0.7828657546951078,6753,8360.0,10.462567164179104,10.467192209598887,0.029098075585439368,8626,8375,8626,251,0,1026,596,0,0.8105646630236795,0.7457259158751696,0.0648387471485099
+cancel,+Cancellation gap,9,0.9199999999999978,0.7828294484191092,6784,8368.0,10.545692216280452,10.545465035771983,0.028963766443572583,8666,8415,8666,251,0,1037,594,0,0.8071065989847716,0.7477426636568849,0.05936393532788664
+cancel,+Cancellation gap,10,0.9223287671232854,0.7847970648933731,6845,8404.0,10.748968282042211,10.747649621646412,0.02763127722999312,8722,8481,8722,241,0,1064,572,0,0.8199173391064751,0.7357868717385334,0.08413046736794172
+cancel,+Cancellation gap,11,0.9201369863013681,0.7844946931241348,6800,8368.0,10.06096397041279,10.067143516382096,0.03299492385786802,8668,8382,8668,286,0,986,596,0,0.8145590846320774,0.7421505973881634,0.07240848724391402
+cancel,+Cancellation gap,12,0.9168493150684909,0.7713536321131258,6764,8342.0,11.131343984962406,11.133994754247919,0.029307788801459688,8769,8512,8769,257,0,1134,614,0,0.8038221528861155,0.7256248283438615,0.07819732454225392
+cancel,+Cancellation gap,13,0.9210958904109577,0.7887225081890501,6742,8377.0,9.648201786145306,9.647168928404305,0.030650444548432382,8548,8286,8548,262,0,964,580,0,0.816798418972332,0.747993119266055,0.06880529970627691
+cancel,+Cancellation gap,14,0.9190410958904092,0.7793663502230356,6814,8344.0,10.663560221776573,10.66693354683747,0.03042433947157726,8743,8477,8743,266,0,1067,596,0,0.810245166434124,0.7377885131508319,0.0724566532832921
+cancel,+Cancellation gap,15,0.9267123287671203,0.7806907557278012,6849,8425.0,11.219988242210464,11.217371480679358,0.030548273110680497,8773,8505,8773,268,0,1112,544,0,0.8141075604053001,0.7335896731667124,0.08051788723858766
+cancel,+Cancellation gap,16,0.9230136986301349,0.7748986029743128,6878,8399.0,11.727810650887575,11.724538080216314,0.028954484001802613,8876,8619,8876,257,0,1167,574,0,0.7989571263035922,0.7412114656571119,0.057745660646480235
+cancel,+Cancellation gap,17,0.9161643835616421,0.7671695564062149,6814,8348.0,11.102722196370404,11.104818734519252,0.03219995496509795,8882,8596,8882,286,0,1166,616,0,0.8017774343122102,0.7188343227199137,0.0829431115922965
+cancel,+Cancellation gap,18,0.9194520547945179,0.7769248395967002,6781,8372.0,10.348330570684348,10.349450045829514,0.03230980751604033,8728,8446,8728,282,0,1080,585,0,0.8061544492355939,0.7357970215113072,0.07035742772428666
+cancel,+Cancellation gap,19,0.9183561643835592,0.7678492239467849,6926,8363.0,11.253707322680768,11.28580931263858,0.03558758314855876,9020,8699,9020,321,0,1164,609,0,0.805003819709702,0.7164376321353065,0.0885661875743955
+cancel,+Cancellation gap,20,0.921643835616437,0.7724578203374373,6776,8362.0,11.427262044653348,11.433994528043776,0.029867761057911536,8772,8510,8772,262,0,1162,572,0,0.7970277669143527,0.7381082558775287,0.058919511036824024
+cancel,+Cancellation gap,21,0.9178082191780803,0.7782359679266896,6794,8335.0,10.547963050686878,10.556471935853379,0.03276059564719359,8730,8444,8730,286,0,1045,605,0,0.8064012490241999,0.7382140876317249,0.06818716139247494
+cancel,+Cancellation gap,22,0.923835616438354,0.7878367441322697,6814,8385.0,10.522619047619047,10.511851081049832,0.02878945542837322,8649,8400,8649,249,0,1018,568,0,0.8127862975502887,0.7533076074972437,0.05947869005304507
+cancel,+Cancellation gap,23,0.9232876712328746,0.7780454232622162,6783,8408.0,11.07397747480735,11.076508373480156,0.032461573755448496,8718,8435,8718,283,0,1089,563,0,0.8145353455123113,0.7281368821292775,0.08639846338303381
+cancel,+Cancellation gap,24,0.919726027397258,0.7744773220610076,6779,8357.0,10.976131687242798,10.974408774134583,0.028333142922426596,8753,8505,8753,248,0,1134,592,0,0.8046267496111975,0.7315045719035744,0.07312217770762308
+cancel,+Cancellation gap,25,0.9212328767123266,0.7790417097552568,6780,8384.0,10.427811280595956,10.424451338618868,0.028266115132712856,8703,8457,8703,246,0,1102,575,0,0.8159203980099502,0.7286568787384448,0.08726351927150544
+cancel,+Cancellation gap,26,0.9158904109589022,0.7761624552901811,6727,8328.0,10.06707897240723,10.068651205722857,0.029883466020537673,8667,8408,8667,259,0,1062,619,0,0.8113317757009346,0.7250070801472671,0.08632469555366751
+cancel,+Cancellation gap,27,0.9169863013698607,0.7711283691183188,6752,8355.0,10.969618464437117,10.973047053449063,0.03015075376884422,8756,8492,8756,264,0,1139,601,0,0.8050400468841571,0.7233984052790762,0.08164164160508092
+cancel,+Cancellation gap,28,0.9216438356164361,0.7960673495820088,6761,8377.0,9.303740587806656,9.301542446720829,0.030495702343106088,8493,8234,8493,259,0,894,579,0,0.8257790368271954,0.7547169811320755,0.07106205569511992
+cancel,+Cancellation gap,29,0.9191780821917795,0.7754986400725294,6843,8364.0,10.541822867853796,10.544537624660018,0.032638259292837715,8824,8536,8824,288,0,1085,608,0,0.8150632426216942,0.7182473655019412,0.09681587711975292
+cancel,+Cancellation gap,30,0.9243835616438334,0.7803791685701233,6833,8392.0,11.054836432101672,11.058931018730014,0.029465509365006852,8756,8498,8756,258,0,1112,553,0,0.8095331502550019,0.7397484964461455,0.06978465380885646
+balk,+Balking gap,1,0.916164383561641,0.7619419642857143,6827,8341.0,10.924056494558926,10.951227678571428,0.0359375,8960,8638,8960,322,0,1202,609,0,0.7716912468875694,0.7483284300615137,0.023362816826055677
+balk,+Balking gap,2,0.91821917808219,0.7752603272685662,6775,8363.0,10.688213823148475,10.690696876072778,0.02814967387572949,8739,8493,8739,246,0,1114,604,0,0.7898946547015216,0.754497647384445,0.03539700731707662
+balk,+Balking gap,3,0.9230136986301339,0.7761515770365328,6841,8383.0,10.461691193646343,10.46029044701611,0.02859087814840027,8814,8562,8814,252,0,1163,558,0,0.7823691460055097,0.7676848874598071,0.014684258545702544
+balk,+Balking gap,4,0.9180821917808198,0.7780336173152199,6758,8347.0,10.328786620804175,10.333640340778263,0.029357586921482846,8686,8431,8686,255,0,1061,612,0,0.7835775948604697,0.7705802968960864,0.012997297964383314
+balk,+Balking gap,5,0.9194520547945186,0.790462930734424,6813,8371.0,8.947267955141971,8.941756584290522,0.027497389488339713,8619,8382,8619,237,0,975,594,0,0.7936378466557912,0.786271870794078,0.00736597586171317
+balk,+Balking gap,6,0.9210958904109572,0.7590847913862718,6768,8378.0,11.610738255033556,11.61731718259309,0.030731269627635713,8916,8642,8916,274,0,1287,587,0,0.7724562415849202,0.7403820285176217,0.03207421306729852
+balk,+Balking gap,7,0.9284931506849287,0.7768473463845197,6865,8428.0,11.057903338781228,11.066538418015163,0.030666515785900194,8837,8566,8837,271,0,1172,529,0,0.7819200309059301,0.769672131147541,0.012247899758389136
+balk,+Balking gap,8,0.9202739726027375,0.773507674815236,6803,8362.0,11.014084507042254,11.017055144968733,0.03126776577600909,8795,8520,8795,275,0,1131,586,0,0.7856312935708752,0.7562654916001101,0.029365801970765104
+balk,+Balking gap,9,0.9223287671232852,0.7824927536231884,6749,8405.0,9.818517196239439,9.82249275362319,0.025739130434782608,8625,8403,8625,222,0,1084,570,0,0.7889022919179735,0.7737606135305396,0.015141678387433855
+balk,+Balking gap,10,0.9223287671232856,0.7671927846674182,6805,8401.0,11.25098814229249,11.24802705749718,0.030214205186020294,8870,8602,8870,268,0,1228,569,0,0.7748917748917749,0.7568637803590285,0.018027994532746394
+balk,+Balking gap,11,0.9247945205479429,0.7829972502291476,6834,8392.0,10.183639792550684,10.190879926672777,0.027956003666361137,8728,8484,8728,244,0,1096,554,0,0.7867690490253987,0.7777473280350781,0.009021720990320614
+balk,+Balking gap,12,0.9191780821917784,0.7716677981443766,6820,8342.0,10.618448637316561,10.621294410500113,0.028513238289205704,8838,8586,8838,252,0,1162,604,0,0.779618082618862,0.7606583917970858,0.018959690821776176
+balk,+Balking gap,13,0.9213698630136966,0.7835099032703823,6804,8400.0,9.499821619693186,9.500345462920313,0.03166743436204514,8684,8409,8684,275,0,1028,577,0,0.7907389162561577,0.7733444167359379,0.017394499520219764
+balk,+Balking gap,14,0.921369863013696,0.7766236730966785,6804,8385.0,10.446508347049141,10.458509302591029,0.0291062664079443,8761,8506,8761,255,0,1117,585,0,0.7877534947824375,0.7612710483432917,0.026482446439145768
+balk,+Balking gap,15,0.916027397260272,0.7601571268237934,6773,8343.0,11.363940863940863,11.37631874298541,0.028282828282828285,8910,8658,8910,252,0,1268,617,0,0.7754789272030651,0.7384823848238482,0.0369965423792169
+balk,+Balking gap,16,0.9189041095890397,0.7758421781264421,6725,8357.0,10.530957736474488,10.524688509460082,0.02549607752653438,8668,8447,8668,221,0,1132,590,0,0.7818110080883803,0.7674353987218672,0.014375609366513165
+balk,+Balking gap,17,0.9171232876712313,0.7783013446730261,6772,8347.0,9.740556542332742,9.748419721871048,0.029421905528100218,8701,8445,8701,256,0,1062,611,0,0.788442893154935,0.7635440180586908,0.024898875096244222
+balk,+Balking gap,18,0.9263013698630113,0.7822709618460133,6848,8410.0,9.848010360254298,9.845670550605437,0.029700708247658213,8754,8494,8754,260,0,1099,547,0,0.7904856293359762,0.7710973308169318,0.019388298519044445
+balk,+Balking gap,19,0.9193150684931486,0.7788910395081408,6841,8353.0,9.817775687749824,9.83103723101446,0.03153819879312308,8783,8506,8783,277,0,1065,600,0,0.7888888888888889,0.7648508075554339,0.024038081333454975
+balk,+Balking gap,20,0.9236986301369842,0.7842481549815498,6801,8378.0,9.438838648262733,9.441420664206642,0.030904059040590407,8672,8404,8672,268,0,1039,564,0,0.7930622009569378,0.7721553610503282,0.020906839906609576
+balk,+Balking gap,21,0.9230136986301343,0.7656338028169014,6795,8376.0,11.033344992421593,11.064225352112675,0.03357746478873239,8875,8577,8875,298,0,1217,565,0,0.7778421154217332,0.7485110990795886,0.029331016342144633
+balk,+Balking gap,22,0.9201369863013678,0.7675553034600113,6766,8362.0,11.049168812924373,11.059217243335224,0.030969937606352808,8815,8542,8815,273,0,1182,594,0,0.776790886271481,0.7544004400440044,0.022390446227476546
+balk,+Balking gap,23,0.9236986301369844,0.7749773960216998,6857,8400.0,10.875874125874127,10.880764014466546,0.030289330922242313,8848,8580,8848,268,0,1162,561,0,0.7824332116086873,0.7643347050754458,0.01809850653324152
+balk,+Balking gap,24,0.9178082191780803,0.7645520691223283,6725,8332.0,10.98638817179066,10.982264665757162,0.031150522964984082,8796,8522,8796,274,0,1187,610,0,0.7708211429685976,0.7557917688743527,0.015029374094244874
+balk,+Balking gap,25,0.9231506849315051,0.7768205835056283,6763,8396.0,10.100390209294076,10.097518952446588,0.028600964851826328,8706,8457,8706,249,0,1135,559,0,0.7839810613533241,0.7668408028594996,0.0171402584938245
+balk,+Balking gap,26,0.916438356164381,0.7580122836404244,6788,8350.0,11.008762827164764,11.01105527638191,0.03149078726968174,8955,8673,8955,282,0,1267,618,0,0.7612975810988186,0.7531750414135836,0.00812253968523502
+balk,+Balking gap,27,0.9245205479452038,0.7600442722744881,6867,8416.0,11.397914757103575,11.42578859988932,0.03397897066961815,9035,8728,9035,307,0,1304,557,0,0.7646616541353384,0.7534320323014805,0.011229621833857895
+balk,+Balking gap,28,0.9263013698630117,0.7745743473325766,6824,8417.0,10.415306960910906,10.424631101021566,0.033030646992054484,8810,8519,8810,291,0,1143,552,0,0.7812197483059051,0.7651577503429355,0.016061997962969587
+balk,+Balking gap,29,0.9204109589041074,0.7825986879963172,6800,8382.0,9.558959195742164,9.564621935780872,0.026930601910461503,8689,8455,8689,234,0,1066,589,0,0.7844536981955186,0.78003291278113,0.004420785414388617
+balk,+Balking gap,30,0.9215068493150667,0.775705186533212,6820,8380.0,10.565054893716422,10.569153776160146,0.02616014558689718,8792,8562,8792,230,0,1158,584,0,0.783826121010378,0.7644504748982361,0.01937564611214182
+noshow,+No-show gap,1,0.9331506849315049,0.7850467289719626,6888,8506.0,10.366834760173566,10.360724868930932,0.02815135627991794,8774,8527,8774,247,0,1150,489,0,0.8336235248597408,0.7153952843273231,0.11822824053241765
+noshow,+No-show gap,2,0.929178082191779,0.7858049624927871,6809,8447.0,10.39485285356845,10.389728793998845,0.03139065204847086,8665,8393,8665,272,0,1061,523,0,0.8381422924901186,0.7123439667128988,0.12579832577721983
+noshow,+No-show gap,3,0.9299999999999979,0.7965082668516591,6889,8462.0,9.134082217973232,9.135738235634177,0.03248930512197942,8649,8368,8649,281,0,967,512,0,0.8461992910594722,0.7258471016521982,0.12035218940727399
+noshow,+No-show gap,4,0.9284931506849287,0.7791383219954648,6872,8444.0,11.113845794937594,11.113718820861678,0.02800453514739229,8820,8573,8820,247,0,1169,532,0,0.8291585127201565,0.7102425876010782,0.11891592511907834
+noshow,+No-show gap,5,0.9287671232876686,0.7853152434158021,6888,8442.0,10.314775663612872,10.32242617717478,0.029301105917227226,8771,8514,8771,257,0,1102,524,0,0.8411124076234928,0.706255166712593,0.1348572409108998
+noshow,+No-show gap,6,0.9341095890410935,0.7972408996058428,6877,8484.0,9.660933954377164,9.660329237189892,0.029329932761418966,8626,8373,8626,253,0,1011,485,0,0.8448864777978702,0.7322554124417648,0.11263106535610534
+noshow,+No-show gap,7,0.9368493150684905,0.7947683798110163,6897,8532.0,10.23226571767497,10.234961972804793,0.028578013367135283,8678,8430,8678,248,0,1071,462,0,0.8439091265178221,0.7245240761478163,0.1193850503700058
+noshow,+No-show gap,8,0.9334246575342444,0.7838790359254206,6895,8481.0,10.739948271808135,10.7399954524784,0.032969531605275125,8796,8506,8796,290,0,1106,505,0,0.835053592695514,0.7152740819584885,0.11977951073702553
+noshow,+No-show gap,9,0.9339726027397235,0.7844543074997155,6893,8506.0,10.515361163227016,10.513258222373961,0.029475361329236373,8787,8528,8787,259,0,1150,485,0,0.8325536062378167,0.7169811320754716,0.11557247416234506
+noshow,+No-show gap,10,0.9252054794520529,0.7758189262966333,6821,8432.0,10.632875747976065,10.617834394904458,0.03059599636032757,8792,8523,8792,269,0,1147,555,0,0.8306847164999019,0.7001353179972937,0.13054939850260827
+noshow,+No-show gap,11,0.9338356164383539,0.7884288145207033,6950,8500.0,10.37194908326521,10.377538287010777,0.028587634713556437,8815,8563,8815,252,0,1126,487,0,0.8321310196919477,0.7276180141074335,0.10451300558451415
+noshow,+No-show gap,12,0.9323287671232855,0.7843785632839224,6879,8490.0,10.619882352941177,10.615507411630558,0.03078677309007982,8770,8500,8770,270,0,1122,499,0,0.8366699702675917,0.7135570469798658,0.12311292328772594
+noshow,+No-show gap,13,0.9352054794520526,0.7916185638420689,6857,8488.0,10.180791631998098,10.178018933271762,0.028746247979681366,8662,8413,8662,249,0,1085,471,0,0.8393945350894437,0.7236363636363636,0.1157581714530801
+noshow,+No-show gap,14,0.9328767123287648,0.7863569069582053,6905,8485.0,10.605797441614834,10.60938389705045,0.02960938389705045,8781,8521,8781,260,0,1118,498,0,0.8323563892145369,0.7220857220857221,0.11027066712881484
+noshow,+No-show gap,15,0.9338356164383542,0.7879518072289157,6867,8504.0,10.047986696757334,10.04578313253012,0.033964429145152034,8715,8419,8715,296,0,1067,485,0,0.8386390768006367,0.7188940092165899,0.1197450675840468
+noshow,+No-show gap,16,0.9291780821917782,0.7933979686057249,6874,8465.0,9.611223638746575,9.615535549399816,0.031278855032317636,8664,8393,8664,271,0,991,528,0,0.843855805616411,0.7238539665111172,0.12000183910529383
+noshow,+No-show gap,17,0.9165753424657522,0.7597395307061862,6767,8355.0,11.547886508396063,11.553609520601773,0.03053777927472774,8907,8635,8907,272,0,1237,631,0,0.8207456055630674,0.6750670241286864,0.14567858143438106
+noshow,+No-show gap,18,0.9291780821917777,0.7874712643678161,6851,8464.0,9.640843402037431,9.636091954022989,0.029655172413793104,8700,8442,8700,258,0,1073,518,0,0.8421052631578947,0.7096684313179159,0.13243683183997879
+noshow,+No-show gap,19,0.9315068493150653,0.7948422749251669,6904,8454.0,9.637095819021674,9.631475938291503,0.02797605341929542,8686,8443,8686,243,0,1032,507,0,0.8452897122585731,0.7239756367663345,0.1213140754922386
+noshow,+No-show gap,20,0.9331506849315045,0.7807245231915134,6918,8412.0,10.147945524385985,10.142873264868525,0.030470601512244667,8861,8591,8861,270,0,1155,518,0,0.8299359347699475,0.7123989218328841,0.11753701293706342
+noshow,+No-show gap,21,0.9341095890410936,0.7971637800767174,6858,8501.0,9.409619767302386,9.4090433569685,0.030919446704637917,8603,8337,8603,266,0,996,483,0,0.8405249552594949,0.7361499720201455,0.10437498323934935
+noshow,+No-show gap,22,0.9299999999999973,0.7805099150141643,6888,8463.0,10.740901111761264,10.743342776203965,0.03172804532577904,8825,8545,8825,280,0,1147,510,0,0.8259615384615384,0.7153103448275862,0.11065119363395226
+noshow,+No-show gap,23,0.9339726027397238,0.776268522676246,6915,8505.0,11.185855072463768,11.185675797036371,0.031769196228109566,8908,8625,8908,283,0,1218,492,0,0.819650067294751,0.7154032910709469,0.10424677622380407
+noshow,+No-show gap,24,0.9319178082191756,0.7987539673210298,6795,8465.0,9.11756838905775,9.11896085576584,0.03314917127071823,8507,8225,8507,282,0,931,499,0,0.8494318181818182,0.728974573903325,0.12045724427849325
+noshow,+No-show gap,25,0.931643835616436,0.7867781851512374,6867,8470.0,9.695482034863039,9.685036663611365,0.033799266727772684,8728,8433,8728,295,0,1064,502,0,0.8366463294627042,0.7173018919659995,0.11934443749670476
+noshow,+No-show gap,26,0.9286301369862987,0.7803375912408759,6842,8441.0,9.904683260587472,9.914005474452555,0.03318886861313869,8768,8477,8768,291,0,1107,528,0,0.8323846908734053,0.7081404846174789,0.12424420625592636
+noshow,+No-show gap,27,0.9297260273972582,0.7835871789042964,6894,8472.0,9.93838028169014,9.940554671516253,0.031598090475107976,8798,8520,8798,278,0,1108,518,0,0.8295520651541594,0.7184839329854436,0.1110681321687158
+noshow,+No-show gap,28,0.9312328767123259,0.7775268210050819,6885,8463.0,10.835429769392034,10.844381705251271,0.030378317334839075,8855,8586,8855,269,0,1180,521,0,0.8289473684210527,0.7054515866558178,0.1234957817652349
+noshow,+No-show gap,29,0.9299999999999983,0.7827126750939528,6873,8471.0,10.053405481708035,10.045666780548913,0.031887028812208174,8781,8501,8781,280,0,1114,514,0,0.8383487654320988,0.7025298860161245,0.13581887941597426
+noshow,+No-show gap,30,0.9284931506849292,0.7890173410404624,6825,8457.0,9.945424213536702,9.951329479768786,0.02982658959537572,8650,8392,8650,258,0,1043,524,0,0.8408171521035599,0.7199136535348084,0.12090349856875149
realistic,All gaps (realistic),1,0.9380821917808199,0.786024702653248,6873,8512.0,10.985064095025285,10.986505032021958,0.027561756633119855,8744,8503,8744,241,0,1161,469,0,0.8758442590385379,0.6641509433962264,0.21169331564231153
realistic,All gaps (realistic),2,0.9379452054794499,0.795016077170418,6923,8524.0,10.742440412664532,10.750114836931557,0.03158015617822692,8708,8433,8708,275,0,1047,463,0,0.883054892601432,0.6747282608695652,0.20832663173186683
realistic,All gaps (realistic),3,0.9342465753424628,0.7952836637047164,6981,8494.0,10.206197714151054,10.230690362269309,0.03315105946684894,8778,8487,8778,291,0,1011,495,0,0.8903465831212062,0.6630345954780714,0.22731198764313476
realistic,All gaps (realistic),4,0.9367123287671212,0.791058394160584,6936,8531.0,10.933238636363637,10.95529197080292,0.0364963503649635,8768,8448,8768,320,0,1040,472,0,0.8781003653143626,0.664143537987104,0.21395682732725863
realistic,All gaps (realistic),5,0.9320547945205456,0.7969018932874354,6945,8479.0,9.94306049822064,9.944922547332187,0.03270223752151463,8715,8430,8715,285,0,985,500,0,0.8755980861244019,0.6901865369018654,0.18541154922253655
realistic,All gaps (realistic),6,0.9382191780821892,0.7887100430741328,6958,8530.0,11.019284712482468,11.03094536386307,0.030151892994785764,8822,8556,8822,266,0,1132,466,0,0.8722415795586528,0.6706783369803063,0.20156324257834646
realistic,All gaps (realistic),7,0.9373972602739693,0.7795355099293168,6948,8528.0,11.88204410220511,11.922248401211712,0.038370918882531135,8913,8571,8913,342,0,1160,463,0,0.8692160611854685,0.6521857181645397,0.21703034302092872
realistic,All gaps (realistic),8,0.9369863013698602,0.7953391785879096,6894,8521.0,10.949655663737829,10.958237194277803,0.028380249192431935,8668,8422,8668,246,0,1062,466,0,0.8821568627450981,0.6712443946188341,0.21091246812626396
realistic,All gaps (realistic),9,0.9319178082191756,0.7825887743413517,6832,8503.0,11.238157117542823,11.259450171821307,0.030355097365406643,8730,8465,8730,265,0,1132,501,0,0.8736066878980892,0.6592012951969779,0.21440539270111125
realistic,All gaps (realistic),10,0.938630136986298,0.7840524056923425,6942,8532.0,11.452032329858264,11.483849107747911,0.03580302688050599,8854,8537,8854,317,0,1142,453,0,0.8793969849246231,0.65,0.22939698492462313
realistic,All gaps (realistic),11,0.9347945205479421,0.7848777714610574,6903,8487.0,11.284157487696273,11.284820920977829,0.02967595224559409,8795,8534,8795,261,0,1149,482,0,0.8708357685563998,0.664391043145822,0.2064447254105778
realistic,All gaps (realistic),12,0.9346575342465726,0.7802321649949284,6923,8492.0,11.395466290815127,11.434689507494646,0.040459821931702916,8873,8514,8873,359,0,1113,478,0,0.8767598842815815,0.6445227765726681,0.23223710770891337
realistic,All gaps (realistic),13,0.9308219178082165,0.7876461150584461,6873,8493.0,10.869349699044022,10.87061654824662,0.02899381159752464,8726,8473,8726,253,0,1090,510,0,0.8846613545816733,0.6562331354560172,0.22842821912565603
realistic,All gaps (realistic),14,0.9363013698630104,0.8018780431254348,6917,8517.0,9.968107978977544,9.96522142360306,0.029445861349408763,8626,8372,8626,254,0,984,471,0,0.8858750251155314,0.6873115922170457,0.19856343289848566
realistic,All gaps (realistic),15,0.9341095890410925,0.7825495750708216,6906,8497.0,11.09394081728511,11.132351274787535,0.03501416430594901,8825,8516,8825,309,0,1119,491,0,0.8818713450292398,0.6446549391069012,0.2372164059223386
realistic,All gaps (realistic),16,0.9343835616438333,0.7910107232489163,6934,8511.0,10.834922877663958,10.858544375998175,0.031143052703627654,8766,8493,8766,273,0,1079,480,0,0.8857699805068227,0.6573157315731574,0.22845424893366528
realistic,All gaps (realistic),17,0.933013698630135,0.7898975952134392,6865,8480.0,10.41632170313424,10.412380623633643,0.027154527672304682,8691,8455,8691,236,0,1094,496,0,0.8758222045046841,0.6725639629831247,0.20325824152155936
realistic,All gaps (realistic),18,0.9358904109589021,0.79252443933295,6891,8524.0,10.65159386068477,10.645773433007475,0.025876940770557792,8695,8470,8695,225,0,1102,477,0,0.8724271844660194,0.6764456981664316,0.19598148629958778
realistic,All gaps (realistic),19,0.9326027397260251,0.790901835594573,6937,8490.0,10.73452157598499,10.731273514992589,0.02770493672329267,8771,8528,8771,243,0,1095,496,0,0.8839127872716559,0.6622282608695652,0.2216845264020907
realistic,All gaps (realistic),20,0.9328767123287648,0.7787779903229436,6921,8436.0,10.941369221767115,10.978958028581074,0.03848317767525599,8887,8545,8887,342,0,1124,500,0,0.8760856977417487,0.6427415002698327,0.23334419747191604
realistic,All gaps (realistic),21,0.9339726027397243,0.8032977241058987,6918,8501.0,9.85171466124985,9.849744542498838,0.028216442173711102,8612,8369,8612,243,0,962,489,0,0.8860784704242183,0.6875522138680034,0.19852625655621492
realistic,All gaps (realistic),22,0.9357534246575328,0.7800067241958982,6960,8511.0,11.627264282396656,11.652247002129329,0.03485374873921327,8923,8612,8923,311,0,1177,475,0,0.8748787584869059,0.6502123142250531,0.22466644426185278
realistic,All gaps (realistic),23,0.9389041095890389,0.7930797433547204,6922,8538.0,11.103798065581506,11.106668194317141,0.028643446379468376,8728,8478,8728,250,0,1107,449,0,0.8786586547780577,0.669375175119081,0.20928347965897676
realistic,All gaps (realistic),24,0.9347945205479427,0.7997443049744305,6881,8497.0,10.247966507177033,10.24907019990702,0.028358902835890282,8604,8360,8604,244,0,999,480,0,0.8874172185430463,0.6790941728804197,0.2083230456626266
realistic,All gaps (realistic),25,0.9317808219178058,0.8000234301780693,6829,8477.0,9.698299770891113,9.700328022492972,0.028467666354264294,8536,8293,8536,243,0,965,499,0,0.8877122877122877,0.6757292551685075,0.21198303254378026
realistic,All gaps (realistic),26,0.9295890410958879,0.7955152782618798,6847,8477.0,9.782702702702704,9.782502614151273,0.03276402927849425,8607,8325,8607,282,0,964,514,0,0.8773584905660378,0.6830344827586207,0.1943240078074171
realistic,All gaps (realistic),27,0.9368493150684912,0.7996079787847342,6935,8552.0,10.035879767137935,10.042199930819786,0.029516891502363658,8673,8417,8673,256,0,1022,460,0,0.8820624259186093,0.68402104680144,0.19804137911716924
realistic,All gaps (realistic),28,0.9360273972602724,0.7910295616717635,6984,8510.0,10.810025767158585,10.839279646619095,0.03295956506965681,8829,8538,8829,291,0,1087,467,0,0.8811229428848015,0.664028384279476,0.21709455860532556
realistic,All gaps (realistic),29,0.9308219178082161,0.7815688052595783,6895,8463.0,10.706833899894502,10.729426433915211,0.03298571752437089,8822,8531,8822,291,0,1121,515,0,0.8731270675228644,0.653814824871029,0.21931224265183535
realistic,All gaps (realistic),30,0.9368493150684903,0.7941580756013745,6933,8532.0,10.76761725194438,10.770561282932418,0.027949599083619703,8730,8486,8730,244,0,1087,466,0,0.8766640563821456,0.6778023191606847,0.19886173722146094
