Q,Class 1 served rate,Class 2 served rate,minimum class served rate,served-rate flag
0,0.5856168523932497,0.5831648769911885,0.5822518148626945,no
4,0.5865749661567066,0.5821905707467911,0.5817682949677919,no
8,0.5892694559686573,0.5794794343768854,0.5794794343768854,no
12,0.59664858104329,0.5717944904677434,0.5717944904677434,no
16,0.668160395296686,0.4981708641338566,0.4981708641338566,yes
20,0.813939264832598,0.3884136494822938,0.3884136494822938,yes
24,0.9556596751241028,0.2674385956893226,0.2674385956893226,yes
28,1.0,0.136089255926348,0.136089255926348,yes
32,1.0,0.0,0.0,yes
