background_id,source_scenario_ids,scenario_type,rho,class1_share,slots_per_day,lambda_total,lambda_class1,lambda_class2,horizon_class1,horizon_class2,cancel_class1,cancel_class2,balk_threshold_class1,balk_threshold_class2,balk_low_class1,balk_low_class2,balk_high_class1,balk_high_class2,noshow_threshold_class1,noshow_threshold_class2,noshow_low_class1,noshow_low_class2,noshow_high_class1,noshow_high_class2,valid_h3_thresholds,noshow_high_low_focal,noshow_high_high_focal,n_exposed_thresholds,failure_component,classification,lowest_exposed_threshold,highest_exposed_threshold,n_gradient_paired_seeds,lowest_threshold_delta_utilization,highest_threshold_delta_utilization,low_minus_high_utilization_loss,low_minus_high_utilization_loss_ci_low,low_minus_high_utilization_loss_ci_high,spearman_threshold_vs_loss_magnitude,utilization_direction_component,threshold_gradient_component
H3B0001,A001,anchor,0.8,0.1,16,12.8,1.2800000000000002,11.52,14,14,0.1,0.1,9,9,0.0,0.0,0.5,0.5,0,6,0.0,0.0,0.0,0.3,4;6;9;12,0.0,0.7,0,insufficient_realized_post_threshold_exposure,inactive,,,,,,,,,,,
H3B0002,A002,anchor,0.8,0.3,32,25.6,7.68,17.919999999999998,14,14,0.1,0.1,9,9,0.0,0.0,0.5,0.5,0,6,0.0,0.0,0.0,0.3,4;6;9;12,0.0,0.7,0,insufficient_realized_post_threshold_exposure,inactive,,,,,,,,,,,
H3B0003,A003,anchor,0.8,0.5,64,51.2,25.6,25.6,14,14,0.1,0.1,9,9,0.0,0.0,0.5,0.5,0,6,0.0,0.0,0.0,0.3,4;6;9;12,0.0,0.7,0,insufficient_realized_post_threshold_exposure,inactive,,,,,,,,,,,
H3B0004,A004,anchor,1.25,0.7,16,20.0,14.0,6.000000000000001,14,14,0.1,0.1,9,9,0.0,0.0,0.5,0.5,0,6,0.0,0.0,0.0,0.3,4;6;9;12,0.0,0.7,1,insufficient_realized_post_threshold_exposure,inactive,,,,,,,,,,,
H3B0005,A005,anchor,1.25,0.9,32,40.0,36.0,3.999999999999999,14,14,0.1,0.1,9,9,0.0,0.0,0.5,0.5,0,6,0.0,0.0,0.0,0.3,4;6;9;12,0.0,0.7,1,insufficient_realized_post_threshold_exposure,inactive,,,,,,,,,,,
H3B0006,A006,anchor,1.25,0.1,64,80.0,8.0,72.0,14,14,0.1,0.1,9,9,0.0,0.0,0.5,0.5,0,6,0.0,0.0,0.0,0.3,4;6;9;12,0.0,0.7,0,insufficient_realized_post_threshold_exposure,inactive,,,,,,,,,,,
H3B0007,A007,anchor,2.0,0.3,16,32.0,9.6,22.4,14,14,0.1,0.1,9,9,0.0,0.0,0.5,0.5,0,6,0.0,0.0,0.0,0.3,4;6;9;12,0.0,0.7,3,,supported,4.0,9.0,20.0,-0.1388099315068493,-0.0161044520547945,0.12270547945205482,0.1208458587531394,0.12456510015097023,-1.0,supported,supported
H3B0008,A008,anchor,2.0,0.5,32,64.0,32.0,32.0,14,14,0.1,0.1,9,9,0.0,0.0,0.5,0.5,0,6,0.0,0.0,0.0,0.3,4;6;9;12,0.0,0.7,3,,supported,4.0,9.0,20.0,-0.22877140410958904,-0.024614726027397272,0.2041566780821918,0.20231757963581384,0.20599577652856974,-1.0,supported,supported
H3B0009,A009,anchor,2.0,0.7,64,128.0,89.6,38.400000000000006,14,14,0.1,0.1,9,9,0.0,0.0,0.5,0.5,0,6,0.0,0.0,0.0,0.3,4;6;9;12,0.0,0.7,3,,supported,4.0,9.0,20.0,-0.3221125856164383,-0.03420162671232876,0.2879109589041096,0.2863623847696418,0.2894595330385774,-1.0,supported,supported
H3B0010,A010,anchor,3.1,0.9,16,49.6,44.64,4.959999999999999,14,14,0.1,0.1,9,9,0.0,0.0,0.5,0.5,0,6,0.0,0.0,0.0,0.3,4;6;9;12,0.0,0.7,3,,supported,4.0,9.0,20.0,-0.4102397260273973,-0.23949486301369868,0.17074486301369862,0.16880118887249743,0.17268853715489982,-1.0,supported,supported
H3B0011,A011,anchor,3.1,0.1,32,99.2,9.920000000000002,89.28,14,14,0.1,0.1,9,9,0.0,0.0,0.5,0.5,0,6,0.0,0.0,0.0,0.3,4;6;9;12,0.0,0.7,3,,supported,4.0,9.0,20.0,-0.04652825342465753,-0.027311643835616434,0.019216609589041096,0.018713196861971326,0.019720022316110867,-1.0,supported,supported
H3B0012,A012,anchor,3.1,0.3,64,198.4,59.52,138.88,14,14,0.1,0.1,9,9,0.0,0.0,0.5,0.5,0,6,0.0,0.0,0.0,0.3,4;6;9;12,0.0,0.7,3,,supported,4.0,9.0,20.0,-0.13754280821917805,-0.08087970890410959,0.0566630993150685,0.05595765063426303,0.05736854799587397,-1.0,supported,supported
H3B0013,A013,anchor,4.0,0.5,16,64.0,32.0,32.0,14,14,0.1,0.1,9,9,0.0,0.0,0.5,0.5,0,6,0.0,0.0,0.0,0.3,4;6;9;12,0.0,0.7,4,,supported,4.0,12.0,20.0,-0.2317123287671233,-0.09035958904109591,0.14135273972602738,0.1391325350548831,0.14357294439717166,-1.0,supported,supported
H3B0014,A014,anchor,4.0,0.7,32,128.0,89.6,38.400000000000006,14,14,0.1,0.1,9,9,0.0,0.0,0.5,0.5,0,6,0.0,0.0,0.0,0.3,4;6;9;12,0.0,0.7,4,,supported,4.0,12.0,20.0,-0.3213099315068494,-0.13407962328767126,0.18723030821917808,0.18546957720222843,0.18899103923612773,-1.0,supported,supported
H3B0015,A015,anchor,4.0,0.9,64,256.0,230.4,25.599999999999994,14,14,0.1,0.1,9,9,0.0,0.0,0.5,0.5,0,6,0.0,0.0,0.0,0.3,4;6;9;12,0.0,0.7,4,,supported,4.0,12.0,20.0,-0.4127525684931507,-0.1766630993150685,0.2360894691780822,0.23484403843310925,0.23733489992305518,-1.0,supported,supported
H3B0016,A016,anchor,0.8,0.5,32,25.6,12.8,12.8,7,7,0.0,0.0,4,4,0.0,0.0,0.0,0.0,0,4,0.0,0.0,0.0,0.0,4,0.0,0.7,0,fewer_than_two_valid_thresholds,inactive,,,,,,,,,,,
H3B0017,A017,anchor,1.25,0.3,64,80.0,24.0,56.0,21,21,0.3,0.3,6,6,0.1,0.1,0.1,0.1,0,9,0.0,0.0,0.0,0.1,4;6;9;12,0.0,0.7,0,insufficient_realized_post_threshold_exposure,inactive,,,,,,,,,,,
H3B0018,A018,anchor,2.0,0.7,16,32.0,22.4,9.6,28,28,0.5,0.5,12,12,0.3,0.3,0.3,0.3,0,12,0.3,0.3,0.3,0.3,4;6;9;12,0.3,0.7,0,insufficient_realized_post_threshold_exposure,inactive,,,,,,,,,,,
H3B0019,A019,anchor,3.1,0.5,32,99.2,49.6,49.6,14,14,0.0,0.0,4,4,0.5,0.5,0.7,0.7,0,4,0.5,0.5,0.5,0.5,4;6;9;12,0.5,0.7,1,insufficient_realized_post_threshold_exposure,inactive,,,,,,,,,,,
H3B0020,A020,anchor,4.0,0.5,32,128.0,64.0,64.0,14,14,0.3,0.3,6,6,0.7,0.7,0.7,0.7,0,6,0.7,0.7,0.7,0.7,4;6;9;12,0.7,0.7,0,no_valid_post_threshold_increase,inactive,,,,,,,,,,,
H3B0021,A021,anchor,0.8,0.1,64,51.2,5.120000000000001,46.080000000000005,28,28,0.1,0.1,12,12,0.0,0.0,0.1,0.1,0,12,0.0,0.0,0.0,0.1,4;6;9;12,0.0,0.7,0,insufficient_realized_post_threshold_exposure,inactive,,,,,,,,,,,
H3B0022,A022,anchor,4.0,0.9,16,64.0,57.6,6.399999999999999,7,7,0.5,0.5,4,4,0.5,0.5,0.7,0.7,0,4,0.5,0.5,0.5,0.7,4,0.5,0.7,0,fewer_than_two_valid_thresholds,inactive,,,,,,,,,,,
H3B0023,A023,anchor,3.1,0.1,32,99.2,9.920000000000002,89.28,21,21,0.3,0.3,9,9,0.3,0.3,0.7,0.7,0,6,0.3,0.3,0.3,0.7,4;6;9;12,0.3,0.7,1,insufficient_realized_post_threshold_exposure,inactive,,,,,,,,,,,
H3B0024,A024,anchor,3.1,0.9,32,99.2,89.28,9.919999999999998,21,21,0.3,0.3,9,9,0.3,0.3,0.7,0.7,0,6,0.3,0.3,0.3,0.7,4;6;9;12,0.3,0.7,1,insufficient_realized_post_threshold_exposure,inactive,,,,,,,,,,,
H3B0025,A025,anchor,4.0,0.5,32,128.0,64.0,64.0,28,28,0.1,0.1,4,4,0.0,0.0,0.7,0.7,0,4,0.0,0.0,0.0,0.7,4;6;9;12,0.0,0.7,2,,supported,4.0,6.0,20.0,-0.22829195205479452,-0.01749571917808219,0.2107962328767123,0.2062985506195641,0.21529391513386048,-0.9999999999999999,supported,supported
H3B0026,A026,anchor,2.0,0.5,32,64.0,32.0,32.0,14,14,0.1,0.1,12,12,0.0,0.0,0.7,0.7,0,12,0.0,0.0,0.0,0.7,4;6;9;12,0.0,0.7,3,,supported,4.0,9.0,20.0,-0.22850599315068493,-0.1316994863013699,0.09680650684931506,0.09578087179185539,0.09783214190677474,-1.0,supported,supported
H3B0027,A027,anchor,1.25,0.5,16,20.0,10.0,10.0,21,21,0.0,0.0,6,6,0.0,0.0,0.3,0.3,0,9,0.0,0.0,0.0,0.3,4;6;9;12,0.0,0.7,2,,supported,4.0,6.0,20.0,-0.3501455479452055,-0.2049828767123288,0.1451626712328767,0.13478374896988263,0.1555415934958708,-0.9999999999999999,supported,supported
H3B0028,A028,anchor,1.25,0.5,64,80.0,40.0,40.0,21,21,0.0,0.0,6,6,0.0,0.0,0.3,0.3,0,9,0.0,0.0,0.0,0.3,4;6;9;12,0.0,0.7,2,,supported,4.0,6.0,20.0,-0.3502290239726027,-0.20066566780821918,0.14956335616438357,0.14501095201561962,0.15411576031314753,-0.9999999999999999,supported,supported
H3B0029,A029,anchor,3.1,0.3,32,99.2,29.76,69.44,14,14,0.5,0.5,9,9,0.0,0.0,0.5,0.5,0,6,0.0,0.0,0.0,0.0,4;6;9;12,0.0,0.7,1,insufficient_realized_post_threshold_exposure,inactive,,,,,,,,,,,
H3B0030,A030,anchor,3.1,0.7,32,99.2,69.44,29.760000000000005,14,14,0.0,0.0,9,9,0.0,0.0,0.5,0.5,0,6,0.5,0.5,0.5,0.7,4;6;9;12,0.5,0.7,4,threshold_gradient,inconclusive,4.0,12.0,20.0,-0.14002996575342466,-0.1399957191780822,3.424657534246145e-05,-1.1181619427571288e-06,6.961131262768003e-05,-0.7745966692414834,supported,inconclusive
H3B0031,A031,anchor,3.1,0.5,32,99.2,49.6,49.6,14,14,0.1,0.1,6,6,0.3,0.3,0.7,0.7,0,9,0.0,0.0,0.0,0.1,4;6;9;12,0.0,0.7,2,,supported,4.0,6.0,20.0,-0.2299529109589041,-0.08788527397260273,0.14206763698630137,0.1405386584685088,0.14359661550409394,-0.9999999999999999,supported,supported
H3B0032,A032,anchor,3.1,0.5,32,99.2,49.6,49.6,14,14,0.1,0.1,6,6,0.0,0.0,0.1,0.1,0,9,0.3,0.3,0.3,0.7,4;6;9;12,0.3,0.7,4,,supported,4.0,12.0,20.0,-0.13169092465753424,-0.0564469178082192,0.07524400684931506,0.07416448764652632,0.07632352605210381,-1.0,supported,supported
H3B0033,S001,sobol_symmetric,3.1,0.3,16,49.6,14.88,34.72,21,21,0.5,0.5,12,12,0.1,0.1,0.7,0.7,0,12,0.0,0.0,0.0,0.3,4;6;9;12,0.0,0.7,1,insufficient_realized_post_threshold_exposure,inactive,,,,,,,,,,,
H3B0034,S002,sobol_symmetric,1.25,0.7,64,80.0,56.0,24.000000000000004,7,7,0.1,0.1,4,4,0.0,0.0,0.7,0.7,0,4,0.3,0.3,0.3,0.7,4,0.3,0.7,0,fewer_than_two_valid_thresholds,inactive,,,,,,,,,,,
H3B0035,S003,sobol_symmetric,2.0,0.1,16,32.0,3.2,28.8,28,28,0.0,0.0,6,6,0.3,0.3,0.7,0.7,0,4,0.7,0.7,0.7,0.7,4;6;9;12,0.7,0.7,0,no_valid_post_threshold_increase,inactive,,,,,,,,,,,
H3B0036,S004,sobol_symmetric,4.0,0.9,64,256.0,230.4,25.599999999999994,14,14,0.3,0.3,9,9,0.0,0.0,0.0,0.0,0,9,0.3,0.3,0.3,0.3,4;6;9;12,0.3,0.7,2,,supported,4.0,6.0,20.0,-0.08574914383561644,-0.0421468321917808,0.04360231164383563,0.043056433937196596,0.04414818935047466,-0.9999999999999999,supported,supported
H3B0037,S005,sobol_symmetric,3.1,0.1,64,198.4,19.840000000000003,178.56,14,14,0.3,0.3,12,12,0.5,0.5,0.7,0.7,0,4,0.5,0.5,0.5,0.7,4;6;9;12,0.5,0.7,0,insufficient_realized_post_threshold_exposure,inactive,,,,,,,,,,,
H3B0038,S006,sobol_symmetric,1.25,0.9,16,20.0,18.0,2.0,28,28,0.0,0.0,4,4,0.0,0.0,0.3,0.3,0,9,0.0,0.0,0.0,0.5,4;6;9;12,0.0,0.7,1,insufficient_realized_post_threshold_exposure,inactive,,,,,,,,,,,
H3B0039,S007,sobol_symmetric,0.8,0.5,32,25.6,12.8,12.8,7,7,0.1,0.1,4,4,0.3,0.3,0.5,0.5,0,4,0.0,0.0,0.0,0.0,4,0.0,0.7,0,fewer_than_two_valid_thresholds,inactive,,,,,,,,,,,
H3B0040,S008,sobol_symmetric,3.1,0.7,32,99.2,69.44,29.760000000000005,21,21,0.5,0.5,9,9,0.1,0.1,0.3,0.3,0,6,0.3,0.3,0.3,0.5,4;6;9;12,0.3,0.7,0,insufficient_realized_post_threshold_exposure,inactive,,,,,,,,,,,
H3B0041,S009,sobol_symmetric,2.0,0.3,32,64.0,19.2,44.8,28,28,0.1,0.1,9,9,0.7,0.7,0.7,0.7,0,4,0.5,0.5,0.5,0.5,4;6;9;12,0.5,0.7,0,insufficient_realized_post_threshold_exposure,inactive,,,,,,,,,,,
H3B0042,S010,sobol_symmetric,0.8,0.9,32,25.6,23.040000000000003,2.56,14,14,0.5,0.5,6,6,0.0,0.0,0.3,0.3,0,9,0.0,0.0,0.0,0.7,4;6;9;12,0.0,0.7,0,insufficient_realized_post_threshold_exposure,inactive,,,,,,,,,,,
H3B0043,S011,sobol_symmetric,1.25,0.3,64,80.0,24.0,56.0,21,21,0.3,0.3,4,4,0.3,0.3,0.7,0.7,0,12,0.0,0.0,0.0,0.0,4;6;9;12,0.0,0.7,0,insufficient_realized_post_threshold_exposure,inactive,,,,,,,,,,,
H3B0044,S012,sobol_symmetric,4.0,0.7,16,64.0,44.8,19.200000000000003,7,7,0.0,0.0,4,4,0.1,0.1,0.5,0.5,0,4,0.3,0.3,0.3,0.5,4,0.3,0.7,0,fewer_than_two_valid_thresholds,inactive,,,,,,,,,,,
H3B0045,S013,sobol_symmetric,4.0,0.5,16,64.0,32.0,32.0,7,7,0.0,0.0,4,4,0.3,0.3,0.3,0.3,0,4,0.0,0.0,0.0,0.3,4,0.0,0.7,0,fewer_than_two_valid_thresholds,inactive,,,,,,,,,,,
H3B0046,S014,sobol_symmetric,2.0,0.5,64,128.0,64.0,64.0,21,21,0.3,0.3,6,6,0.1,0.1,0.1,0.1,0,6,0.3,0.3,0.3,0.7,4;6;9;12,0.3,0.7,0,insufficient_realized_post_threshold_exposure,inactive,,,,,,,,,,,
H3B0047,S015,sobol_symmetric,0.8,0.1,16,12.8,1.2800000000000002,11.52,14,14,0.5,0.5,4,4,0.5,0.5,0.5,0.5,0,4,0.7,0.7,0.7,0.7,4;6;9;12,0.7,0.7,0,no_valid_post_threshold_increase,inactive,,,,,,,,,,,
H3B0048,S016,sobol_symmetric,3.1,0.9,64,198.4,178.56,19.84,28,28,0.1,0.1,12,12,0.0,0.0,0.1,0.1,0,9,0.0,0.0,0.0,0.7,4;6;9;12,0.0,0.7,4,,supported,4.0,12.0,20.0,-0.4141588184931507,-0.17852097602739728,0.2356378424657534,0.23450661712679763,0.23676906780470916,-1.0,supported,supported
H3B0049,S017,sobol_symmetric,3.1,0.1,32,99.2,9.920000000000002,89.28,7,7,0.3,0.3,4,4,0.0,0.0,0.7,0.7,0,4,0.0,0.0,0.0,0.5,4,0.0,0.7,0,fewer_than_two_valid_thresholds,inactive,,,,,,,,,,,
H3B0050,S018,sobol_symmetric,0.8,0.9,32,25.6,23.040000000000003,2.56,21,21,0.0,0.0,9,9,0.1,0.1,0.5,0.5,0,9,0.5,0.5,0.5,0.5,4;6;9;12,0.5,0.7,0,insufficient_realized_post_threshold_exposure,inactive,,,,,,,,,,,
H3B0051,S019,sobol_symmetric,2.0,0.5,16,32.0,16.0,16.0,14,14,0.1,0.1,12,12,0.0,0.0,0.0,0.0,0,12,0.3,0.3,0.3,0.5,4;6;9;12,0.3,0.7,3,,supported,4.0,9.0,20.0,-0.13176369863013698,-0.07021404109589041,0.06154965753424656,0.05899331740256285,0.06410599766593027,-1.0,supported,supported
H3B0052,S020,sobol_symmetric,4.0,0.5,64,256.0,128.0,128.0,28,28,0.5,0.5,4,4,0.3,0.3,0.7,0.7,0,6,0.0,0.0,0.0,0.0,4;6;9;12,0.0,0.7,0,insufficient_realized_post_threshold_exposure,inactive,,,,,,,,,,,
H3B0053,S021,sobol_symmetric,4.0,0.3,32,128.0,38.4,89.6,28,28,0.5,0.5,6,6,0.0,0.0,0.3,0.3,0,12,0.3,0.3,0.3,0.7,4;6;9;12,0.3,0.7,1,insufficient_realized_post_threshold_exposure,inactive,,,,,,,,,,,
H3B0054,S022,sobol_symmetric,1.25,0.7,16,20.0,14.0,6.000000000000001,14,14,0.1,0.1,9,9,0.7,0.7,0.7,0.7,0,6,0.0,0.0,0.0,0.3,4;6;9;12,0.0,0.7,0,insufficient_realized_post_threshold_exposure,inactive,,,,,,,,,,,
H3B0055,S023,sobol_symmetric,0.8,0.3,64,51.2,15.36,35.84,21,21,0.0,0.0,12,12,0.1,0.1,0.1,0.1,0,4,0.0,0.0,0.0,0.7,4;6;9;12,0.0,0.7,0,insufficient_realized_post_threshold_exposure,inactive,,,,,,,,,,,
H3B0056,S024,sobol_symmetric,2.0,0.7,16,32.0,22.4,9.6,7,7,0.3,0.3,4,4,0.3,0.3,0.3,0.3,0,4,0.7,0.7,0.7,0.7,4,0.7,0.7,0,fewer_than_two_valid_thresholds;no_valid_post_threshold_increase,inactive,,,,,,,,,,,
H3B0057,S025,sobol_symmetric,2.0,0.3,64,128.0,38.4,89.6,14,14,0.0,0.0,4,4,0.0,0.0,0.5,0.5,0,12,0.3,0.3,0.3,0.7,4;6;9;12,0.3,0.7,2,,supported,4.0,6.0,20.0,-0.11894905821917809,-0.04764126712328766,0.0713077910958904,0.058693406804048824,0.08392217538773199,-0.9999999999999999,supported,supported
H3B0058,S026,sobol_symmetric,0.8,0.5,16,12.8,6.4,6.4,28,28,0.3,0.3,12,12,0.7,0.7,0.7,0.7,0,6,0.0,0.0,0.0,0.1,4;6;9;12,0.0,0.7,0,insufficient_realized_post_threshold_exposure,inactive,,,,,,,,,,,
H3B0059,S027,sobol_symmetric,1.25,0.1,64,80.0,8.0,72.0,7,7,0.5,0.5,4,4,0.1,0.1,0.3,0.3,0,4,0.3,0.3,0.3,0.3,4,0.3,0.7,0,fewer_than_two_valid_thresholds,inactive,,,,,,,,,,,
H3B0060,S028,sobol_symmetric,3.1,0.9,32,99.2,89.28,9.919999999999998,21,21,0.1,0.1,6,6,0.3,0.3,0.5,0.5,0,9,0.5,0.5,0.5,0.7,4;6;9;12,0.5,0.7,2,,supported,4.0,6.0,20.0,-0.11810359589041097,-0.09612157534246578,0.0219820205479452,0.02121921260980373,0.022744828486086673,-0.9999999999999999,supported,supported
H3B0061,S029,sobol_symmetric,4.0,0.1,16,64.0,6.4,57.6,21,21,0.1,0.1,4,4,0.0,0.0,0.7,0.7,0,4,0.0,0.0,0.0,0.3,4;6;9;12,0.0,0.7,2,,supported,4.0,6.0,20.0,-0.044854452054794526,-0.005470890410958907,0.03938356164383562,0.03785548288581966,0.040911640401851586,-0.9999999999999999,supported,supported
H3B0062,S030,sobol_symmetric,1.25,0.9,64,80.0,72.0,7.999999999999998,7,7,0.5,0.5,4,4,0.1,0.1,0.7,0.7,0,4,0.5,0.5,0.5,0.7,4,0.5,0.7,0,fewer_than_two_valid_thresholds,inactive,,,,,,,,,,,
H3B0063,S031,sobol_symmetric,1.25,0.3,32,40.0,12.0,28.0,28,28,0.3,0.3,9,9,0.0,0.0,0.1,0.1,0,12,0.3,0.3,0.3,0.3,4;6;9;12,0.3,0.7,0,insufficient_realized_post_threshold_exposure,inactive,,,,,,,,,,,
H3B0064,S032,sobol_symmetric,3.1,0.7,32,99.2,69.44,29.760000000000005,14,14,0.0,0.0,6,6,0.5,0.5,0.7,0.7,0,6,0.0,0.0,0.0,0.1,4;6;9;12,0.0,0.7,2,,supported,4.0,6.0,20.0,-0.4886943493150685,-0.40109589041095894,0.08759845890410962,0.08308990424408397,0.09210701356413528,-0.9999999999999999,supported,supported
H3B0065,S033,sobol_symmetric,3.1,0.1,64,198.4,19.840000000000003,178.56,7,7,0.5,0.5,4,4,0.0,0.0,0.0,0.0,0,4,0.5,0.5,0.5,0.5,4,0.5,0.7,0,fewer_than_two_valid_thresholds,inactive,,,,,,,,,,,
H3B0066,S034,sobol_symmetric,1.25,0.9,16,20.0,18.0,2.0,21,21,0.1,0.1,9,9,0.5,0.5,0.5,0.5,0,12,0.0,0.0,0.0,0.5,4;6;9;12,0.0,0.7,0,insufficient_realized_post_threshold_exposure,inactive,,,,,,,,,,,
H3B0067,S035,sobol_symmetric,1.25,0.3,32,40.0,12.0,28.0,14,14,0.0,0.0,12,12,0.0,0.0,0.5,0.5,0,9,0.0,0.0,0.0,0.0,4;6;9;12,0.0,0.7,4,,supported,4.0,12.0,20.0,-0.20994006849315067,-0.047825342465753436,0.16211472602739727,0.15983386163114488,0.16439559042364965,-1.0,supported,supported
H3B0068,S036,sobol_symmetric,4.0,0.7,32,128.0,89.6,38.400000000000006,28,28,0.3,0.3,4,4,0.1,0.1,0.5,0.5,0,4,0.3,0.3,0.3,0.5,4;6;9;12,0.3,0.7,1,insufficient_realized_post_threshold_exposure,inactive,,,,,,,,,,,
H3B0069,S037,sobol_symmetric,3.1,0.5,16,49.6,24.8,24.8,28,28,0.3,0.3,6,6,0.1,0.1,0.1,0.1,0,9,0.0,0.0,0.0,0.3,4;6;9;12,0.0,0.7,2,,supported,4.0,6.0,20.0,-0.08367294520547944,-0.030881849315068495,0.05279109589041094,0.05162537815548769,0.05395681362533419,-0.9999999999999999,supported,supported
H3B0070,S038,sobol_symmetric,1.25,0.5,64,80.0,40.0,40.0,14,14,0.0,0.0,9,9,0.3,0.3,0.3,0.3,0,4,0.3,0.3,0.3,0.7,4;6;9;12,0.3,0.7,0,insufficient_realized_post_threshold_exposure,inactive,,,,,,,,,,,
H3B0071,S039,sobol_symmetric,0.8,0.1,16,12.8,1.2800000000000002,11.52,21,21,0.1,0.1,12,12,0.0,0.0,0.3,0.3,0,6,0.7,0.7,0.7,0.7,4;6;9;12,0.7,0.7,0,no_valid_post_threshold_increase,inactive,,,,,,,,,,,
H3B0072,S040,sobol_symmetric,2.0,0.9,32,64.0,57.6,6.399999999999999,7,7,0.5,0.5,4,4,0.5,0.5,0.7,0.7,0,4,0.0,0.0,0.0,0.7,4,0.0,0.7,0,fewer_than_two_valid_thresholds,inactive,,,,,,,,,,,
H3B0073,S041,sobol_symmetric,2.0,0.3,16,32.0,9.6,22.4,14,14,0.1,0.1,4,4,0.1,0.1,0.3,0.3,0,9,0.0,0.0,0.0,0.1,4;6;9;12,0.0,0.7,2,,supported,4.0,6.0,20.0,-0.13616438356164387,-0.023741438356164386,0.11242294520547949,0.1087674250255224,0.11607846538543658,-0.9999999999999999,supported,supported
H3B0074,S042,sobol_symmetric,0.8,0.7,64,51.2,35.84,15.360000000000005,28,28,0.5,0.5,12,12,0.3,0.3,0.5,0.5,0,4,0.5,0.5,0.5,0.5,4;6;9;12,0.5,0.7,0,insufficient_realized_post_threshold_exposure,inactive,,,,,,,,,,,
H3B0075,S043,sobol_symmetric,1.25,0.3,16,20.0,6.0,14.0,7,7,0.3,0.3,4,4,0.0,0.0,0.5,0.5,0,4,0.5,0.5,0.5,0.7,4,0.5,0.7,0,fewer_than_two_valid_thresholds,inactive,,,,,,,,,,,
H3B0076,S044,sobol_symmetric,4.0,0.7,64,256.0,179.2,76.80000000000001,21,21,0.0,0.0,6,6,0.7,0.7,0.7,0.7,0,12,0.3,0.3,0.3,0.3,4;6;9;12,0.3,0.7,4,,supported,4.0,12.0,20.0,-0.28008133561643833,-0.24379922945205484,0.03628210616438358,0.03436569750597879,0.03819851482278837,-1.0,supported,supported
H3B0077,S045,sobol_symmetric,4.0,0.1,32,128.0,12.8,115.2,21,21,0.0,0.0,4,4,0.0,0.0,0.1,0.1,0,6,0.5,0.5,0.5,0.7,4;6;9;12,0.5,0.7,4,spearman_pattern;threshold_gradient,inconclusive,4.0,12.0,20.0,-0.01970462328767122,-0.01970462328767122,0.0,0.0,0.0,,supported,inconclusive
H3B0078,S046,sobol_symmetric,2.0,0.9,32,64.0,57.6,6.399999999999999,7,7,0.3,0.3,4,4,0.5,0.5,0.5,0.5,0,4,0.0,0.0,0.0,0.5,4,0.0,0.7,0,fewer_than_two_valid_thresholds,inactive,,,,,,,,,,,
H3B0079,S047,sobol_symmetric,0.8,0.5,64,51.2,25.6,25.6,28,28,0.5,0.5,9,9,0.0,0.0,0.7,0.7,0,9,0.0,0.0,0.0,0.1,4;6;9;12,0.0,0.7,0,insufficient_realized_post_threshold_exposure,inactive,,,,,,,,,,,
H3B0080,S048,sobol_symmetric,3.1,0.5,16,49.6,24.8,24.8,14,14,0.1,0.1,6,6,0.1,0.1,0.7,0.7,0,4,0.3,0.3,0.3,0.3,4;6;9;12,0.3,0.7,2,,supported,4.0,6.0,20.0,-0.13081335616438355,-0.06467465753424657,0.066138698630137,0.06478544545562774,0.06749195180464625,-0.9999999999999999,supported,supported
H3B0081,S049,sobol_symmetric,3.1,0.5,64,198.4,99.2,99.2,21,21,0.3,0.3,12,12,0.3,0.3,0.7,0.7,0,9,0.3,0.3,0.3,0.7,4;6;9;12,0.3,0.7,1,insufficient_realized_post_threshold_exposure,inactive,,,,,,,,,,,
H3B0082,S050,sobol_symmetric,0.8,0.5,32,25.6,12.8,12.8,7,7,0.0,0.0,4,4,0.0,0.0,0.0,0.0,0,4,0.0,0.0,0.0,0.1,4,0.0,0.7,0,fewer_than_two_valid_thresholds,inactive,,,,,,,,,,,
H3B0083,S051,sobol_symmetric,2.0,0.1,64,128.0,12.8,115.2,28,28,0.1,0.1,6,6,0.1,0.1,0.7,0.7,0,6,0.0,0.0,0.0,0.7,4;6;9;12,0.0,0.7,2,,supported,4.0,6.0,20.0,-0.045723458904109615,-0.005175513698630119,0.040547945205479496,0.03991024592752553,0.04118564448343346,-0.9999999999999999,supported,supported
H3B0084,S052,sobol_symmetric,4.0,0.9,16,64.0,57.6,6.399999999999999,14,14,0.5,0.5,9,9,0.0,0.0,0.7,0.7,0,12,0.7,0.7,0.7,0.7,4;6;9;12,0.7,0.7,0,no_valid_post_threshold_increase,inactive,,,,,,,,,,,
H3B0085,S053,sobol_symmetric,4.0,0.1,32,128.0,12.8,115.2,14,14,0.5,0.5,12,12,0.3,0.3,0.5,0.5,0,6,0.0,0.0,0.0,0.5,4;6;9;12,0.0,0.7,1,insufficient_realized_post_threshold_exposure,inactive,,,,,,,,,,,
H3B0086,S054,sobol_symmetric,1.25,0.7,32,40.0,28.0,12.000000000000002,28,28,0.1,0.1,4,4,0.1,0.1,0.3,0.3,0,12,0.5,0.5,0.5,0.5,4;6;9;12,0.5,0.7,0,insufficient_realized_post_threshold_exposure,inactive,,,,,,,,,,,
H3B0087,S055,sobol_symmetric,0.8,0.3,16,12.8,3.84,8.959999999999999,7,7,0.0,0.0,4,4,0.5,0.5,0.7,0.7,0,4,0.3,0.3,0.3,0.3,4,0.3,0.7,0,fewer_than_two_valid_thresholds,inactive,,,,,,,,,,,
H3B0088,S056,sobol_symmetric,2.0,0.7,64,128.0,89.6,38.400000000000006,21,21,0.3,0.3,9,9,0.0,0.0,0.1,0.1,0,4,0.0,0.0,0.0,0.0,4;6;9;12,0.0,0.7,1,insufficient_realized_post_threshold_exposure,inactive,,,,,,,,,,,
H3B0089,S057,sobol_symmetric,3.1,0.1,16,49.6,4.960000000000001,44.64,28,28,0.0,0.0,9,9,0.3,0.3,0.5,0.5,0,6,0.0,0.0,0.0,0.5,4;6;9;12,0.0,0.7,4,spearman_pattern;threshold_gradient,inconclusive,4.0,12.0,20.0,-0.0704537671232877,-0.0704537671232877,0.0,0.0,0.0,,supported,inconclusive
H3B0090,S058,sobol_symmetric,0.8,0.9,64,51.2,46.080000000000005,5.119999999999999,14,14,0.3,0.3,6,6,0.1,0.1,0.5,0.5,0,12,0.5,0.5,0.5,0.5,4;6;9;12,0.5,0.7,0,insufficient_realized_post_threshold_exposure,inactive,,,,,,,,,,,
H3B0091,S059,sobol_symmetric,1.25,0.3,32,40.0,12.0,28.0,21,21,0.5,0.5,4,4,0.7,0.7,0.7,0.7,0,9,0.3,0.3,0.3,0.5,4;6;9;12,0.3,0.7,0,insufficient_realized_post_threshold_exposure,inactive,,,,,,,,,,,
H3B0092,S060,sobol_symmetric,4.0,0.5,32,128.0,64.0,64.0,7,7,0.1,0.1,4,4,0.0,0.0,0.5,0.5,0,4,0.0,0.0,0.0,0.0,4,0.0,0.7,0,fewer_than_two_valid_thresholds,inactive,,,,,,,,,,,
H3B0093,S061,sobol_symmetric,4.0,0.3,64,256.0,76.8,179.2,7,7,0.1,0.1,4,4,0.5,0.5,0.5,0.5,0,4,0.3,0.3,0.3,0.5,4,0.3,0.7,0,fewer_than_two_valid_thresholds,inactive,,,,,,,,,,,
H3B0094,S062,sobol_symmetric,2.0,0.7,16,32.0,22.4,9.6,21,21,0.5,0.5,6,6,0.0,0.0,0.0,0.0,0,4,0.0,0.0,0.0,0.3,4;6;9;12,0.0,0.7,0,insufficient_realized_post_threshold_exposure,inactive,,,,,,,,,,,
H3B0095,S063,sobol_symmetric,1.25,0.1,32,40.0,4.0,36.0,14,14,0.3,0.3,4,4,0.3,0.3,0.3,0.3,0,6,0.0,0.0,0.0,0.7,4;6;9;12,0.0,0.7,0,insufficient_realized_post_threshold_exposure,inactive,,,,,,,,,,,
H3B0096,S064,sobol_symmetric,3.1,0.9,16,49.6,44.64,4.959999999999999,28,28,0.0,0.0,12,12,0.1,0.1,0.1,0.1,0,12,0.7,0.7,0.7,0.7,4;6;9;12,0.7,0.7,0,no_valid_post_threshold_increase,inactive,,,,,,,,,,,
H3B0097,S065,sobol_symmetric,3.1,0.1,64,198.4,19.840000000000003,178.56,14,14,0.1,0.1,9,9,0.1,0.1,0.1,0.1,0,12,0.3,0.3,0.3,0.5,4;6;9;12,0.3,0.7,4,,supported,4.0,12.0,20.0,-0.026729452054794517,-0.011449058219178094,0.015280393835616423,0.014872305699900258,0.015688481971332588,-1.0,supported,supported
H3B0098,S066,sobol_symmetric,1.25,0.9,16,20.0,18.0,2.0,28,28,0.5,0.5,6,6,0.3,0.3,0.3,0.3,0,6,0.0,0.0,0.0,0.0,4;6;9;12,0.0,0.7,0,insufficient_realized_post_threshold_exposure,inactive,,,,,,,,,,,
H3B0099,S067,sobol_symmetric,2.0,0.5,64,128.0,64.0,64.0,7,7,0.3,0.3,4,4,0.0,0.0,0.3,0.3,0,4,0.0,0.0,0.0,0.5,4,0.0,0.7,0,fewer_than_two_valid_thresholds,inactive,,,,,,,,,,,
H3B0100,S068,sobol_symmetric,4.0,0.7,16,64.0,44.8,19.200000000000003,21,21,0.0,0.0,12,12,0.5,0.5,0.7,0.7,0,9,0.5,0.5,0.5,0.5,4;6;9;12,0.5,0.7,4,spearman_pattern;threshold_gradient,inconclusive,4.0,12.0,20.0,-0.13847602739726028,-0.13847602739726028,0.0,0.0,0.0,,supported,inconclusive
H3B0101,S069,sobol_symmetric,4.0,0.3,32,128.0,38.4,89.6,21,21,0.0,0.0,9,9,0.0,0.0,0.0,0.0,0,4,0.0,0.0,0.0,0.7,4;6;9;12,0.0,0.7,4,spearman_pattern;threshold_gradient,inconclusive,4.0,12.0,20.0,-0.21027825342465753,-0.21027825342465753,0.0,0.0,0.0,,supported,inconclusive
H3B0102,S070,sobol_symmetric,1.25,0.7,32,40.0,28.0,12.000000000000002,7,7,0.3,0.3,4,4,0.3,0.3,0.7,0.7,0,4,0.7,0.7,0.7,0.7,4,0.7,0.7,0,fewer_than_two_valid_thresholds;no_valid_post_threshold_increase,inactive,,,,,,,,,,,
H3B0103,S071,sobol_symmetric,0.8,0.1,16,12.8,1.2800000000000002,11.52,28,28,0.5,0.5,4,4,0.0,0.0,0.7,0.7,0,12,0.3,0.3,0.3,0.7,4;6;9;12,0.3,0.7,0,insufficient_realized_post_threshold_exposure,inactive,,,,,,,,,,,
H3B0104,S072,sobol_symmetric,3.1,0.9,64,198.4,178.56,19.84,14,14,0.1,0.1,12,12,0.1,0.1,0.5,0.5,0,6,0.0,0.0,0.0,0.3,4;6;9;12,0.0,0.7,4,,supported,4.0,12.0,20.0,-0.4125278253424658,-0.133259845890411,0.2792679794520548,0.2776362676695717,0.28089969123453784,-1.0,supported,supported
H3B0105,S073,sobol_symmetric,2.0,0.5,16,32.0,16.0,16.0,7,7,0.5,0.5,4,4,0.0,0.0,0.1,0.1,0,4,0.3,0.3,0.3,0.3,4,0.3,0.7,0,fewer_than_two_valid_thresholds,inactive,,,,,,,,,,,
H3B0106,S074,sobol_symmetric,0.8,0.5,64,51.2,25.6,25.6,21,21,0.1,0.1,4,4,0.5,0.5,0.5,0.5,0,9,0.5,0.5,0.5,0.7,4;6;9;12,0.5,0.7,0,insufficient_realized_post_threshold_exposure,inactive,,,,,,,,,,,
H3B0107,S075,sobol_symmetric,1.25,0.1,32,40.0,4.0,36.0,14,14,0.0,0.0,6,6,0.0,0.0,0.7,0.7,0,12,0.5,0.5,0.5,0.5,4;6;9;12,0.5,0.7,2,,supported,4.0,6.0,20.0,-0.019700342465753442,-0.0018964041095890533,0.017803938356164388,0.017221895586910244,0.018385981125418532,-0.9999999999999999,supported,supported
H3B0108,S076,sobol_symmetric,4.0,0.9,32,128.0,115.2,12.799999999999995,28,28,0.3,0.3,9,9,0.1,0.1,0.7,0.7,0,6,0.0,0.0,0.0,0.1,4;6;9;12,0.0,0.7,2,,supported,4.0,6.0,20.0,-0.1525256849315068,-0.07337328767123281,0.07915239726027398,0.07812598800797511,0.08017880651257285,-0.9999999999999999,supported,supported
H3B0109,S077,sobol_symmetric,4.0,0.3,64,256.0,76.8,179.2,28,28,0.3,0.3,12,12,0.1,0.1,0.3,0.3,0,12,0.3,0.3,0.3,0.3,4;6;9;12,0.3,0.7,2,,supported,4.0,6.0,20.0,-0.028627996575342474,-0.014094606164383554,0.014533390410958918,0.01418805464820058,0.014878726173717256,-0.9999999999999999,supported,supported
H3B0110,S078,sobol_symmetric,2.0,0.7,16,32.0,22.4,9.6,14,14,0.0,0.0,4,4,0.3,0.3,0.5,0.5,0,6,0.0,0.0,0.0,0.1,4;6;9;12,0.0,0.7,4,,supported,4.0,12.0,20.0,-0.4723373287671232,-0.011455479452054796,0.4608818493150684,0.4512491889840945,0.47051450964604236,-1.0,supported,supported
H3B0111,S079,sobol_symmetric,0.8,0.3,64,51.2,15.36,35.84,21,21,0.1,0.1,6,6,0.0,0.0,0.5,0.5,0,4,0.0,0.0,0.0,0.3,4;6;9;12,0.0,0.7,0,insufficient_realized_post_threshold_exposure,inactive,,,,,,,,,,,
H3B0112,S080,sobol_symmetric,3.1,0.7,32,99.2,69.44,29.760000000000005,7,7,0.5,0.5,4,4,0.7,0.7,0.7,0.7,0,4,0.5,0.5,0.5,0.7,4,0.5,0.7,0,fewer_than_two_valid_thresholds,inactive,,,,,,,,,,,
H3B0113,S081,sobol_symmetric,3.1,0.3,64,198.4,59.52,138.88,28,28,0.0,0.0,4,4,0.3,0.3,0.3,0.3,0,4,0.7,0.7,0.7,0.7,4;6;9;12,0.7,0.7,0,no_valid_post_threshold_increase,inactive,,,,,,,,,,,
H3B0114,S082,sobol_symmetric,0.8,0.7,16,12.8,8.959999999999999,3.8400000000000007,14,14,0.3,0.3,12,12,0.1,0.1,0.3,0.3,0,9,0.0,0.0,0.0,0.7,4;6;9;12,0.0,0.7,0,insufficient_realized_post_threshold_exposure,inactive,,,,,,,,,,,
H3B0115,S083,sobol_symmetric,2.0,0.1,32,64.0,6.4,57.6,21,21,0.5,0.5,9,9,0.5,0.5,0.7,0.7,0,12,0.0,0.0,0.0,0.1,4;6;9;12,0.0,0.7,0,insufficient_realized_post_threshold_exposure,inactive,,,,,,,,,,,
H3B0116,S084,sobol_symmetric,4.0,0.7,32,128.0,89.6,38.400000000000006,7,7,0.1,0.1,4,4,0.0,0.0,0.3,0.3,0,4,0.3,0.3,0.3,0.7,4,0.3,0.7,0,fewer_than_two_valid_thresholds,inactive,,,,,,,,,,,
H3B0117,S085,sobol_symmetric,4.0,0.1,16,64.0,6.4,57.6,7,7,0.1,0.1,4,4,0.3,0.3,0.7,0.7,0,4,0.0,0.0,0.0,0.1,4,0.0,0.7,0,fewer_than_two_valid_thresholds,inactive,,,,,,,,,,,
H3B0118,S086,sobol_symmetric,1.25,0.9,64,80.0,72.0,7.999999999999998,21,21,0.5,0.5,12,12,0.0,0.0,0.0,0.0,0,6,0.3,0.3,0.3,0.3,4;6;9;12,0.3,0.7,0,insufficient_realized_post_threshold_exposure,inactive,,,,,,,,,,,
H3B0119,S087,sobol_symmetric,0.8,0.5,32,25.6,12.8,12.8,14,14,0.3,0.3,9,9,0.1,0.1,0.7,0.7,0,4,0.5,0.5,0.5,0.7,4;6;9;12,0.5,0.7,0,insufficient_realized_post_threshold_exposure,inactive,,,,,,,,,,,
H3B0120,S088,sobol_symmetric,2.0,0.5,64,128.0,64.0,64.0,28,28,0.0,0.0,6,6,0.0,0.0,0.7,0.7,0,9,0.0,0.0,0.0,0.5,4;6;9;12,0.0,0.7,2,,supported,4.0,6.0,20.0,-0.35164169520547944,-0.15108090753424658,0.2005607876712329,0.19907409679332877,0.20204747854913702,-0.9999999999999999,supported,supported
H3B0121,S089,sobol_symmetric,2.0,0.1,16,32.0,3.2,28.8,21,21,0.3,0.3,6,6,0.5,0.5,0.5,0.5,0,12,0.0,0.0,0.0,0.0,4;6;9;12,0.0,0.7,0,insufficient_realized_post_threshold_exposure,inactive,,,,,,,,,,,
H3B0122,S090,sobol_symmetric,0.8,0.9,32,25.6,23.040000000000003,2.56,7,7,0.0,0.0,4,4,0.0,0.0,0.1,0.1,0,4,0.3,0.3,0.3,0.5,4,0.3,0.7,0,fewer_than_two_valid_thresholds,inactive,,,,,,,,,,,
H3B0123,S091,sobol_symmetric,1.25,0.3,16,20.0,6.0,14.0,28,28,0.1,0.1,12,12,0.1,0.1,0.7,0.7,0,4,0.5,0.5,0.5,0.5,4;6;9;12,0.5,0.7,0,insufficient_realized_post_threshold_exposure,inactive,,,,,,,,,,,
H3B0124,S092,sobol_symmetric,3.1,0.7,64,198.4,138.88,59.52000000000001,14,14,0.5,0.5,4,4,0.1,0.1,0.1,0.1,0,9,0.0,0.0,0.0,0.5,4;6;9;12,0.0,0.7,1,insufficient_realized_post_threshold_exposure,inactive,,,,,,,,,,,
H3B0125,S093,sobol_symmetric,4.0,0.3,32,128.0,38.4,89.6,14,14,0.5,0.5,6,6,0.3,0.3,0.7,0.7,0,4,0.7,0.7,0.7,0.7,4;6;9;12,0.7,0.7,0,no_valid_post_threshold_increase,inactive,,,,,,,,,,,
H3B0126,S094,sobol_symmetric,2.0,0.5,32,64.0,32.0,32.0,28,28,0.1,0.1,9,9,0.1,0.1,0.5,0.5,0,9,0.0,0.0,0.0,0.7,4;6;9;12,0.0,0.7,3,,supported,4.0,9.0,20.0,-0.2279109589041096,-0.005098458904109588,0.2228125,0.2209896936439073,0.2246353063560927,-1.0,supported,supported
H3B0127,S095,sobol_symmetric,1.25,0.1,64,80.0,8.0,72.0,7,7,0.0,0.0,4,4,0.7,0.7,0.7,0.7,0,4,0.0,0.0,0.0,0.3,4,0.0,0.7,0,fewer_than_two_valid_thresholds,inactive,,,,,,,,,,,
H3B0128,S096,sobol_symmetric,3.1,0.9,16,49.6,44.64,4.959999999999999,21,21,0.3,0.3,4,4,0.0,0.0,0.3,0.3,0,6,0.3,0.3,0.3,0.7,4;6;9;12,0.3,0.7,1,insufficient_realized_post_threshold_exposure,inactive,,,,,,,,,,,
H3B0129,S097,sobol_symmetric,3.1,0.5,32,99.2,49.6,49.6,28,28,0.1,0.1,4,4,0.5,0.5,0.7,0.7,0,6,0.3,0.3,0.3,0.3,4;6;9;12,0.3,0.7,1,insufficient_realized_post_threshold_exposure,inactive,,,,,,,,,,,
H3B0130,S098;X032,sobol_symmetric,0.8,0.7,32,25.6,17.919999999999998,7.6800000000000015,14,14,0.5,0.5,12,12,0.0,0.0,0.3,0.3,0,12,0.5,0.5,0.5,0.7,4;6;9;12,0.5,0.7,0,insufficient_realized_post_threshold_exposure,inactive,,,,,,,,,,,
H3B0131,S099,sobol_symmetric,1.25,0.1,16,20.0,2.0,18.0,21,21,0.3,0.3,9,9,0.3,0.3,0.5,0.5,0,9,0.3,0.3,0.3,0.7,4;6;9;12,0.3,0.7,0,insufficient_realized_post_threshold_exposure,inactive,,,,,,,,,,,
H3B0132,S100,sobol_symmetric,4.0,0.9,64,256.0,230.4,25.599999999999994,7,7,0.0,0.0,4,4,0.1,0.1,0.3,0.3,0,4,0.0,0.0,0.0,0.1,4,0.0,0.7,0,fewer_than_two_valid_thresholds,inactive,,,,,,,,,,,
H3B0133,S101,sobol_symmetric,3.1,0.1,64,198.4,19.840000000000003,178.56,7,7,0.0,0.0,4,4,0.1,0.1,0.7,0.7,0,4,0.3,0.3,0.3,0.5,4,0.3,0.7,0,fewer_than_two_valid_thresholds,inactive,,,,,,,,,,,
H3B0134,S102,sobol_symmetric,1.25,0.9,16,20.0,18.0,2.0,21,21,0.3,0.3,12,12,0.0,0.0,0.7,0.7,0,4,0.0,0.0,0.0,0.0,4;6;9;12,0.0,0.7,0,insufficient_realized_post_threshold_exposure,inactive,,,,,,,,,,,
H3B0135,S103,sobol_symmetric,0.8,0.3,64,51.2,15.36,35.84,14,14,0.5,0.5,9,9,0.3,0.3,0.7,0.7,0,6,0.0,0.0,0.0,0.5,4;6;9;12,0.0,0.7,0,insufficient_realized_post_threshold_exposure,inactive,,,,,,,,,,,
H3B0136,S104,sobol_symmetric,2.0,0.7,16,32.0,22.4,9.6,28,28,0.1,0.1,6,6,0.0,0.0,0.0,0.0,0,12,0.5,0.5,0.5,0.7,4;6;9;12,0.5,0.7,3,,supported,4.0,9.0,20.0,-0.09215753424657536,-0.05011986301369864,0.0420376712328767,0.040227774188040105,0.0438475682777133,-1.0,supported,supported
H3B0137,S105,sobol_symmetric,2.0,0.1,64,128.0,12.8,115.2,21,21,0.5,0.5,6,6,0.3,0.3,0.3,0.3,0,9,0.3,0.3,0.3,0.5,4;6;9;12,0.3,0.7,0,insufficient_realized_post_threshold_exposure,inactive,,,,,,,,,,,
H3B0138,S106,sobol_symmetric,0.8,0.9,16,12.8,11.52,1.2799999999999998,7,7,0.1,0.1,4,4,0.1,0.1,0.1,0.1,0,4,0.0,0.0,0.0,0.0,4,0.0,0.7,0,fewer_than_two_valid_thresholds,inactive,,,,,,,,,,,
H3B0139,S107,sobol_symmetric,1.25,0.5,32,40.0,20.0,20.0,28,28,0.0,0.0,12,12,0.5,0.5,0.5,0.5,0,6,0.0,0.0,0.0,0.5,4;6;9;12,0.0,0.7,0,insufficient_realized_post_threshold_exposure,inactive,,,,,,,,,,,
H3B0140,S108,sobol_symmetric,4.0,0.5,16,64.0,32.0,32.0,14,14,0.3,0.3,4,4,0.0,0.0,0.1,0.1,0,12,0.5,0.5,0.5,0.5,4;6;9;12,0.5,0.7,2,,supported,4.0,6.0,20.0,-0.02397260273972603,-0.011652397260273981,0.012320205479452048,0.01176835691269482,0.012872054046209277,-0.9999999999999999,supported,supported
H3B0141,S109,sobol_symmetric,4.0,0.3,16,64.0,19.2,44.8,14,14,0.3,0.3,6,6,0.7,0.7,0.7,0.7,0,6,0.0,0.0,0.0,0.7,4;6;9;12,0.0,0.7,0,insufficient_realized_post_threshold_exposure,inactive,,,,,,,,,,,
H3B0142,S110,sobol_symmetric,2.0,0.7,64,128.0,89.6,38.400000000000006,28,28,0.0,0.0,9,9,0.0,0.0,0.5,0.5,0,12,0.7,0.7,0.7,0.7,4;6;9;12,0.7,0.7,0,no_valid_post_threshold_increase,inactive,,,,,,,,,,,
H3B0143,S111,sobol_symmetric,0.8,0.3,32,25.6,7.68,17.919999999999998,7,7,0.1,0.1,4,4,0.3,0.3,0.5,0.5,0,4,0.3,0.3,0.3,0.7,4,0.3,0.7,0,fewer_than_two_valid_thresholds,inactive,,,,,,,,,,,
H3B0144,S112,sobol_symmetric,3.1,0.9,32,99.2,89.28,9.919999999999998,21,21,0.5,0.5,4,4,0.1,0.1,0.5,0.5,0,4,0.0,0.0,0.0,0.3,4;6;9;12,0.0,0.7,0,insufficient_realized_post_threshold_exposure,inactive,,,,,,,,,,,
H3B0145,S113,sobol_symmetric,3.1,0.3,16,49.6,14.88,34.72,14,14,0.0,0.0,9,9,0.0,0.0,0.3,0.3,0,9,0.0,0.0,0.0,0.0,4;6;9;12,0.0,0.7,4,threshold_gradient,inconclusive,4.0,12.0,20.0,-0.20921232876712326,-0.209195205479452,1.712328767122795e-05,-7.5431155539783415e-06,4.1789690896434236e-05,-0.7745966692414834,supported,inconclusive
H3B0146,S114,sobol_symmetric,0.8,0.7,64,51.2,35.84,15.360000000000005,28,28,0.3,0.3,6,6,0.5,0.5,0.7,0.7,0,4,0.3,0.3,0.3,0.5,4;6;9;12,0.3,0.7,0,insufficient_realized_post_threshold_exposure,inactive,,,,,,,,,,,
H3B0147,S115,sobol_symmetric,2.0,0.3,16,32.0,9.6,22.4,7,7,0.5,0.5,4,4,0.1,0.1,0.3,0.3,0,4,0.5,0.5,0.5,0.5,4,0.5,0.7,0,fewer_than_two_valid_thresholds,inactive,,,,,,,,,,,
H3B0148,S116,sobol_symmetric,4.0,0.7,32,128.0,89.6,38.400000000000006,21,21,0.1,0.1,12,12,0.3,0.3,0.3,0.3,0,12,0.0,0.0,0.0,0.5,4;6;9;12,0.0,0.7,4,,supported,4.0,12.0,20.0,-0.3230693493150684,-0.13786815068493147,0.185201198630137,0.1837661902985779,0.1866362069616961,-1.0,supported,supported
H3B0149,S117,sobol_symmetric,4.0,0.5,64,256.0,128.0,128.0,21,21,0.1,0.1,9,9,0.0,0.0,0.5,0.5,0,6,0.7,0.7,0.7,0.7,4;6;9;12,0.7,0.7,0,no_valid_post_threshold_increase,inactive,,,,,,,,,,,
H3B0150,S118,sobol_symmetric,1.25,0.5,16,20.0,10.0,10.0,7,7,0.5,0.5,4,4,0.1,0.1,0.5,0.5,0,4,0.0,0.0,0.0,0.7,4,0.0,0.7,0,fewer_than_two_valid_thresholds,inactive,,,,,,,,,,,
H3B0151,S119,sobol_symmetric,0.8,0.1,32,25.6,2.5600000000000005,23.040000000000003,28,28,0.3,0.3,4,4,0.0,0.0,0.0,0.0,0,9,0.0,0.0,0.0,0.3,4;6;9;12,0.0,0.7,0,insufficient_realized_post_threshold_exposure,inactive,,,,,,,,,,,
H3B0152,S120,sobol_symmetric,2.0,0.9,32,64.0,57.6,6.399999999999999,14,14,0.0,0.0,12,12,0.5,0.5,0.5,0.5,0,4,0.3,0.3,0.3,0.7,4;6;9;12,0.3,0.7,2,,supported,4.0,6.0,20.0,-0.03380993150684931,-0.009041095890410956,0.02476883561643835,0.0025981276619852015,0.0469395435708915,-0.9999999999999999,supported,supported
H3B0153,S121,sobol_symmetric,3.1,0.3,32,99.2,29.76,69.44,7,7,0.3,0.3,4,4,0.1,0.1,0.1,0.1,0,4,0.5,0.5,0.5,0.7,4,0.5,0.7,0,fewer_than_two_valid_thresholds,inactive,,,,,,,,,,,
H3B0154,S122,sobol_symmetric,0.8,0.7,32,25.6,17.919999999999998,7.6800000000000015,21,21,0.0,0.0,4,4,0.1,0.1,0.7,0.7,0,12,0.3,0.3,0.3,0.3,4;6;9;12,0.3,0.7,0,insufficient_realized_post_threshold_exposure,inactive,,,,,,,,,,,
H3B0155,S123,sobol_symmetric,1.25,0.1,64,80.0,8.0,72.0,14,14,0.1,0.1,6,6,0.0,0.0,0.1,0.1,0,9,0.0,0.0,0.0,0.1,4;6;9;12,0.0,0.7,0,insufficient_realized_post_threshold_exposure,inactive,,,,,,,,,,,
H3B0156,S124,sobol_symmetric,3.1,0.9,16,49.6,44.64,4.959999999999999,28,28,0.5,0.5,9,9,0.5,0.5,0.5,0.5,0,4,0.5,0.5,0.5,0.5,4;6;9;12,0.5,0.7,0,insufficient_realized_post_threshold_exposure,inactive,,,,,,,,,,,
H3B0157,S125;X059,sobol_symmetric,4.0,0.1,32,128.0,12.8,115.2,28,28,0.5,0.5,12,12,0.0,0.0,0.5,0.5,0,9,0.0,0.0,0.0,0.1,4;6;9;12,0.0,0.7,1,insufficient_realized_post_threshold_exposure,inactive,,,,,,,,,,,
H3B0158,S126,sobol_symmetric,2.0,0.9,64,128.0,115.2,12.799999999999995,14,14,0.1,0.1,4,4,0.7,0.7,0.7,0.7,0,4,0.3,0.3,0.3,0.3,4;6;9;12,0.3,0.7,0,insufficient_realized_post_threshold_exposure,inactive,,,,,,,,,,,
H3B0159,S127,sobol_symmetric,1.25,0.3,16,20.0,6.0,14.0,21,21,0.0,0.0,6,6,0.1,0.1,0.3,0.3,0,6,0.5,0.5,0.5,0.7,4;6;9;12,0.5,0.7,2,,supported,4.0,6.0,20.0,-0.0585445205479452,-0.02445205479452054,0.034092465753424665,0.03206193146177001,0.03612300004507932,-0.9999999999999999,supported,supported
H3B0160,S128,sobol_symmetric,3.1,0.5,64,198.4,99.2,99.2,7,7,0.3,0.3,4,4,0.3,0.3,0.5,0.5,0,4,0.0,0.0,0.0,0.3,4,0.0,0.7,0,fewer_than_two_valid_thresholds,inactive,,,,,,,,,,,
H3B0161,S129,sobol_symmetric,3.1,0.3,32,99.2,29.76,69.44,21,21,0.0,0.0,4,4,0.0,0.0,0.1,0.1,0,12,0.0,0.0,0.0,0.3,4;6;9;12,0.0,0.7,4,spearman_pattern;threshold_gradient,inconclusive,4.0,12.0,20.0,-0.21097174657534246,-0.21097174657534246,0.0,0.0,0.0,,supported,inconclusive
H3B0162,S130,sobol_symmetric,1.25,0.7,64,80.0,56.0,24.000000000000004,7,7,0.3,0.3,4,4,0.5,0.5,0.5,0.5,0,4,0.3,0.3,0.3,0.7,4,0.3,0.7,0,fewer_than_two_valid_thresholds,inactive,,,,,,,,,,,
H3B0163,S131,sobol_symmetric,2.0,0.3,16,32.0,9.6,22.4,28,28,0.5,0.5,9,9,0.1,0.1,0.1,0.1,0,4,0.7,0.7,0.7,0.7,4;6;9;12,0.7,0.7,0,no_valid_post_threshold_increase,inactive,,,,,,,,,,,
H3B0164,S132,sobol_symmetric,4.0,0.7,64,256.0,179.2,76.80000000000001,14,14,0.1,0.1,6,6,0.1,0.1,0.7,0.7,0,9,0.0,0.0,0.0,0.7,4;6;9;12,0.0,0.7,2,,supported,4.0,6.0,20.0,-0.3206571061643836,-0.2520483732876712,0.06860873287671235,0.06751813524154843,0.06969933051187627,-0.9999999999999999,supported,supported
H3B0165,S133,sobol_symmetric,3.1,0.5,32,99.2,49.6,49.6,14,14,0.1,0.1,4,4,0.1,0.1,0.3,0.3,0,4,0.5,0.5,0.5,0.5,4;6;9;12,0.5,0.7,4,,supported,4.0,12.0,20.0,-0.06595890410958904,-0.019833047945205497,0.04612585616438356,0.04506428698495155,0.04718742534381557,-1.0,supported,supported
H3B0166,S134,sobol_symmetric,1.25,0.5,32,40.0,20.0,20.0,28,28,0.5,0.5,12,12,0.3,0.3,0.5,0.5,0,9,0.0,0.0,0.0,0.5,4;6;9;12,0.0,0.7,0,insufficient_realized_post_threshold_exposure,inactive,,,,,,,,,,,
H3B0167,S135,sobol_symmetric,0.8,0.1,64,51.2,5.120000000000001,46.080000000000005,7,7,0.3,0.3,4,4,0.0,0.0,0.5,0.5,0,4,0.0,0.0,0.0,0.0,4,0.0,0.7,0,fewer_than_two_valid_thresholds,inactive,,,,,,,,,,,
H3B0168,S136,sobol_symmetric,3.1,0.9,16,49.6,44.64,4.959999999999999,21,21,0.0,0.0,6,6,0.7,0.7,0.7,0.7,0,6,0.3,0.3,0.3,0.5,4;6;9;12,0.3,0.7,0,insufficient_realized_post_threshold_exposure,inactive,,,,,,,,,,,
H3B0169,S137,sobol_symmetric,2.0,0.3,64,128.0,38.4,89.6,28,28,0.3,0.3,6,6,0.1,0.1,0.1,0.1,0,4,0.5,0.5,0.5,0.7,4;6;9;12,0.5,0.7,0,insufficient_realized_post_threshold_exposure,inactive,,,,,,,,,,,
H3B0170,S138,sobol_symmetric,0.8,0.7,16,12.8,8.959999999999999,3.8400000000000007,14,14,0.0,0.0,9,9,0.3,0.3,0.3,0.3,0,9,0.0,0.0,0.0,0.3,4;6;9;12,0.0,0.7,0,insufficient_realized_post_threshold_exposure,inactive,,,,,,,,,,,
H3B0171,S139,sobol_symmetric,1.25,0.1,32,40.0,4.0,36.0,21,21,0.1,0.1,12,12,0.0,0.0,0.3,0.3,0,12,0.0,0.0,0.0,0.1,4;6;9;12,0.0,0.7,1,insufficient_realized_post_threshold_exposure,inactive,,,,,,,,,,,
H3B0172,S140,sobol_symmetric,4.0,0.9,32,128.0,115.2,12.799999999999995,7,7,0.5,0.5,4,4,0.5,0.5,0.7,0.7,0,4,0.3,0.3,0.3,0.3,4,0.3,0.7,0,fewer_than_two_valid_thresholds,inactive,,,,,,,,,,,
H3B0173,S141,sobol_symmetric,4.0,0.1,16,64.0,6.4,57.6,7,7,0.5,0.5,4,4,0.0,0.0,0.0,0.0,0,4,0.0,0.0,0.0,0.1,4,0.0,0.7,0,fewer_than_two_valid_thresholds,inactive,,,,,,,,,,,
H3B0174,S142,sobol_symmetric,2.0,0.9,64,128.0,115.2,12.799999999999995,21,21,0.1,0.1,9,9,0.3,0.3,0.7,0.7,0,6,0.3,0.3,0.3,0.7,4;6;9;12,0.3,0.7,1,insufficient_realized_post_threshold_exposure,inactive,,,,,,,,,,,
H3B0175,S143,sobol_symmetric,0.8,0.5,16,12.8,6.4,6.4,14,14,0.0,0.0,12,12,0.0,0.0,0.5,0.5,0,4,0.5,0.5,0.5,0.7,4;6;9;12,0.5,0.7,0,insufficient_realized_post_threshold_exposure,inactive,,,,,,,,,,,
H3B0176,S144,sobol_symmetric,3.1,0.5,32,99.2,49.6,49.6,28,28,0.3,0.3,4,4,0.1,0.1,0.5,0.5,0,9,0.3,0.3,0.3,0.3,4;6;9;12,0.3,0.7,1,insufficient_realized_post_threshold_exposure,inactive,,,,,,,,,,,
H3B0177,S145,sobol_symmetric,3.1,0.3,16,49.6,14.88,34.72,7,7,0.1,0.1,4,4,0.5,0.5,0.5,0.5,0,4,0.0,0.0,0.0,0.5,4,0.0,0.7,0,fewer_than_two_valid_thresholds,inactive,,,,,,,,,,,
H3B0178,S146,sobol_symmetric,0.8,0.5,64,51.2,25.6,25.6,21,21,0.5,0.5,6,6,0.0,0.0,0.1,0.1,0,9,0.5,0.5,0.5,0.7,4;6;9;12,0.5,0.7,0,insufficient_realized_post_threshold_exposure,inactive,,,,,,,,,,,
H3B0179,S147,sobol_symmetric,2.0,0.1,32,64.0,6.4,57.6,14,14,0.3,0.3,4,4,0.3,0.3,0.3,0.3,0,12,0.3,0.3,0.3,0.5,4;6;9;12,0.3,0.7,0,insufficient_realized_post_threshold_exposure,inactive,,,,,,,,,,,
H3B0180,S148,sobol_symmetric,4.0,0.9,32,128.0,115.2,12.799999999999995,28,28,0.0,0.0,12,12,0.1,0.1,0.1,0.1,0,6,0.0,0.0,0.0,0.0,4;6;9;12,0.0,0.7,4,spearman_pattern;threshold_gradient,inconclusive,4.0,12.0,20.0,-0.6302354452054795,-0.6302354452054795,0.0,0.0,0.0,,supported,inconclusive
H3B0181,S149,sobol_symmetric,4.0,0.1,64,256.0,25.6,230.4,28,28,0.0,0.0,9,9,0.3,0.3,0.5,0.5,0,12,0.3,0.3,0.3,0.7,4;6;9;12,0.3,0.7,4,spearman_pattern;threshold_gradient,inconclusive,4.0,12.0,20.0,-0.039606164383561654,-0.039606164383561654,0.0,0.0,0.0,,supported,inconclusive
H3B0182,S150,sobol_symmetric,1.25,0.9,16,20.0,18.0,2.0,14,14,0.3,0.3,6,6,0.1,0.1,0.5,0.5,0,6,0.0,0.0,0.0,0.1,4;6;9;12,0.0,0.7,0,insufficient_realized_post_threshold_exposure,inactive,,,,,,,,,,,
H3B0183,S151,sobol_symmetric,0.8,0.3,64,51.2,15.36,35.84,21,21,0.5,0.5,4,4,0.7,0.7,0.7,0.7,0,4,0.3,0.3,0.3,0.3,4;6;9;12,0.3,0.7,0,insufficient_realized_post_threshold_exposure,inactive,,,,,,,,,,,
H3B0184,S152,sobol_symmetric,2.0,0.7,16,32.0,22.4,9.6,7,7,0.1,0.1,4,4,0.0,0.0,0.5,0.5,0,4,0.7,0.7,0.7,0.7,4,0.7,0.7,0,fewer_than_two_valid_thresholds;no_valid_post_threshold_increase,inactive,,,,,,,,,,,
H3B0185,S153,sobol_symmetric,2.0,0.1,64,128.0,12.8,115.2,14,14,0.5,0.5,12,12,0.3,0.3,0.5,0.5,0,12,0.3,0.3,0.3,0.7,4;6;9;12,0.3,0.7,0,insufficient_realized_post_threshold_exposure,inactive,,,,,,,,,,,
H3B0186,S154,sobol_symmetric,0.8,0.9,32,25.6,23.040000000000003,2.56,28,28,0.1,0.1,4,4,0.1,0.1,0.3,0.3,0,6,0.0,0.0,0.0,0.3,4;6;9;12,0.0,0.7,0,insufficient_realized_post_threshold_exposure,inactive,,,,,,,,,,,
H3B0187,S155,sobol_symmetric,1.25,0.5,64,80.0,40.0,40.0,7,7,0.0,0.0,4,4,0.5,0.5,0.7,0.7,0,4,0.0,0.0,0.0,0.7,4,0.0,0.7,0,fewer_than_two_valid_thresholds,inactive,,,,,,,,,,,
H3B0188,S156,sobol_symmetric,3.1,0.5,16,49.6,24.8,24.8,21,21,0.3,0.3,9,9,0.0,0.0,0.1,0.1,0,9,0.7,0.7,0.7,0.7,4;6;9;12,0.7,0.7,0,no_valid_post_threshold_increase,inactive,,,,,,,,,,,
H3B0189,S157,sobol_symmetric,4.0,0.3,32,128.0,38.4,89.6,21,21,0.3,0.3,12,12,0.3,0.3,0.7,0.7,0,4,0.0,0.0,0.0,0.7,4;6;9;12,0.0,0.7,2,,supported,4.0,6.0,20.0,-0.05014126712328767,-0.019306506849315074,0.030834760273972594,0.029913819281011597,0.03175570126693359,-0.9999999999999999,supported,supported
H3B0190,S158,sobol_symmetric,1.25,0.7,32,40.0,28.0,12.000000000000002,7,7,0.0,0.0,4,4,0.0,0.0,0.0,0.0,0,4,0.5,0.5,0.5,0.5,4,0.5,0.7,0,fewer_than_two_valid_thresholds,inactive,,,,,,,,,,,
H3B0191,S159,sobol_symmetric,0.8,0.3,16,12.8,3.84,8.959999999999999,28,28,0.1,0.1,6,6,0.1,0.1,0.5,0.5,0,12,0.3,0.3,0.3,0.5,4;6;9;12,0.3,0.7,0,insufficient_realized_post_threshold_exposure,inactive,,,,,,,,,,,
H3B0192,S160,sobol_symmetric,3.1,0.7,64,198.4,138.88,59.52000000000001,14,14,0.5,0.5,9,9,0.0,0.0,0.7,0.7,0,6,0.0,0.0,0.0,0.0,4;6;9;12,0.0,0.7,1,insufficient_realized_post_threshold_exposure,inactive,,,,,,,,,,,
H3B0193,S161,sobol_symmetric,3.1,0.3,32,99.2,29.76,69.44,7,7,0.0,0.0,4,4,0.3,0.3,0.3,0.3,0,4,0.5,0.5,0.5,0.7,4,0.5,0.7,0,fewer_than_two_valid_thresholds,inactive,,,,,,,,,,,
H3B0194,S162,sobol_symmetric,1.25,0.7,32,40.0,28.0,12.000000000000002,21,21,0.3,0.3,6,6,0.1,0.1,0.1,0.1,0,12,0.0,0.0,0.0,0.5,4;6;9;12,0.0,0.7,0,insufficient_realized_post_threshold_exposure,inactive,,,,,,,,,,,
H3B0195,S163,sobol_symmetric,2.0,0.3,64,128.0,38.4,89.6,14,14,0.5,0.5,4,4,0.5,0.5,0.5,0.5,0,9,0.0,0.0,0.0,0.0,4;6;9;12,0.0,0.7,0,insufficient_realized_post_threshold_exposure,inactive,,,,,,,,,,,
H3B0196,S164,sobol_symmetric,4.0,0.7,16,64.0,44.8,19.200000000000003,28,28,0.1,0.1,12,12,0.0,0.0,0.1,0.1,0,4,0.3,0.3,0.3,0.3,4;6;9;12,0.3,0.7,4,,supported,4.0,12.0,20.0,-0.18314212328767127,-0.07839041095890412,0.1047517123287671,0.10280480621467197,0.10669861844286221,-1.0,supported,supported
H3B0197,S165,sobol_symmetric,3.1,0.1,16,49.6,4.960000000000001,44.64,28,28,0.1,0.1,9,9,0.7,0.7,0.7,0.7,0,9,0.0,0.0,0.0,0.1,4;6;9;12,0.0,0.7,0,insufficient_realized_post_threshold_exposure,inactive,,,,,,,,,,,
H3B0198,S166,sobol_symmetric,1.25,0.9,32,40.0,36.0,3.999999999999999,14,14,0.5,0.5,6,6,0.0,0.0,0.5,0.5,0,4,0.3,0.3,0.3,0.7,4;6;9;12,0.3,0.7,0,insufficient_realized_post_threshold_exposure,inactive,,,,,,,,,,,
H3B0199,S167,sobol_symmetric,0.8,0.5,16,12.8,6.4,6.4,21,21,0.3,0.3,4,4,0.3,0.3,0.7,0.7,0,6,0.7,0.7,0.7,0.7,4;6;9;12,0.7,0.7,0,no_valid_post_threshold_increase,inactive,,,,,,,,,,,
H3B0200,S168,sobol_symmetric,2.0,0.5,64,128.0,64.0,64.0,7,7,0.0,0.0,4,4,0.1,0.1,0.5,0.5,0,4,0.0,0.0,0.0,0.7,4,0.0,0.7,0,fewer_than_two_valid_thresholds,inactive,,,,,,,,,,,
H3B0201,S169,sobol_symmetric,2.0,0.1,16,32.0,3.2,28.8,14,14,0.3,0.3,12,12,0.5,0.5,0.7,0.7,0,9,0.0,0.0,0.0,0.3,4;6;9;12,0.0,0.7,0,insufficient_realized_post_threshold_exposure,inactive,,,,,,,,,,,
H3B0202,S170,sobol_symmetric,0.8,0.9,64,51.2,46.080000000000005,5.119999999999999,28,28,0.0,0.0,4,4,0.0,0.0,0.3,0.3,0,4,0.3,0.3,0.3,0.5,4;6;9;12,0.3,0.7,0,insufficient_realized_post_threshold_exposure,inactive,,,,,,,,,,,
H3B0203,S171,sobol_symmetric,1.25,0.3,32,40.0,12.0,28.0,7,7,0.1,0.1,4,4,0.3,0.3,0.3,0.3,0,4,0.7,0.7,0.7,0.7,4,0.7,0.7,0,fewer_than_two_valid_thresholds;no_valid_post_threshold_increase,inactive,,,,,,,,,,,
H3B0204,S172,sobol_symmetric,4.0,0.7,64,256.0,179.2,76.80000000000001,21,21,0.5,0.5,9,9,0.1,0.1,0.3,0.3,0,12,0.0,0.0,0.0,0.7,4;6;9;12,0.0,0.7,1,insufficient_realized_post_threshold_exposure,inactive,,,,,,,,,,,
H3B0205,S173,sobol_symmetric,4.0,0.5,64,256.0,128.0,128.0,21,21,0.5,0.5,12,12,0.1,0.1,0.7,0.7,0,6,0.5,0.5,0.5,0.5,4;6;9;12,0.5,0.7,0,insufficient_realized_post_threshold_exposure,inactive,,,,,,,,,,,
H3B0206,S174,sobol_symmetric,2.0,0.7,16,32.0,22.4,9.6,7,7,0.1,0.1,4,4,0.0,0.0,0.7,0.7,0,4,0.0,0.0,0.0,0.5,4,0.0,0.7,0,fewer_than_two_valid_thresholds,inactive,,,,,,,,,,,
H3B0207,S175,sobol_symmetric,0.8,0.1,32,25.6,2.5600000000000005,23.040000000000003,28,28,0.0,0.0,6,6,0.3,0.3,0.7,0.7,0,9,0.0,0.0,0.0,0.0,4;6;9;12,0.0,0.7,0,insufficient_realized_post_threshold_exposure,inactive,,,,,,,,,,,
H3B0208,S176,sobol_symmetric,3.1,0.9,32,99.2,89.28,9.919999999999998,14,14,0.3,0.3,9,9,0.0,0.0,0.0,0.0,0,4,0.3,0.3,0.3,0.5,4;6;9;12,0.3,0.7,2,,supported,4.0,6.0,20.0,-0.08728595890410959,-0.0421275684931507,0.04515839041095889,0.04431362111656801,0.04600315970534977,-0.9999999999999999,supported,supported
H3B0209,S177,sobol_symmetric,3.1,0.1,64,198.4,19.840000000000003,178.56,21,21,0.1,0.1,4,4,0.0,0.0,0.7,0.7,0,9,0.3,0.3,0.3,0.7,4;6;9;12,0.3,0.7,1,insufficient_realized_post_threshold_exposure,inactive,,,,,,,,,,,
H3B0210,S178,sobol_symmetric,0.8,0.9,16,12.8,11.52,1.2799999999999998,7,7,0.5,0.5,4,4,0.1,0.1,0.7,0.7,0,4,0.0,0.0,0.0,0.3,4,0.0,0.7,0,fewer_than_two_valid_thresholds,inactive,,,,,,,,,,,
H3B0211,S179,sobol_symmetric,2.0,0.5,64,128.0,64.0,64.0,28,28,0.3,0.3,9,9,0.0,0.0,0.1,0.1,0,6,0.0,0.0,0.0,0.7,4;6;9;12,0.0,0.7,1,insufficient_realized_post_threshold_exposure,inactive,,,,,,,,,,,
H3B0212,S180,sobol_symmetric,4.0,0.5,16,64.0,32.0,32.0,14,14,0.0,0.0,6,6,0.5,0.5,0.7,0.7,0,12,0.7,0.7,0.7,0.7,4;6;9;12,0.7,0.7,0,no_valid_post_threshold_increase,inactive,,,,,,,,,,,
H3B0213,S181,sobol_symmetric,4.0,0.3,16,64.0,19.2,44.8,14,14,0.0,0.0,4,4,0.0,0.0,0.5,0.5,0,6,0.0,0.0,0.0,0.5,4;6;9;12,0.0,0.7,4,spearman_pattern;threshold_gradient,inconclusive,4.0,12.0,20.0,-0.20987157534246575,-0.20987157534246575,0.0,0.0,0.0,,supported,inconclusive
H3B0214,S182,sobol_symmetric,1.25,0.7,64,80.0,56.0,24.000000000000004,28,28,0.3,0.3,12,12,0.7,0.7,0.7,0.7,0,12,0.5,0.5,0.5,0.5,4;6;9;12,0.5,0.7,0,insufficient_realized_post_threshold_exposure,inactive,,,,,,,,,,,
H3B0215,S183,sobol_symmetric,0.8,0.1,32,25.6,2.5600000000000005,23.040000000000003,7,7,0.5,0.5,4,4,0.1,0.1,0.5,0.5,0,4,0.3,0.3,0.3,0.5,4,0.3,0.7,0,fewer_than_two_valid_thresholds,inactive,,,,,,,,,,,
H3B0216,S184,sobol_symmetric,2.0,0.9,32,64.0,57.6,6.399999999999999,21,21,0.1,0.1,6,6,0.3,0.3,0.5,0.5,0,4,0.0,0.0,0.0,0.0,4;6;9;12,0.0,0.7,1,insufficient_realized_post_threshold_exposure,inactive,,,,,,,,,,,
H3B0217,S185,sobol_symmetric,3.1,0.5,32,99.2,49.6,49.6,28,28,0.5,0.5,6,6,0.0,0.0,0.3,0.3,0,6,0.0,0.0,0.0,0.3,4;6;9;12,0.0,0.7,1,insufficient_realized_post_threshold_exposure,inactive,,,,,,,,,,,
H3B0218,S186,sobol_symmetric,0.8,0.5,32,25.6,12.8,12.8,14,14,0.1,0.1,9,9,0.5,0.5,0.7,0.7,0,12,0.5,0.5,0.5,0.7,4;6;9;12,0.5,0.7,0,insufficient_realized_post_threshold_exposure,inactive,,,,,,,,,,,
H3B0219,S187,sobol_symmetric,1.25,0.1,16,20.0,2.0,18.0,21,21,0.0,0.0,12,12,0.1,0.1,0.1,0.1,0,9,0.3,0.3,0.3,0.3,4;6;9;12,0.3,0.7,4,,supported,4.0,12.0,20.0,-0.03974315068493152,-0.031232876712328755,0.008510273972602761,0.007668920189654735,0.009351627755550788,-1.0,supported,supported
H3B0220,S188,sobol_symmetric,3.1,0.9,64,198.4,178.56,19.84,7,7,0.3,0.3,4,4,0.3,0.3,0.3,0.3,0,4,0.0,0.0,0.0,0.1,4,0.0,0.7,0,fewer_than_two_valid_thresholds,inactive,,,,,,,,,,,
H3B0221,S189,sobol_symmetric,4.0,0.3,64,256.0,76.8,179.2,7,7,0.3,0.3,4,4,0.0,0.0,0.7,0.7,0,4,0.5,0.5,0.5,0.5,4,0.5,0.7,0,fewer_than_two_valid_thresholds,inactive,,,,,,,,,,,
H3B0222,S190,sobol_symmetric,2.0,0.7,16,32.0,22.4,9.6,21,21,0.0,0.0,9,9,0.1,0.1,0.5,0.5,0,4,0.0,0.0,0.0,0.1,4;6;9;12,0.0,0.7,4,,supported,4.0,12.0,20.0,-0.4913698630136987,-0.21880136986301374,0.272568493150685,0.1993368973690376,0.3458000889323324,-0.9486832980505139,supported,supported
H3B0223,S191;X033,sobol_symmetric,1.25,0.3,64,80.0,24.0,56.0,14,14,0.1,0.1,12,12,0.0,0.0,0.0,0.0,0,6,0.3,0.3,0.3,0.3,4;6;9;12,0.3,0.7,0,insufficient_realized_post_threshold_exposure,inactive,,,,,,,,,,,
H3B0224,S192,sobol_symmetric,3.1,0.7,16,49.6,34.72,14.880000000000004,28,28,0.5,0.5,4,4,0.3,0.3,0.7,0.7,0,12,0.5,0.5,0.5,0.7,4;6;9;12,0.5,0.7,0,insufficient_realized_post_threshold_exposure,inactive,,,,,,,,,,,
H3B0225,S193,sobol_symmetric,3.1,0.5,64,198.4,99.2,99.2,14,14,0.3,0.3,6,6,0.7,0.7,0.7,0.7,0,12,0.3,0.3,0.3,0.3,4;6;9;12,0.3,0.7,0,insufficient_realized_post_threshold_exposure,inactive,,,,,,,,,,,
H3B0226,S194,sobol_symmetric,1.25,0.5,16,20.0,10.0,10.0,28,28,0.0,0.0,9,9,0.0,0.0,0.5,0.5,0,6,0.0,0.0,0.0,0.0,4;6;9;12,0.0,0.7,3,,supported,4.0,9.0,20.0,-0.349041095890411,-0.08489726027397262,0.2641438356164384,0.2607290850986487,0.26755858613422806,-1.0,supported,supported
H3B0227,S195,sobol_symmetric,2.0,0.1,32,64.0,6.4,57.6,7,7,0.1,0.1,4,4,0.3,0.3,0.5,0.5,0,4,0.0,0.0,0.0,0.5,4,0.0,0.7,0,fewer_than_two_valid_thresholds,inactive,,,,,,,,,,,
H3B0228,S196,sobol_symmetric,4.0,0.9,16,64.0,57.6,6.399999999999999,21,21,0.5,0.5,4,4,0.1,0.1,0.5,0.5,0,9,0.5,0.5,0.5,0.5,4;6;9;12,0.5,0.7,0,insufficient_realized_post_threshold_exposure,inactive,,,,,,,,,,,
H3B0229,S197,sobol_symmetric,4.0,0.3,16,64.0,19.2,44.8,21,21,0.5,0.5,6,6,0.3,0.3,0.3,0.3,0,4,0.0,0.0,0.0,0.7,4;6;9;12,0.0,0.7,1,insufficient_realized_post_threshold_exposure,inactive,,,,,,,,,,,
H3B0230,S198,sobol_symmetric,1.25,0.9,64,80.0,72.0,7.999999999999998,7,7,0.1,0.1,4,4,0.1,0.1,0.1,0.1,0,4,0.7,0.7,0.7,0.7,4,0.7,0.7,0,fewer_than_two_valid_thresholds;no_valid_post_threshold_increase,inactive,,,,,,,,,,,
H3B0231,S199,sobol_symmetric,0.8,0.3,32,25.6,7.68,17.919999999999998,28,28,0.0,0.0,12,12,0.5,0.5,0.5,0.5,0,12,0.3,0.3,0.3,0.7,4;6;9;12,0.3,0.7,0,insufficient_realized_post_threshold_exposure,inactive,,,,,,,,,,,
H3B0232,S200,sobol_symmetric,3.1,0.7,32,99.2,69.44,29.760000000000005,14,14,0.3,0.3,4,4,0.0,0.0,0.1,0.1,0,6,0.0,0.0,0.0,0.1,4;6;9;12,0.0,0.7,2,,supported,4.0,6.0,20.0,-0.11791952054794523,-0.054580479452054784,0.06333904109589043,0.0627030070484751,0.06397507514330576,-0.9999999999999999,supported,supported
H3B0233,S201,sobol_symmetric,2.0,0.1,32,64.0,6.4,57.6,7,7,0.0,0.0,4,4,0.1,0.1,0.7,0.7,0,4,0.0,0.0,0.0,0.7,4,0.0,0.7,0,fewer_than_two_valid_thresholds,inactive,,,,,,,,,,,
H3B0234,S202,sobol_symmetric,0.8,0.9,32,25.6,23.040000000000003,2.56,21,21,0.3,0.3,12,12,0.0,0.0,0.7,0.7,0,9,0.7,0.7,0.7,0.7,4;6;9;12,0.7,0.7,0,no_valid_post_threshold_increase,inactive,,,,,,,,,,,
H3B0235,S203,sobol_symmetric,1.25,0.5,16,20.0,10.0,10.0,14,14,0.5,0.5,9,9,0.3,0.3,0.7,0.7,0,12,0.3,0.3,0.3,0.5,4;6;9;12,0.3,0.7,0,insufficient_realized_post_threshold_exposure,inactive,,,,,,,,,,,
H3B0236,S204,sobol_symmetric,4.0,0.7,64,256.0,179.2,76.80000000000001,28,28,0.1,0.1,6,6,0.0,0.0,0.0,0.0,0,6,0.0,0.0,0.0,0.3,4;6;9;12,0.0,0.7,4,,supported,4.0,12.0,20.0,-0.32062714041095886,-0.1378831335616438,0.18274400684931508,0.18175958221300878,0.18372843148562137,-1.0,supported,supported
H3B0237,S205,sobol_symmetric,4.0,0.3,64,256.0,76.8,179.2,28,28,0.1,0.1,4,4,0.5,0.5,0.7,0.7,0,12,0.3,0.3,0.3,0.5,4;6;9;12,0.3,0.7,1,insufficient_realized_post_threshold_exposure,inactive,,,,,,,,,,,
H3B0238,S206,sobol_symmetric,2.0,0.7,32,64.0,44.8,19.200000000000003,14,14,0.5,0.5,12,12,0.0,0.0,0.3,0.3,0,6,0.0,0.0,0.0,0.0,4;6;9;12,0.0,0.7,0,insufficient_realized_post_threshold_exposure,inactive,,,,,,,,,,,
H3B0239,S207,sobol_symmetric,0.8,0.1,64,51.2,5.120000000000001,46.080000000000005,21,21,0.3,0.3,9,9,0.3,0.3,0.5,0.5,0,4,0.0,0.0,0.0,0.5,4;6;9;12,0.0,0.7,0,insufficient_realized_post_threshold_exposure,inactive,,,,,,,,,,,
H3B0240,S208,sobol_symmetric,3.1,0.9,16,49.6,44.64,4.959999999999999,7,7,0.0,0.0,4,4,0.1,0.1,0.3,0.3,0,4,0.5,0.5,0.5,0.5,4,0.5,0.7,0,fewer_than_two_valid_thresholds,inactive,,,,,,,,,,,
H3B0241,S209,sobol_symmetric,3.1,0.1,32,99.2,9.920000000000002,89.28,28,28,0.5,0.5,12,12,0.0,0.0,0.5,0.5,0,4,0.7,0.7,0.7,0.7,4;6;9;12,0.7,0.7,0,no_valid_post_threshold_increase,inactive,,,,,,,,,,,
H3B0242,S210,sobol_symmetric,0.8,0.9,32,25.6,23.040000000000003,2.56,14,14,0.1,0.1,4,4,0.7,0.7,0.7,0.7,0,9,0.0,0.0,0.0,0.7,4;6;9;12,0.0,0.7,0,insufficient_realized_post_threshold_exposure,inactive,,,,,,,,,,,
H3B0243,S211,sobol_symmetric,2.0,0.3,64,128.0,38.4,89.6,21,21,0.0,0.0,6,6,0.1,0.1,0.3,0.3,0,12,0.0,0.0,0.0,0.3,4;6;9;12,0.0,0.7,4,threshold_gradient,inconclusive,4.0,12.0,20.0,-0.21025684931506844,-0.20706763698630137,0.00318921232876711,0.002763438920725004,0.0036149857368092163,-0.7745966692414834,supported,inconclusive
H3B0244,S212,sobol_symmetric,4.0,0.7,16,64.0,44.8,19.200000000000003,7,7,0.3,0.3,4,4,0.3,0.3,0.5,0.5,0,4,0.3,0.3,0.3,0.7,4,0.3,0.7,0,fewer_than_two_valid_thresholds,inactive,,,,,,,,,,,
H3B0245,S213,sobol_symmetric,4.0,0.3,32,128.0,38.4,89.6,7,7,0.3,0.3,4,4,0.1,0.1,0.1,0.1,0,4,0.0,0.0,0.0,0.0,4,0.0,0.7,0,fewer_than_two_valid_thresholds,inactive,,,,,,,,,,,
H3B0246,S214;X002,sobol_symmetric,1.25,0.5,64,80.0,40.0,40.0,21,21,0.0,0.0,4,4,0.1,0.1,0.7,0.7,0,6,0.3,0.3,0.3,0.5,4;6;9;12,0.3,0.7,1,insufficient_realized_post_threshold_exposure,inactive,,,,,,,,,,,
H3B0247,S215,sobol_symmetric,0.8,0.1,16,12.8,1.2800000000000002,11.52,14,14,0.1,0.1,6,6,0.0,0.0,0.1,0.1,0,4,0.5,0.5,0.5,0.5,4;6;9;12,0.5,0.7,0,insufficient_realized_post_threshold_exposure,inactive,,,,,,,,,,,
H3B0248,S216,sobol_symmetric,2.0,0.9,64,128.0,115.2,12.799999999999995,28,28,0.5,0.5,9,9,0.5,0.5,0.5,0.5,0,9,0.0,0.0,0.0,0.5,4;6;9;12,0.0,0.7,0,insufficient_realized_post_threshold_exposure,inactive,,,,,,,,,,,
H3B0249,S217,sobol_symmetric,2.0,0.3,16,32.0,9.6,22.4,21,21,0.1,0.1,9,9,0.0,0.0,0.5,0.5,0,12,0.0,0.0,0.0,0.1,4;6;9;12,0.0,0.7,3,,supported,4.0,9.0,20.0,-0.13880993150684934,-0.016104452054794504,0.12270547945205482,0.1208458587531394,0.12456510015097023,-1.0,supported,supported
H3B0250,S218,sobol_symmetric,0.8,0.7,64,51.2,35.84,15.360000000000005,7,7,0.5,0.5,4,4,0.1,0.1,0.5,0.5,0,4,0.3,0.3,0.3,0.3,4,0.3,0.7,0,fewer_than_two_valid_thresholds,inactive,,,,,,,,,,,
H3B0251,S219,sobol_symmetric,1.25,0.3,16,20.0,6.0,14.0,28,28,0.3,0.3,4,4,0.0,0.0,0.0,0.0,0,4,0.5,0.5,0.5,0.7,4;6;9;12,0.5,0.7,0,insufficient_realized_post_threshold_exposure,inactive,,,,,,,,,,,
H3B0252,S220,sobol_symmetric,3.1,0.7,64,198.4,138.88,59.52000000000001,14,14,0.0,0.0,12,12,0.5,0.5,0.5,0.5,0,9,0.0,0.0,0.0,0.5,4;6;9;12,0.0,0.7,4,,supported,4.0,12.0,20.0,-0.4891181506849315,-0.4825984589041096,0.006519691780821915,0.005589075190336389,0.0074503083713074415,-0.7745966692414834,supported,supported
H3B0253,S221,sobol_symmetric,4.0,0.1,64,256.0,25.6,230.4,14,14,0.0,0.0,9,9,0.0,0.0,0.3,0.3,0,4,0.5,0.5,0.5,0.7,4;6;9;12,0.5,0.7,4,spearman_pattern;threshold_gradient,inconclusive,4.0,12.0,20.0,-0.020143407534246587,-0.020143407534246587,0.0,0.0,0.0,,supported,inconclusive
H3B0254,S222,sobol_symmetric,1.25,0.9,16,20.0,18.0,2.0,28,28,0.3,0.3,6,6,0.5,0.5,0.7,0.7,0,9,0.3,0.3,0.3,0.3,4;6;9;12,0.3,0.7,0,insufficient_realized_post_threshold_exposure,inactive,,,,,,,,,,,
H3B0255,S223,sobol_symmetric,1.25,0.5,32,40.0,20.0,20.0,7,7,0.5,0.5,4,4,0.1,0.1,0.3,0.3,0,4,0.0,0.0,0.0,0.1,4,0.0,0.7,0,fewer_than_two_valid_thresholds,inactive,,,,,,,,,,,
H3B0256,S224,sobol_symmetric,3.1,0.5,32,99.2,49.6,49.6,21,21,0.1,0.1,12,12,0.3,0.3,0.3,0.3,0,6,0.5,0.5,0.5,0.5,4;6;9;12,0.5,0.7,4,,supported,4.0,12.0,20.0,-0.06657106164383561,-0.0169734589041096,0.049597602739726035,0.04855724278110895,0.05063796269834312,-1.0,supported,supported
H3B0257,X001,asymmetric_stress,4.0,0.3,32,128.0,38.4,89.6,21,21,0.1,0.3,12,12,0.3,0.3,0.7,0.7,0,4,0.0,0.0,0.0,0.7,4;6;9;12,0.0,0.7,3,,supported,4.0,9.0,20.0,-0.20190924657534243,-0.02847174657534247,0.1734375,0.17048416600272748,0.1763908339972725,-1.0,supported,supported
H3B0258,X003,asymmetric_stress,1.25,0.1,32,40.0,4.0,36.0,14,14,0.3,0.0,4,9,0.3,0.3,0.3,0.3,0,6,0.0,0.0,0.0,0.7,4;6;9;12,0.0,0.7,0,insufficient_realized_post_threshold_exposure,inactive,,,,,,,,,,,
H3B0259,X004,asymmetric_stress,1.25,0.1,32,40.0,4.0,36.0,21,21,0.1,0.1,12,12,0.0,0.0,0.3,0.0,0,12,0.0,0.0,0.0,0.1,4;6;9;12,0.0,0.7,1,insufficient_realized_post_threshold_exposure,inactive,,,,,,,,,,,
H3B0260,X005,asymmetric_stress,4.0,0.5,32,128.0,64.0,64.0,21,28,0.1,0.1,4,4,0.1,0.0,0.7,0.7,0,4,0.0,0.0,0.0,0.7,4;6;9;12,0.0,0.7,2,,supported,4.0,6.0,20.0,-0.22923373287671236,-0.014931506849315069,0.2143022260273973,0.21175457558995037,0.21684987646484422,-0.9999999999999999,supported,supported
H3B0261,X006,asymmetric_stress,2.0,0.1,32,64.0,6.4,57.6,7,21,0.1,0.1,4,4,0.3,0.3,0.5,0.5,0,4,0.0,0.0,0.0,0.5,4,0.0,0.7,0,fewer_than_two_valid_thresholds,inactive,,,,,,,,,,,
H3B0262,X007;X080,asymmetric_stress,2.0,0.5,32,64.0,32.0,32.0,14,28,0.1,0.1,9,9,0.1,0.1,0.5,0.5,0,9,0.0,0.0,0.0,0.7,4;6;9;12,0.0,0.7,3,,supported,4.0,9.0,20.0,-0.2279109589041096,-0.005098458904109588,0.2228125,0.2209896936439073,0.2246353063560927,-1.0,supported,supported
H3B0263,X008,asymmetric_stress,3.1,0.1,32,99.2,9.920000000000002,89.28,14,14,0.1,0.1,9,9,0.0,0.0,0.5,0.5,0,6,0.0,0.3,0.0,0.3,4;6;9;12,0.0,0.7,3,,supported,4.0,9.0,20.0,-0.04652825342465754,-0.027311643835616444,0.019216609589041096,0.01871319686197132,0.019720022316110874,-1.0,supported,supported
H3B0264,X009,asymmetric_stress,0.8,0.1,16,12.8,1.2800000000000002,11.52,28,28,0.1,0.5,4,4,0.0,0.0,0.7,0.7,0,12,0.3,0.3,0.3,0.7,4;6;9;12,0.3,0.7,0,insufficient_realized_post_threshold_exposure,inactive,,,,,,,,,,,
H3B0265,X010,asymmetric_stress,3.1,0.5,64,198.4,99.2,99.2,21,21,0.3,0.3,12,12,0.3,0.3,0.7,0.3,0,9,0.3,0.3,0.3,0.7,4;6;9;12,0.3,0.7,1,insufficient_realized_post_threshold_exposure,inactive,,,,,,,,,,,
H3B0266,X011,asymmetric_stress,0.8,0.9,32,25.6,23.040000000000003,2.56,21,21,0.0,0.0,9,9,0.1,0.1,0.5,0.5,0,9,0.5,0.5,0.5,0.7,4;6;9;12,0.5,0.7,0,insufficient_realized_post_threshold_exposure,inactive,,,,,,,,,,,
H3B0267,X012,asymmetric_stress,3.1,0.3,32,99.2,29.76,69.44,7,7,0.3,0.3,4,4,0.1,0.1,0.1,0.7,0,4,0.5,0.5,0.5,0.7,4,0.5,0.7,0,fewer_than_two_valid_thresholds,inactive,,,,,,,,,,,
H3B0268,X013,asymmetric_stress,0.8,0.5,32,25.6,12.8,12.8,14,21,0.3,0.3,9,9,0.1,0.1,0.7,0.1,0,4,0.5,0.5,0.5,0.7,4;6;9;12,0.5,0.7,0,insufficient_realized_post_threshold_exposure,inactive,,,,,,,,,,,
H3B0269,X014,asymmetric_stress,2.0,0.7,16,32.0,22.4,9.6,21,28,0.1,0.1,6,9,0.0,0.0,0.0,0.0,0,12,0.5,0.5,0.5,0.7,4;6;9;12,0.5,0.7,3,,supported,4.0,9.0,20.0,-0.09215753424657536,-0.05011986301369864,0.0420376712328767,0.040227774188040105,0.0438475682777133,-1.0,supported,supported
H3B0270,X015,asymmetric_stress,1.25,0.5,16,20.0,10.0,10.0,14,14,0.5,0.5,9,9,0.3,0.3,0.3,0.7,0,12,0.3,0.5,0.3,0.5,4;6;9;12,0.3,0.7,0,insufficient_realized_post_threshold_exposure,inactive,,,,,,,,,,,
H3B0271,X016,asymmetric_stress,1.25,0.3,16,20.0,6.0,14.0,28,28,0.3,0.3,6,4,0.0,0.0,0.0,0.0,0,6,0.5,0.5,0.5,0.7,4;6;9;12,0.5,0.7,0,insufficient_realized_post_threshold_exposure,inactive,,,,,,,,,,,
H3B0272,X017,asymmetric_stress,2.0,0.5,32,64.0,32.0,32.0,14,14,0.1,0.1,9,12,0.0,0.3,0.5,0.5,0,6,0.0,0.0,0.0,0.3,4;6;9;12,0.0,0.7,2,,supported,4.0,6.0,20.0,-0.2697859589041096,-0.21381849315068496,0.05596746575342463,0.053425838559674796,0.05850909294717446,-0.9999999999999999,supported,supported
H3B0273,X018,asymmetric_stress,1.25,0.9,64,80.0,72.0,7.999999999999998,7,7,0.5,0.5,4,4,0.1,0.1,0.7,0.7,0,4,0.5,0.7,0.5,0.7,4,0.5,0.7,0,fewer_than_two_valid_thresholds,inactive,,,,,,,,,,,
H3B0274,X019,asymmetric_stress,1.25,0.1,64,80.0,8.0,72.0,14,14,0.1,0.3,6,6,0.0,0.0,0.1,0.1,0,9,0.0,0.0,0.0,0.1,4;6;9;12,0.0,0.7,0,insufficient_realized_post_threshold_exposure,inactive,,,,,,,,,,,
H3B0275,X020,asymmetric_stress,4.0,0.1,32,128.0,12.8,115.2,28,28,0.5,0.5,12,12,0.0,0.3,0.5,0.5,0,9,0.0,0.0,0.0,0.1,4;6;9;12,0.0,0.7,1,insufficient_realized_post_threshold_exposure,inactive,,,,,,,,,,,
H3B0276,X021,asymmetric_stress,3.1,0.9,16,49.6,44.64,4.959999999999999,28,21,0.3,0.3,4,4,0.0,0.0,0.3,0.3,0,6,0.3,0.3,0.3,0.3,4;6;9;12,0.3,0.7,1,insufficient_realized_post_threshold_exposure,inactive,,,,,,,,,,,
H3B0277,X022,asymmetric_stress,0.8,0.5,32,25.6,12.8,12.8,7,7,0.1,0.1,4,4,0.3,0.5,0.5,0.5,0,4,0.0,0.0,0.0,0.7,4,0.0,0.7,0,fewer_than_two_valid_thresholds,inactive,,,,,,,,,,,
H3B0278,X023,asymmetric_stress,3.1,0.9,32,99.2,89.28,9.919999999999998,21,21,0.1,0.1,4,6,0.3,0.3,0.5,0.5,0,9,0.5,0.5,0.5,0.7,4;6;9;12,0.5,0.7,2,,supported,4.0,6.0,20.0,-0.11808647260273974,-0.0944734589041096,0.02361301369863015,0.022780322135944036,0.024445705261316262,-0.9999999999999999,supported,supported
H3B0279,X024,asymmetric_stress,0.8,0.5,32,25.6,12.8,12.8,14,14,0.1,0.1,9,9,0.5,0.5,0.7,0.7,0,12,0.5,0.5,0.5,0.5,4;6;9;12,0.5,0.7,0,insufficient_realized_post_threshold_exposure,inactive,,,,,,,,,,,
H3B0280,X025,asymmetric_stress,1.25,0.1,32,40.0,4.0,36.0,14,21,0.0,0.0,4,6,0.0,0.0,0.7,0.7,0,12,0.5,0.3,0.5,0.5,4;6;9;12,0.5,0.7,2,,supported,4.0,6.0,20.0,-0.007418664383561657,-0.0015325342465753566,0.005886130136986301,0.0055469048094613565,0.006225355464511245,-0.9999999999999999,supported,supported
H3B0281,X026,asymmetric_stress,3.1,0.7,32,99.2,69.44,29.760000000000005,28,14,0.0,0.0,6,6,0.5,0.5,0.7,0.7,0,6,0.0,0.0,0.0,0.1,4;6;9;12,0.0,0.7,2,,supported,4.0,6.0,20.0,-0.4886943493150685,-0.40109589041095894,0.08759845890410962,0.08308990424408397,0.09210701356413528,-0.9999999999999999,supported,supported
H3B0282,X027,asymmetric_stress,4.0,0.7,32,128.0,89.6,38.400000000000006,21,7,0.1,0.1,4,4,0.0,0.0,0.3,0.3,0,4,0.3,0.3,0.3,0.7,4;6;9;12,0.3,0.7,4,,supported,4.0,12.0,20.0,-0.24696489726027396,-0.09305222602739724,0.15391267123287675,0.15111360802246,0.1567117344432935,-1.0,supported,supported
H3B0283,X028,asymmetric_stress,3.1,0.9,64,198.4,178.56,19.84,28,14,0.1,0.1,12,12,0.0,0.1,0.1,0.1,0,9,0.0,0.0,0.0,0.7,4;6;9;12,0.0,0.7,4,,supported,4.0,12.0,20.0,-0.43271404109589034,-0.19567851027397257,0.23703553082191778,0.23588125627309087,0.2381898053707447,-1.0,supported,supported
H3B0284,X029,asymmetric_stress,3.1,0.3,32,99.2,29.76,69.44,7,7,0.0,0.0,4,4,0.3,0.0,0.3,0.3,0,4,0.5,0.5,0.5,0.7,4,0.5,0.7,0,fewer_than_two_valid_thresholds,inactive,,,,,,,,,,,
H3B0285,X030,asymmetric_stress,4.0,0.9,64,256.0,230.4,25.599999999999994,14,14,0.1,0.1,9,9,0.0,0.0,0.5,0.5,0,6,0.3,0.0,0.3,0.3,4;6;9;12,0.3,0.7,4,,supported,4.0,12.0,20.0,-0.23589041095890412,-0.10109160958904109,0.13479880136986305,0.1338215707751996,0.1357760319645265,-1.0,supported,supported
H3B0286,X031,asymmetric_stress,1.25,0.3,32,40.0,12.0,28.0,28,28,0.3,0.3,9,9,0.0,0.0,0.1,0.7,0,12,0.3,0.3,0.3,0.3,4;6;9;12,0.3,0.7,0,insufficient_realized_post_threshold_exposure,inactive,,,,,,,,,,,
H3B0287,X034,asymmetric_stress,1.25,0.9,16,20.0,18.0,2.0,28,28,0.0,0.0,4,4,0.0,0.0,0.3,0.3,0,9,0.0,0.5,0.0,0.5,4;6;9;12,0.0,0.7,1,insufficient_realized_post_threshold_exposure,inactive,,,,,,,,,,,
H3B0288,X035,asymmetric_stress,0.8,0.1,16,12.8,1.2800000000000002,11.52,28,28,0.5,0.5,4,4,0.0,0.0,0.7,0.3,0,12,0.3,0.3,0.3,0.7,4;6;9;12,0.3,0.7,0,insufficient_realized_post_threshold_exposure,inactive,,,,,,,,,,,
H3B0289,X036,asymmetric_stress,4.0,0.9,64,256.0,230.4,25.599999999999994,14,14,0.1,0.1,9,9,0.0,0.0,0.5,0.7,0,6,0.0,0.0,0.0,0.3,4;6;9;12,0.0,0.7,4,,supported,4.0,12.0,20.0,-0.4238270547945205,-0.1812457191780822,0.24258133561643835,0.2412963870512299,0.2438662841816468,-1.0,supported,supported
H3B0290,X037,asymmetric_stress,3.1,0.1,64,198.4,19.840000000000003,178.56,14,14,0.3,0.3,12,12,0.5,0.5,0.7,0.7,0,4,0.5,0.5,0.5,0.5,4;6;9;12,0.5,0.7,0,insufficient_realized_post_threshold_exposure,inactive,,,,,,,,,,,
H3B0291,X038,asymmetric_stress,0.8,0.1,64,51.2,5.120000000000001,46.080000000000005,28,28,0.1,0.5,6,12,0.0,0.0,0.1,0.1,0,12,0.0,0.0,0.0,0.1,4;6;9;12,0.0,0.7,0,insufficient_realized_post_threshold_exposure,inactive,,,,,,,,,,,
H3B0292,X039,asymmetric_stress,1.25,0.3,32,40.0,12.0,28.0,28,28,0.3,0.3,9,9,0.0,0.1,0.1,0.1,0,12,0.3,0.3,0.3,0.3,4;6;9;12,0.3,0.7,0,insufficient_realized_post_threshold_exposure,inactive,,,,,,,,,,,
H3B0293,X040,asymmetric_stress,3.1,0.5,32,99.2,49.6,49.6,14,21,0.1,0.1,12,12,0.3,0.3,0.3,0.3,0,6,0.5,0.5,0.5,0.5,4;6;9;12,0.5,0.7,4,,supported,4.0,12.0,20.0,-0.06484589041095892,-0.012504280821917822,0.052341609589041105,0.05095499866549415,0.05372822051258806,-1.0,supported,supported
H3B0294,X041,asymmetric_stress,0.8,0.9,64,51.2,46.080000000000005,5.119999999999999,28,28,0.0,0.0,4,4,0.0,0.0,0.3,0.3,0,12,0.3,0.3,0.3,0.5,4;6;9;12,0.3,0.7,0,insufficient_realized_post_threshold_exposure,inactive,,,,,,,,,,,
H3B0295,X042,asymmetric_stress,0.8,0.5,16,12.8,6.4,6.4,21,21,0.3,0.3,4,9,0.3,0.3,0.7,0.7,0,6,0.7,0.7,0.7,0.7,4;6;9;12,0.7,0.7,0,no_valid_post_threshold_increase,inactive,,,,,,,,,,,
H3B0296,X043,asymmetric_stress,0.8,0.7,32,25.6,17.919999999999998,7.6800000000000015,21,21,0.0,0.0,4,4,0.5,0.1,0.7,0.7,0,12,0.3,0.3,0.3,0.3,4;6;9;12,0.3,0.7,0,insufficient_realized_post_threshold_exposure,inactive,,,,,,,,,,,
H3B0297,X044,asymmetric_stress,4.0,0.3,32,128.0,38.4,89.6,28,21,0.0,0.0,9,9,0.0,0.0,0.0,0.0,0,4,0.0,0.0,0.0,0.0,4;6;9;12,0.0,0.7,4,spearman_pattern;threshold_gradient,inconclusive,4.0,12.0,20.0,-0.6999957191780821,-0.6999957191780821,0.0,0.0,0.0,,supported,inconclusive
H3B0298,X045,asymmetric_stress,3.1,0.1,32,99.2,9.920000000000002,89.28,28,28,0.5,0.5,12,12,0.0,0.3,0.5,0.5,0,4,0.7,0.7,0.7,0.7,4;6;9;12,0.7,0.7,0,no_valid_post_threshold_increase,inactive,,,,,,,,,,,
H3B0299,X046,asymmetric_stress,2.0,0.5,32,64.0,32.0,32.0,28,28,0.1,0.1,6,9,0.1,0.1,0.5,0.5,0,9,0.0,0.0,0.0,0.7,4;6;9;12,0.0,0.7,2,,supported,4.0,6.0,20.0,-0.1885402397260274,-0.09992294520547944,0.08861729452054795,0.08548018455249415,0.09175440448860175,-0.9999999999999999,supported,supported
H3B0300,X047,asymmetric_stress,1.25,0.3,16,20.0,6.0,14.0,28,21,0.1,0.1,12,12,0.0,0.1,0.7,0.3,0,4,0.5,0.5,0.5,0.5,4;6;9;12,0.5,0.7,0,insufficient_realized_post_threshold_exposure,inactive,,,,,,,,,,,
H3B0301,X048,asymmetric_stress,4.0,0.3,32,128.0,38.4,89.6,14,14,0.0,0.5,6,6,0.3,0.7,0.7,0.7,0,4,0.7,0.7,0.7,0.7,4;6;9;12,0.7,0.7,0,no_valid_post_threshold_increase,inactive,,,,,,,,,,,
H3B0302,X049,asymmetric_stress,4.0,0.3,16,64.0,19.2,44.8,14,21,0.3,0.3,6,6,0.0,0.7,0.7,0.7,0,6,0.0,0.0,0.0,0.7,4;6;9;12,0.0,0.7,1,insufficient_realized_post_threshold_exposure,inactive,,,,,,,,,,,
H3B0303,X050,asymmetric_stress,3.1,0.9,16,49.6,44.64,4.959999999999999,21,28,0.5,0.5,9,9,0.5,0.5,0.5,0.5,0,12,0.5,0.5,0.5,0.5,4;6;9;12,0.5,0.7,0,insufficient_realized_post_threshold_exposure,inactive,,,,,,,,,,,
H3B0304,X051,asymmetric_stress,1.25,0.1,16,20.0,2.0,18.0,14,21,0.5,0.0,12,12,0.1,0.1,0.1,0.1,0,9,0.3,0.3,0.3,0.3,4;6;9;12,0.3,0.7,1,insufficient_realized_post_threshold_exposure,inactive,,,,,,,,,,,
H3B0305,X052,asymmetric_stress,4.0,0.7,32,128.0,89.6,38.400000000000006,21,14,0.1,0.1,12,12,0.3,0.3,0.3,0.7,0,12,0.0,0.0,0.0,0.5,4;6;9;12,0.0,0.7,4,,supported,4.0,12.0,20.0,-0.37600599315068484,-0.1937071917808219,0.18229880136986304,0.18053967407990354,0.18405792865982254,-1.0,supported,supported
H3B0306,X053,asymmetric_stress,0.8,0.9,32,25.6,23.040000000000003,2.56,14,14,0.5,0.5,6,6,0.0,0.0,0.3,0.7,0,9,0.0,0.0,0.0,0.7,4;6;9;12,0.0,0.7,0,insufficient_realized_post_threshold_exposure,inactive,,,,,,,,,,,
H3B0307,X054,asymmetric_stress,1.25,0.5,16,20.0,10.0,10.0,21,21,0.0,0.0,6,6,0.0,0.0,0.3,0.1,0,9,0.0,0.3,0.0,0.3,4;6;9;12,0.0,0.7,4,,supported,4.0,12.0,20.0,-0.3060958904109589,-0.0308818493150685,0.2752140410958904,0.2450664119210212,0.30536167027075967,-1.0,supported,supported
H3B0308,X055,asymmetric_stress,4.0,0.3,64,256.0,76.8,179.2,7,7,0.3,0.3,4,4,0.0,0.0,0.7,0.7,0,4,0.5,0.5,0.5,0.7,4,0.5,0.7,0,fewer_than_two_valid_thresholds,inactive,,,,,,,,,,,
H3B0309,X056,asymmetric_stress,1.25,0.1,64,80.0,8.0,72.0,7,14,0.0,0.0,4,4,0.7,0.7,0.7,0.7,0,4,0.0,0.0,0.0,0.3,4,0.0,0.7,0,fewer_than_two_valid_thresholds,inactive,,,,,,,,,,,
H3B0310,X057,asymmetric_stress,2.0,0.7,16,32.0,22.4,9.6,21,21,0.0,0.0,9,9,0.1,0.1,0.3,0.5,0,4,0.0,0.0,0.0,0.1,4;6;9;12,0.0,0.7,4,,supported,4.0,12.0,20.0,-0.5380821917808218,-0.5315239726027396,0.0065582191780822145,0.004603131157748861,0.008513307198415568,-0.7745966692414834,supported,supported
H3B0311,X058,asymmetric_stress,3.1,0.9,64,198.4,178.56,19.84,28,28,0.1,0.1,12,12,0.0,0.0,0.1,0.1,0,6,0.0,0.0,0.0,0.7,4;6;9;12,0.0,0.7,4,,supported,4.0,12.0,20.0,-0.4141588184931508,-0.1785209760273973,0.23563784246575348,0.2345066171267977,0.23676906780470924,-1.0,supported,supported
H3B0312,X060,asymmetric_stress,1.25,0.1,64,80.0,8.0,72.0,14,14,0.1,0.1,6,9,0.0,0.0,0.5,0.5,0,6,0.0,0.0,0.0,0.3,4;6;9;12,0.0,0.7,0,insufficient_realized_post_threshold_exposure,inactive,,,,,,,,,,,
H3B0313,X061,asymmetric_stress,2.0,0.9,64,128.0,115.2,12.799999999999995,14,28,0.5,0.5,9,4,0.5,0.3,0.5,0.5,0,9,0.0,0.0,0.0,0.5,4;6;9;12,0.0,0.7,0,insufficient_realized_post_threshold_exposure,inactive,,,,,,,,,,,
H3B0314,X062,asymmetric_stress,4.0,0.5,16,64.0,32.0,32.0,14,14,0.0,0.3,4,4,0.0,0.0,0.1,0.1,0,12,0.5,0.5,0.5,0.5,4;6;9;12,0.5,0.7,4,,supported,4.0,12.0,20.0,-0.1725941780821918,-0.09965753424657534,0.07293664383561645,0.07147331756343463,0.07439997010779827,-1.0,supported,supported
H3B0315,X063,asymmetric_stress,0.8,0.3,64,51.2,15.36,35.84,21,21,0.0,0.3,12,6,0.1,0.1,0.1,0.1,0,4,0.0,0.0,0.0,0.7,4;6;9;12,0.0,0.7,0,insufficient_realized_post_threshold_exposure,inactive,,,,,,,,,,,
H3B0316,X064,asymmetric_stress,4.0,0.7,16,64.0,44.8,19.200000000000003,7,7,0.3,0.5,4,4,0.3,0.3,0.5,0.5,0,4,0.7,0.3,0.7,0.7,4,0.7,0.7,0,fewer_than_two_valid_thresholds;no_valid_post_threshold_increase,inactive,,,,,,,,,,,
H3B0317,X065,asymmetric_stress,1.25,0.1,32,40.0,4.0,36.0,14,14,0.3,0.3,4,4,0.1,0.3,0.3,0.3,0,6,0.0,0.0,0.0,0.7,4;6;9;12,0.0,0.7,0,insufficient_realized_post_threshold_exposure,inactive,,,,,,,,,,,
H3B0318,X066,asymmetric_stress,3.1,0.7,16,49.6,34.72,14.880000000000004,28,28,0.5,0.5,4,4,0.1,0.3,0.7,0.7,0,12,0.5,0.5,0.5,0.7,4;6;9;12,0.5,0.7,0,insufficient_realized_post_threshold_exposure,inactive,,,,,,,,,,,
H3B0319,X067,asymmetric_stress,3.1,0.9,16,49.6,44.64,4.959999999999999,21,21,0.3,0.3,9,4,0.0,0.0,0.3,0.3,0,6,0.3,0.3,0.3,0.7,4;6;9;12,0.3,0.7,2,,supported,4.0,6.0,20.0,-0.09017123287671229,-0.041900684931506844,0.048270547945205466,0.04683840884182199,0.04970268704858894,-0.9999999999999999,supported,supported
H3B0320,X068,asymmetric_stress,2.0,0.9,64,128.0,115.2,12.799999999999995,28,21,0.5,0.5,9,9,0.5,0.5,0.7,0.5,0,9,0.0,0.0,0.0,0.5,4;6;9;12,0.0,0.7,0,insufficient_realized_post_threshold_exposure,inactive,,,,,,,,,,,
H3B0321,X069,asymmetric_stress,0.8,0.9,16,12.8,11.52,1.2799999999999998,7,7,0.5,0.5,4,4,0.1,0.1,0.7,0.7,0,4,0.3,0.0,0.3,0.5,4,0.3,0.7,0,fewer_than_two_valid_thresholds,inactive,,,,,,,,,,,
H3B0322,X070,asymmetric_stress,4.0,0.3,16,64.0,19.2,44.8,14,14,0.0,0.5,4,12,0.1,0.0,0.5,0.5,0,6,0.0,0.0,0.0,0.5,4;6;9;12,0.0,0.7,3,,supported,4.0,9.0,20.0,-0.32661815068493155,-0.08272260273972602,0.2438955479452055,0.24133091739418394,0.24646017849622703,-1.0,supported,supported
H3B0323,X071,asymmetric_stress,1.25,0.3,16,20.0,6.0,14.0,21,21,0.0,0.0,6,6,0.1,0.3,0.3,0.3,0,6,0.7,0.5,0.7,0.5,4;6;9;12,0.7,0.7,0,no_valid_post_threshold_increase,inactive,,,,,,,,,,,
H3B0324,X072,asymmetric_stress,4.0,0.1,32,128.0,12.8,115.2,28,28,0.5,0.5,12,12,0.3,0.0,0.5,0.5,0,9,0.0,0.0,0.0,0.1,4;6;9;12,0.0,0.7,1,insufficient_realized_post_threshold_exposure,inactive,,,,,,,,,,,
H3B0325,X073,asymmetric_stress,4.0,0.7,32,128.0,89.6,38.400000000000006,28,7,0.1,0.1,4,4,0.0,0.0,0.3,0.3,0,4,0.3,0.3,0.3,0.7,4;6;9;12,0.3,0.7,4,,supported,4.0,12.0,20.0,-0.24696489726027396,-0.09305222602739724,0.15391267123287675,0.15111360802246,0.1567117344432935,-1.0,supported,supported
H3B0326,X074,asymmetric_stress,2.0,0.7,32,64.0,44.8,19.200000000000003,14,28,0.5,0.5,12,12,0.0,0.0,0.3,0.3,0,6,0.0,0.0,0.0,0.0,4;6;9;12,0.0,0.7,0,insufficient_realized_post_threshold_exposure,inactive,,,,,,,,,,,
H3B0327,X075,asymmetric_stress,3.1,0.7,64,198.4,138.88,59.52000000000001,14,14,0.0,0.0,12,12,0.5,0.1,0.5,0.5,0,9,0.0,0.5,0.0,0.5,4;6;9;12,0.0,0.7,4,spearman_pattern;threshold_gradient,inconclusive,4.0,12.0,20.0,-0.4890475171232877,-0.4890475171232877,0.0,0.0,0.0,,supported,inconclusive
H3B0328,X076,asymmetric_stress,0.8,0.9,16,12.8,11.52,1.2799999999999998,7,14,0.1,0.1,4,4,0.1,0.0,0.1,0.1,0,4,0.0,0.0,0.0,0.0,4,0.0,0.7,0,fewer_than_two_valid_thresholds,inactive,,,,,,,,,,,
H3B0329,X077,asymmetric_stress,4.0,0.5,16,64.0,32.0,32.0,7,7,0.5,0.0,4,4,0.3,0.3,0.3,0.3,0,4,0.0,0.0,0.0,0.7,4,0.0,0.7,0,fewer_than_two_valid_thresholds,inactive,,,,,,,,,,,
H3B0330,X078,asymmetric_stress,0.8,0.1,16,12.8,1.2800000000000002,11.52,14,14,0.5,0.5,4,4,0.5,0.3,0.5,0.5,0,4,0.7,0.7,0.7,0.7,4;6;9;12,0.7,0.7,0,no_valid_post_threshold_increase,inactive,,,,,,,,,,,
H3B0331,X079,asymmetric_stress,3.1,0.5,64,198.4,99.2,99.2,28,7,0.3,0.3,4,4,0.3,0.3,0.5,0.5,0,4,0.0,0.0,0.0,0.3,4;6;9;12,0.0,0.7,1,insufficient_realized_post_threshold_exposure,inactive,,,,,,,,,,,
H3B0332,X081,asymmetric_stress,1.25,0.9,16,20.0,18.0,2.0,21,21,0.1,0.1,9,9,0.5,0.1,0.5,0.5,0,12,0.0,0.0,0.0,0.5,4;6;9;12,0.0,0.7,0,insufficient_realized_post_threshold_exposure,inactive,,,,,,,,,,,
H3B0333,X082,asymmetric_stress,4.0,0.3,32,128.0,38.4,89.6,28,21,0.3,0.3,12,12,0.3,0.3,0.5,0.7,0,4,0.0,0.0,0.0,0.7,4;6;9;12,0.0,0.7,2,,supported,4.0,6.0,20.0,-0.05014126712328767,-0.019306506849315074,0.030834760273972594,0.029913819281011597,0.03175570126693359,-0.9999999999999999,supported,supported
H3B0334,X083,asymmetric_stress,0.8,0.5,32,25.6,12.8,12.8,7,7,0.1,0.1,4,4,0.0,0.3,0.5,0.5,0,4,0.0,0.0,0.0,0.0,4,0.0,0.7,0,fewer_than_two_valid_thresholds,inactive,,,,,,,,,,,
H3B0335,X084,asymmetric_stress,2.0,0.7,16,32.0,22.4,9.6,28,28,0.5,0.5,12,12,0.3,0.3,0.3,0.3,0,12,0.3,0.0,0.3,0.3,4;6;9;12,0.3,0.7,0,insufficient_realized_post_threshold_exposure,inactive,,,,,,,,,,,
H3B0336,X085,asymmetric_stress,2.0,0.3,16,32.0,9.6,22.4,14,21,0.1,0.1,4,9,0.0,0.0,0.1,0.5,0,6,0.0,0.0,0.0,0.3,4;6;9;12,0.0,0.7,3,,supported,4.0,9.0,20.0,-0.13690068493150687,-0.028261986301369856,0.108638698630137,0.10702844550708056,0.11024895175319345,-1.0,supported,supported
H3B0337,X086,asymmetric_stress,1.25,0.5,64,80.0,40.0,40.0,7,7,0.0,0.0,4,4,0.5,0.5,0.7,0.7,0,4,0.0,0.5,0.0,0.7,4,0.0,0.7,0,fewer_than_two_valid_thresholds,inactive,,,,,,,,,,,
H3B0338,X087,asymmetric_stress,1.25,0.9,16,20.0,18.0,2.0,28,28,0.3,0.3,6,6,0.5,0.0,0.7,0.7,0,9,0.3,0.3,0.3,0.3,4;6;9;12,0.3,0.7,0,insufficient_realized_post_threshold_exposure,inactive,,,,,,,,,,,
H3B0339,X088,asymmetric_stress,4.0,0.7,32,128.0,89.6,38.400000000000006,21,14,0.1,0.5,9,12,0.3,0.3,0.3,0.3,0,12,0.0,0.0,0.0,0.5,4;6;9;12,0.0,0.7,4,,supported,4.0,12.0,20.0,-0.4223801369863015,-0.0960659246575343,0.3263142123287671,0.3212508647599219,0.33137755989761236,-1.0,supported,supported
H3B0340,X089,asymmetric_stress,4.0,0.3,64,256.0,76.8,179.2,28,28,0.1,0.1,4,4,0.0,0.5,0.7,0.7,0,12,0.3,0.3,0.3,0.5,4;6;9;12,0.3,0.7,1,insufficient_realized_post_threshold_exposure,inactive,,,,,,,,,,,
H3B0341,X090,asymmetric_stress,1.25,0.9,32,40.0,36.0,3.999999999999999,14,14,0.5,0.5,6,6,0.0,0.0,0.5,0.5,0,4,0.0,0.3,0.0,0.7,4;6;9;12,0.0,0.7,0,insufficient_realized_post_threshold_exposure,inactive,,,,,,,,,,,
H3B0342,X091,asymmetric_stress,2.0,0.3,64,128.0,38.4,89.6,14,14,0.5,0.1,4,4,0.5,0.5,0.5,0.5,0,4,0.0,0.0,0.0,0.3,4;6;9;12,0.0,0.7,0,insufficient_realized_post_threshold_exposure,inactive,,,,,,,,,,,
H3B0343,X092,asymmetric_stress,1.25,0.5,32,40.0,20.0,20.0,14,28,0.5,0.5,12,12,0.3,0.3,0.5,0.3,0,9,0.0,0.0,0.0,0.5,4;6;9;12,0.0,0.7,0,insufficient_realized_post_threshold_exposure,inactive,,,,,,,,,,,
H3B0344,X093,asymmetric_stress,1.25,0.9,16,20.0,18.0,2.0,14,14,0.3,0.3,6,9,0.1,0.1,0.1,0.5,0,6,0.0,0.0,0.0,0.1,4;6;9;12,0.0,0.7,0,insufficient_realized_post_threshold_exposure,inactive,,,,,,,,,,,
H3B0345,X094,asymmetric_stress,0.8,0.9,16,12.8,11.52,1.2799999999999998,7,7,0.1,0.1,4,4,0.1,0.1,0.1,0.1,0,4,0.0,0.0,0.0,0.3,4,0.0,0.7,0,fewer_than_two_valid_thresholds,inactive,,,,,,,,,,,
H3B0346,X095,asymmetric_stress,2.0,0.7,32,64.0,44.8,19.200000000000003,14,14,0.5,0.5,12,9,0.3,0.0,0.3,0.3,0,6,0.0,0.0,0.0,0.0,4;6;9;12,0.0,0.7,0,insufficient_realized_post_threshold_exposure,inactive,,,,,,,,,,,
H3B0347,X096,asymmetric_stress,3.1,0.3,16,49.6,14.88,34.72,28,21,0.5,0.5,12,12,0.1,0.1,0.7,0.7,0,9,0.0,0.0,0.0,0.3,4;6;9;12,0.0,0.7,1,insufficient_realized_post_threshold_exposure,inactive,,,,,,,,,,,
H3B0348,X097,asymmetric_stress,3.1,0.5,16,49.6,24.8,24.8,21,21,0.3,0.3,4,9,0.0,0.0,0.1,0.1,0,9,0.7,0.7,0.7,0.7,4;6;9;12,0.7,0.7,0,no_valid_post_threshold_increase,inactive,,,,,,,,,,,
H3B0349,X098,asymmetric_stress,0.8,0.5,16,12.8,6.4,6.4,28,14,0.0,0.0,12,12,0.0,0.0,0.5,0.5,0,4,0.5,0.5,0.5,0.7,4;6;9;12,0.5,0.7,0,insufficient_realized_post_threshold_exposure,inactive,,,,,,,,,,,
H3B0350,X099,asymmetric_stress,2.0,0.5,32,64.0,32.0,32.0,14,14,0.1,0.1,6,9,0.1,0.0,0.5,0.5,0,6,0.0,0.0,0.0,0.3,4;6;9;12,0.0,0.7,2,,supported,4.0,6.0,20.0,-0.16961044520547947,-0.1184375,0.05117294520547946,0.049397216374691896,0.05294867403626702,-0.9999999999999999,supported,supported
H3B0351,X100,asymmetric_stress,3.1,0.5,32,99.2,49.6,49.6,21,21,0.0,0.1,12,12,0.1,0.3,0.3,0.3,0,6,0.5,0.5,0.5,0.5,4;6;9;12,0.5,0.7,4,,supported,4.0,12.0,20.0,-0.15512842465753426,-0.1293193493150685,0.025809075342465747,0.025260363362272237,0.026357787322659258,-1.0,supported,supported
H3B0352,X101,asymmetric_stress,3.1,0.9,16,49.6,44.64,4.959999999999999,28,28,0.0,0.0,12,12,0.1,0.1,0.7,0.1,0,12,0.7,0.7,0.7,0.7,4;6;9;12,0.7,0.7,0,no_valid_post_threshold_increase,inactive,,,,,,,,,,,
H3B0353,X102,asymmetric_stress,4.0,0.3,32,128.0,38.4,89.6,28,14,0.1,0.5,4,6,0.0,0.0,0.3,0.3,0,12,0.3,0.3,0.3,0.7,4;6;9;12,0.3,0.7,2,,supported,4.0,6.0,20.0,-0.12351883561643837,-0.0853167808219178,0.038202054794520546,0.037231755839356596,0.039172353749684495,-0.9999999999999999,supported,supported
H3B0354,X103,asymmetric_stress,3.1,0.7,64,198.4,138.88,59.52000000000001,14,14,0.1,0.5,4,4,0.1,0.1,0.1,0.1,0,9,0.0,0.0,0.0,0.7,4;6;9;12,0.0,0.7,4,,supported,4.0,12.0,20.0,-0.42061429794520555,-0.08317851027397263,0.3374357876712329,0.3339272651717341,0.3409443101707317,-1.0,supported,supported
H3B0355,X104,asymmetric_stress,3.1,0.5,32,99.2,49.6,49.6,28,21,0.5,0.5,6,12,0.0,0.0,0.3,0.3,0,6,0.0,0.0,0.0,0.3,4;6;9;12,0.0,0.7,1,insufficient_realized_post_threshold_exposure,inactive,,,,,,,,,,,
H3B0356,X105,asymmetric_stress,4.0,0.1,16,64.0,6.4,57.6,14,21,0.1,0.1,4,4,0.0,0.0,0.7,0.7,0,12,0.0,0.3,0.0,0.3,4;6;9;12,0.0,0.7,2,,supported,4.0,6.0,20.0,-0.044854452054794505,-0.0054708904109589005,0.03938356164383561,0.03785548288581962,0.04091164040185159,-0.9999999999999999,supported,supported
H3B0357,X106,asymmetric_stress,0.8,0.5,64,51.2,25.6,25.6,14,28,0.1,0.1,9,9,0.0,0.0,0.5,0.5,0,6,0.0,0.0,0.0,0.3,4;6;9;12,0.0,0.7,0,insufficient_realized_post_threshold_exposure,inactive,,,,,,,,,,,
H3B0358,X107,asymmetric_stress,2.0,0.3,64,128.0,38.4,89.6,14,14,0.5,0.5,4,6,0.5,0.3,0.5,0.5,0,9,0.0,0.0,0.0,0.5,4;6;9;12,0.0,0.7,0,insufficient_realized_post_threshold_exposure,inactive,,,,,,,,,,,
H3B0359,X108,asymmetric_stress,0.8,0.5,32,25.6,12.8,12.8,28,7,0.0,0.0,4,4,0.0,0.0,0.0,0.0,0,4,0.0,0.0,0.0,0.0,4;6;9;12,0.0,0.7,0,insufficient_realized_post_threshold_exposure,inactive,,,,,,,,,,,
H3B0360,X109,asymmetric_stress,4.0,0.7,32,128.0,89.6,38.400000000000006,21,21,0.1,0.1,6,12,0.3,0.3,0.3,0.3,0,12,0.0,0.0,0.0,0.5,4;6;9;12,0.0,0.7,4,,supported,4.0,12.0,20.0,-0.3230693493150684,-0.13786815068493147,0.185201198630137,0.1837661902985779,0.1866362069616961,-1.0,supported,supported
H3B0361,X110,asymmetric_stress,2.0,0.1,16,32.0,3.2,28.8,21,21,0.3,0.3,6,6,0.5,0.5,0.5,0.7,0,12,0.0,0.0,0.0,0.0,4;6;9;12,0.0,0.7,0,insufficient_realized_post_threshold_exposure,inactive,,,,,,,,,,,
H3B0362,X111,asymmetric_stress,4.0,0.5,32,128.0,64.0,64.0,14,14,0.3,0.3,4,6,0.0,0.7,0.7,0.7,0,12,0.7,0.7,0.7,0.7,4;6;9;12,0.7,0.7,0,no_valid_post_threshold_increase,inactive,,,,,,,,,,,
H3B0363,X112,asymmetric_stress,0.8,0.7,16,12.8,8.959999999999999,3.8400000000000007,28,14,0.3,0.3,12,12,0.1,0.1,0.5,0.3,0,9,0.0,0.0,0.0,0.7,4;6;9;12,0.0,0.7,0,insufficient_realized_post_threshold_exposure,inactive,,,,,,,,,,,
H3B0364,X113,asymmetric_stress,2.0,0.7,16,32.0,22.4,9.6,21,21,0.5,0.0,6,6,0.0,0.0,0.0,0.0,0,9,0.0,0.0,0.0,0.3,4;6;9;12,0.0,0.7,1,insufficient_realized_post_threshold_exposure,inactive,,,,,,,,,,,
H3B0365,X114,asymmetric_stress,0.8,0.1,64,51.2,5.120000000000001,46.080000000000005,21,21,0.3,0.3,9,9,0.3,0.3,0.5,0.5,0,4,0.3,0.0,0.3,0.5,4;6;9;12,0.3,0.7,0,insufficient_realized_post_threshold_exposure,inactive,,,,,,,,,,,
H3B0366,X115,asymmetric_stress,2.0,0.9,32,64.0,57.6,6.399999999999999,14,7,0.3,0.3,4,4,0.3,0.5,0.5,0.5,0,4,0.0,0.0,0.0,0.5,4;6;9;12,0.0,0.7,0,insufficient_realized_post_threshold_exposure,inactive,,,,,,,,,,,
H3B0367,X116,asymmetric_stress,2.0,0.3,16,32.0,9.6,22.4,28,28,0.5,0.3,9,9,0.1,0.1,0.1,0.1,0,4,0.7,0.7,0.7,0.7,4;6;9;12,0.7,0.7,0,no_valid_post_threshold_increase,inactive,,,,,,,,,,,
H3B0368,X117,asymmetric_stress,3.1,0.7,64,198.4,138.88,59.52000000000001,14,14,0.5,0.5,9,9,0.0,0.0,0.5,0.7,0,6,0.0,0.0,0.0,0.0,4;6;9;12,0.0,0.7,1,insufficient_realized_post_threshold_exposure,inactive,,,,,,,,,,,
H3B0369,X118,asymmetric_stress,4.0,0.5,16,64.0,32.0,32.0,14,14,0.0,0.0,6,6,0.5,0.5,0.7,0.7,0,12,0.7,0.3,0.7,0.7,4;6;9;12,0.7,0.7,0,no_valid_post_threshold_increase,inactive,,,,,,,,,,,
H3B0370,X119,asymmetric_stress,4.0,0.7,32,128.0,89.6,38.400000000000006,7,7,0.1,0.3,4,4,0.1,0.0,0.3,0.3,0,4,0.3,0.3,0.3,0.7,4,0.3,0.7,0,fewer_than_two_valid_thresholds,inactive,,,,,,,,,,,
H3B0371,X120,asymmetric_stress,3.1,0.5,32,99.2,49.6,49.6,14,21,0.0,0.0,4,4,0.5,0.5,0.7,0.7,0,4,0.3,0.5,0.3,0.5,4;6;9;12,0.3,0.7,1,insufficient_realized_post_threshold_exposure,inactive,,,,,,,,,,,
H3B0372,X121,asymmetric_stress,0.8,0.3,32,25.6,7.68,17.919999999999998,28,14,0.1,0.1,9,9,0.0,0.0,0.5,0.5,0,4,0.3,0.0,0.3,0.3,4;6;9;12,0.3,0.7,0,insufficient_realized_post_threshold_exposure,inactive,,,,,,,,,,,
H3B0373,X122,asymmetric_stress,2.0,0.7,64,128.0,89.6,38.400000000000006,28,28,0.1,0.0,9,9,0.0,0.0,0.5,0.5,0,12,0.7,0.7,0.7,0.7,4;6;9;12,0.7,0.7,0,no_valid_post_threshold_increase,inactive,,,,,,,,,,,
H3B0374,X123,asymmetric_stress,3.1,0.3,32,99.2,29.76,69.44,14,14,0.5,0.0,9,9,0.0,0.0,0.5,0.5,0,6,0.0,0.0,0.0,0.0,4;6;9;12,0.0,0.7,0,insufficient_realized_post_threshold_exposure,inactive,,,,,,,,,,,
H3B0375,X124,asymmetric_stress,3.1,0.9,64,198.4,178.56,19.84,14,28,0.1,0.1,12,12,0.0,0.1,0.1,0.1,0,9,0.0,0.0,0.0,0.7,4;6;9;12,0.0,0.7,4,,supported,4.0,12.0,20.0,-0.4038227739726028,-0.16597816780821922,0.23784460616438358,0.23672349252871933,0.23896571980004783,-1.0,supported,supported
H3B0376,X125,asymmetric_stress,1.25,0.7,16,20.0,14.0,6.000000000000001,14,28,0.1,0.1,9,9,0.0,0.0,0.1,0.5,0,6,0.0,0.0,0.0,0.3,4;6;9;12,0.0,0.7,1,insufficient_realized_post_threshold_exposure,inactive,,,,,,,,,,,
H3B0377,X126,asymmetric_stress,3.1,0.1,16,49.6,4.960000000000001,44.64,28,28,0.1,0.1,9,12,0.7,0.7,0.7,0.7,0,9,0.0,0.0,0.0,0.1,4;6;9;12,0.0,0.7,0,insufficient_realized_post_threshold_exposure,inactive,,,,,,,,,,,
H3B0378,X127,asymmetric_stress,0.8,0.1,32,25.6,2.5600000000000005,23.040000000000003,28,28,0.3,0.3,4,4,0.0,0.0,0.0,0.7,0,9,0.0,0.0,0.0,0.3,4;6;9;12,0.0,0.7,0,insufficient_realized_post_threshold_exposure,inactive,,,,,,,,,,,
H3B0379,X128,asymmetric_stress,0.8,0.7,32,25.6,17.919999999999998,7.6800000000000015,28,21,0.0,0.0,4,4,0.1,0.1,0.7,0.7,0,12,0.3,0.3,0.3,0.3,4;6;9;12,0.3,0.7,0,insufficient_realized_post_threshold_exposure,inactive,,,,,,,,,,,
