weight_set,w1,w2,Q,rho_1,rho_2,tau_1,tau_2,weighted_utilization,weighted_offered_wait,fcfs_weighted_utilization,fcfs_weighted_offered_wait,delta_weighted_utilization,delta_weighted_offered_wait,served_rate_1,served_rate_2,overall_served_rate,fcfs_served_rate_1,fcfs_served_rate_2,fcfs_overall_served_rate,min_served_rate,served_rate_flag
"w1=1, w2=1",1.0,1.0,0,0.5033732876712329,0.4974657534246575,5.420387187309788,5.417746496996356,1.0008390410958905,5.4190628042046045,1.0008390410958905,5.4190628042046045,0.0,0.0,0.5856168523932497,0.5831648769911885,0.5843850685526365,0.5856168523932497,0.5831648769911885,0.5843850685526365,0.5822518148626945,False
"w1=1, w2=1",1.0,1.0,4,0.5040410958904109,0.49679794520547943,5.404223823863045,5.434055205853594,1.0008390410958903,5.4190628042046045,1.0008390410958905,5.4190628042046045,-4.4408920985006264e-17,0.0,0.5865749661567066,0.5821905707467911,0.5843850685526365,0.5856168523932497,0.5831648769911885,0.5843850685526365,0.5817682949677919,False
"w1=1, w2=1",1.0,1.0,8,0.5057534246575343,0.4950856164383562,5.371112650554835,5.467539326510287,1.0008390410958905,5.419084805295886,1.0008390410958905,5.4190628042046045,4.4408920985006264e-17,2.2001091281254048e-05,0.5892694559686573,0.5794794343768854,0.5843850685526365,0.5856168523932497,0.5831648769911885,0.5843850685526365,0.5794794343768854,False
"w1=1, w2=1",1.0,1.0,12,0.5102739726027398,0.4905479452054794,5.297898984060231,5.541814214498086,1.0008219178082194,5.419249420425471,1.0008390410958905,5.4190628042046045,-1.712328767118354e-05,0.00018661622086604268,0.59664858104329,0.5717944904677434,0.5842749594771636,0.5856168523932497,0.5831648769911885,0.5843850685526365,0.5717944904677434,False
"w1=1, w2=1",1.0,1.0,16,0.5400856164383562,0.4605993150684931,4.7640364791065135,6.2414345946406025,1.0006849315068493,5.4998220448757085,1.0008390410958905,5.4190628042046045,-0.00015410958904105154,0.08075924067110343,0.668160395296686,0.4981708641338566,0.583494873393837,0.5856168523932497,0.5831648769911885,0.5843850685526365,0.4981708641338566,True
"w1=1, w2=1",1.0,1.0,20,0.6375,0.3628253424657534,3.014408218082071,7.622842818110007,1.0003253424657532,5.317907632378718,1.0008390410958905,5.4190628042046045,-0.0005136986301370383,-0.10115517182588558,0.813939264832598,0.3884136494822938,0.6012302171138446,0.5856168523932497,0.5831648769911885,0.5843850685526365,0.3884136494822938,True
"w1=1, w2=1",1.0,1.0,24,0.7500684931506849,0.24931506849315072,1.3413450917895893,9.371245424098928,0.9993835616438357,5.337238160953631,1.0008390410958905,5.4190628042046045,-0.0014554794520547532,-0.08182464325097313,0.9556596751241028,0.26743859568932266,0.6122736608107371,0.5856168523932497,0.5831648769911885,0.5843850685526365,0.26743859568932266,True
"w1=1, w2=1",1.0,1.0,28,0.7740068493150685,0.12513698630136988,0.06988147678539305,10.581308854161334,0.8991438356164384,3.855597717858287,1.0008390410958905,5.4190628042046045,-0.10169520547945206,-1.563465086346317,1.0,0.13608925592634805,0.5670781912812594,0.5856168523932497,0.5831648769911885,0.5843850685526365,0.13608925592634805,True
"w1=1, w2=1",1.0,1.0,32,0.781095890410959,0.0,0.008749072997816461,,0.781095890410959,0.008749072997816461,1.0008390410958905,5.4190628042046045,-0.21974315068493144,-5.410313731206788,1.0,0.0,0.5003965996037021,0.5856168523932497,0.5831648769911885,0.5843850685526365,0.0,True
"w1=1.25, w2=1",1.25,1.0,0,0.5033732876712329,0.4974657534246575,5.420387187309788,5.417746496996356,1.1266823630136986,5.419209583028001,1.1266823630136986,5.419209583028001,0.0,0.0,0.5856168523932497,0.5831648769911885,0.5843850685526365,0.5856168523932497,0.5831648769911885,0.5843850685526365,0.5822518148626945,False
"w1=1.25, w2=1",1.25,1.0,4,0.5040410958904109,0.49679794520547943,5.404223823863045,5.434055205853594,1.1268493150684933,5.417406600414024,1.1266823630136986,5.419209583028001,0.00016695205479453357,-0.0018029826139773775,0.5865749661567066,0.5821905707467911,0.5843850685526365,0.5856168523932497,0.5831648769911885,0.5843850685526365,0.5817682949677919,False
"w1=1.25, w2=1",1.25,1.0,8,0.5057534246575343,0.4950856164383562,5.371112650554835,5.467539326510287,1.1272773972602739,5.413731154763572,1.1266823630136986,5.419209583028001,0.000595034246575299,-0.005478428264430057,0.5892694559686573,0.5794794343768854,0.5843850685526365,0.5856168523932497,0.5831648769911885,0.5843850685526365,0.5794794343768854,False
"w1=1.25, w2=1",1.25,1.0,12,0.5102739726027398,0.4905479452054794,5.297898984060231,5.541814214498086,1.1283904109589042,5.405707065008789,1.1266823630136986,5.419209583028001,0.0017080479452054487,-0.01350251801921214,0.59664858104329,0.5717944904677434,0.5842749594771636,0.5856168523932497,0.5831648769911885,0.5843850685526365,0.5717944904677434,False
"w1=1.25, w2=1",1.25,1.0,16,0.5400856164383562,0.4605993150684931,4.7640364791065135,6.2414345946406025,1.1357063356164383,5.417782387593317,1.1266823630136986,5.419209583028001,0.009023972602739683,-0.0014271954346847693,0.668160395296686,0.4981708641338566,0.583494873393837,0.5856168523932497,0.5831648769911885,0.5843850685526365,0.4981708641338566,True
"w1=1.25, w2=1",1.25,1.0,20,0.6375,0.3628253424657534,3.014408218082071,7.622842818110007,1.1597003424657533,5.061903674172457,1.1266823630136986,5.419209583028001,0.03301797945205474,-0.35730590885554536,0.813939264832598,0.3884136494822938,0.6012302171138446,0.5856168523932497,0.5831648769911885,0.5843850685526365,0.3884136494822938,True
"w1=1.25, w2=1",1.25,1.0,24,0.7500684931506849,0.24931506849315072,1.3413450917895893,9.371245424098928,1.1869006849315067,4.891436354595679,1.1266823630136986,5.419209583028001,0.06021832191780811,-0.5277732284323224,0.9556596751241028,0.26743859568932266,0.6122736608107371,0.5856168523932497,0.5831648769911885,0.5843850685526365,0.26743859568932266,True
"w1=1.25, w2=1",1.25,1.0,28,0.7740068493150685,0.12513698630136988,0.06988147678539305,10.581308854161334,1.0926455479452053,3.3335800007824545,1.1266823630136986,5.419209583028001,-0.03403681506849323,-2.0856295822455473,1.0,0.13608925592634805,0.5670781912812594,0.5856168523932497,0.5831648769911885,0.5843850685526365,0.13608925592634805,True
"w1=1.25, w2=1",1.25,1.0,32,0.781095890410959,0.0,0.008749072997816461,,0.9763698630136985,0.008749072997816461,1.1266823630136986,5.419209583028001,-0.15031250000000002,-5.410460510030186,1.0,0.0,0.5003965996037021,0.5856168523932497,0.5831648769911885,0.5843850685526365,0.0,True
"w1=1.5, w2=1",1.5,1.0,0,0.5033732876712329,0.4974657534246575,5.420387187309788,5.417746496996356,1.252525684931507,5.419327076599282,1.252525684931507,5.419327076599282,0.0,0.0,0.5856168523932497,0.5831648769911885,0.5843850685526365,0.5856168523932497,0.5831648769911885,0.5843850685526365,0.5822518148626945,False
"w1=1.5, w2=1",1.5,1.0,4,0.5040410958904109,0.49679794520547943,5.404223823863045,5.434055205853594,1.2528595890410958,5.416082993456576,1.252525684931507,5.419327076599282,0.00033390410958911154,-0.0032440831427052786,0.5865749661567066,0.5821905707467911,0.5843850685526365,0.5856168523932497,0.5831648769911885,0.5843850685526365,0.5817682949677919,False
"w1=1.5, w2=1",1.5,1.0,8,0.5057534246575343,0.4950856164383562,5.371112650554835,5.467539326510287,1.2537157534246577,5.409452500893094,1.252525684931507,5.419327076599282,0.0011900684931507755,-0.009874575706187372,0.5892694559686573,0.5794794343768854,0.5843850685526365,0.5856168523932497,0.5831648769911885,0.5843850685526365,0.5794794343768854,False
"w1=1.5, w2=1",1.5,1.0,12,0.5102739726027398,0.4905479452054794,5.297898984060231,5.541814214498086,1.255958904109589,5.394883923626186,1.252525684931507,5.419327076599282,0.0034332191780822806,-0.024443152973095295,0.59664858104329,0.5717944904677434,0.5842749594771636,0.5856168523932497,0.5831648769911885,0.5843850685526365,0.5717944904677434,False
"w1=1.5, w2=1",1.5,1.0,16,0.5400856164383562,0.4605993150684931,4.7640364791065135,6.2414345946406025,1.2707277397260275,5.352202351502965,1.252525684931507,5.419327076599282,0.018202054794520618,-0.06712472509631642,0.668160395296686,0.4981708641338566,0.583494873393837,0.5856168523932497,0.5831648769911885,0.5843850685526365,0.4981708641338566,True
"w1=1.5, w2=1",1.5,1.0,20,0.6375,0.3628253424657534,3.014408218082071,7.622842818110007,1.3190753424657535,4.85711270231649,1.252525684931507,5.419327076599282,0.06654965753424662,-0.5622143742827912,0.813939264832598,0.3884136494822938,0.6012302171138446,0.5856168523932497,0.5831648769911885,0.5843850685526365,0.3884136494822938,True
"w1=1.5, w2=1",1.5,1.0,24,0.7500684931506849,0.24931506849315072,1.3413450917895893,9.371245424098928,1.374417808219178,4.53513015886817,1.252525684931507,5.419327076599282,0.12189212328767125,-0.8841969177311112,0.9556596751241028,0.26743859568932266,0.6122736608107371,0.5856168523932497,0.5831648769911885,0.5843850685526365,0.26743859568932266,True
"w1=1.5, w2=1",1.5,1.0,28,0.7740068493150685,0.12513698630136988,0.06988147678539305,10.581308854161334,1.2861472602739725,2.9380837430017683,1.252525684931507,5.419327076599282,0.03362157534246579,-2.481243333597513,1.0,0.13608925592634805,0.5670781912812594,0.5856168523932497,0.5831648769911885,0.5843850685526365,0.13608925592634805,True
"w1=1.5, w2=1",1.5,1.0,32,0.781095890410959,0.0,0.008749072997816461,,1.1716438356164383,0.008749072997816461,1.252525684931507,5.419327076599282,-0.08088184931506844,-5.410578003601465,1.0,0.0,0.5003965996037021,0.5856168523932497,0.5831648769911885,0.5843850685526365,0.0,True
"w1=2, w2=1",2.0,1.0,0,0.5033732876712329,0.4974657534246575,5.420387187309788,5.417746496996356,1.5042123287671232,5.419503432342053,1.5042123287671232,5.419503432342053,0.0,0.0,0.5856168523932497,0.5831648769911885,0.5843850685526365,0.5856168523932497,0.5831648769911885,0.5843850685526365,0.5822518148626945,False
"w1=2, w2=1",2.0,1.0,4,0.5040410958904109,0.49679794520547943,5.404223823863045,5.434055205853594,1.5048801369863014,5.414099829874755,1.5042123287671232,5.419503432342053,0.0006678082191781343,-0.005403602467298363,0.5865749661567066,0.5821905707467911,0.5843850685526365,0.5856168523932497,0.5831648769911885,0.5843850685526365,0.5817682949677919,False
"w1=2, w2=1",2.0,1.0,8,0.5057534246575343,0.4950856164383562,5.371112650554835,5.467539326510287,1.5065924657534246,5.403041594323868,1.5042123287671232,5.419503432342053,0.002380136986301418,-0.016461838018184415,0.5892694559686573,0.5794794343768854,0.5843850685526365,0.5856168523932497,0.5831648769911885,0.5843850685526365,0.5794794343768854,False
"w1=2, w2=1",2.0,1.0,12,0.5102739726027398,0.4905479452054794,5.297898984060231,5.541814214498086,1.5110958904109588,5.378667027330516,1.5042123287671232,5.419503432342053,0.006883561643835678,-0.04083640501153703,0.59664858104329,0.5717944904677434,0.5842749594771636,0.5856168523932497,0.5831648769911885,0.5843850685526365,0.5717944904677434,False
"w1=2, w2=1",2.0,1.0,16,0.5400856164383562,0.4605993150684931,4.7640364791065135,6.2414345946406025,1.5407705479452054,5.2539182635068835,1.5042123287671232,5.419503432342053,0.03655821917808226,-0.16558516883516958,0.668160395296686,0.4981708641338566,0.583494873393837,0.5856168523932497,0.5831648769911885,0.5843850685526365,0.4981708641338566,True
"w1=2, w2=1",2.0,1.0,20,0.6375,0.3628253424657534,3.014408218082071,7.622842818110007,1.6378253424657534,4.549945549100348,1.5042123287671232,5.419503432342053,0.13361301369863013,-0.8695578832417039,0.813939264832598,0.3884136494822938,0.6012302171138446,0.5856168523932497,0.5831648769911885,0.5843850685526365,0.3884136494822938,True
"w1=2, w2=1",2.0,1.0,24,0.7500684931506849,0.24931506849315072,1.3413450917895893,9.371245424098928,1.7494520547945207,4.0012234792946755,1.5042123287671232,5.419503432342053,0.2452397260273973,-1.4182799530473769,0.9556596751241028,0.26743859568932266,0.6122736608107371,0.5856168523932497,0.5831648769911885,0.5843850685526365,0.26743859568932266,True
"w1=2, w2=1",2.0,1.0,28,0.7740068493150685,0.12513698630136988,0.06988147678539305,10.581308854161334,1.6731506849315068,2.3785568074035517,1.5042123287671232,5.419503432342053,0.16893835616438357,-3.0409466249385013,1.0,0.13608925592634805,0.5670781912812594,0.5856168523932497,0.5831648769911885,0.5843850685526365,0.13608925592634805,True
"w1=2, w2=1",2.0,1.0,32,0.781095890410959,0.0,0.008749072997816461,,1.562191780821918,0.008749072997816461,1.5042123287671232,5.419503432342053,0.05797945205479458,-5.410754359344236,1.0,0.0,0.5003965996037021,0.5856168523932497,0.5831648769911885,0.5843850685526365,0.0,True
"w1=3, w2=1",3.0,1.0,0,0.5033732876712329,0.4974657534246575,5.420387187309788,5.417746496996356,2.007585616438356,5.419724067567737,2.007585616438356,5.419724067567737,0.0,0.0,0.5856168523932497,0.5831648769911885,0.5843850685526365,0.5856168523932497,0.5831648769911885,0.5843850685526365,0.5822518148626945,False
"w1=3, w2=1",3.0,1.0,4,0.5040410958904109,0.49679794520547943,5.404223823863045,5.434055205853594,2.008921232876712,5.411624640951435,2.007585616438356,5.419724067567737,0.001335616438356091,-0.008099426616301742,0.5865749661567066,0.5821905707467911,0.5843850685526365,0.5856168523932497,0.5831648769911885,0.5843850685526365,0.5817682949677919,False
"w1=3, w2=1",3.0,1.0,8,0.5057534246575343,0.4950856164383562,5.371112650554835,5.467539326510287,2.012345890410959,5.39503982694181,2.007585616438356,5.419724067567737,0.004760273972602746,-0.024684240625926713,0.5892694559686573,0.5794794343768854,0.5843850685526365,0.5856168523932497,0.5831648769911885,0.5843850685526365,0.5794794343768854,False
"w1=3, w2=1",3.0,1.0,12,0.5102739726027398,0.4905479452054794,5.297898984060231,5.541814214498086,2.0213698630136987,5.358425796272684,2.007585616438356,5.419724067567737,0.013784246575342518,-0.061298271295052054,0.59664858104329,0.5717944904677434,0.5842749594771636,0.5856168523932497,0.5831648769911885,0.5843850685526365,0.5717944904677434,False
"w1=3, w2=1",3.0,1.0,16,0.5400856164383562,0.4605993150684931,4.7640364791065135,6.2414345946406025,2.0808561643835617,5.1312078616899655,2.007585616438356,5.419724067567737,0.07327054794520542,-0.2885162058777704,0.668160395296686,0.4981708641338566,0.583494873393837,0.5856168523932497,0.5831648769911885,0.5843850685526365,0.4981708641338566,True
"w1=3, w2=1",3.0,1.0,20,0.6375,0.3628253424657534,3.014408218082071,7.622842818110007,2.2753253424657536,4.166017174227322,2.007585616438356,5.419724067567737,0.2677397260273973,-1.2537068933404136,0.813939264832598,0.3884136494822938,0.6012302171138446,0.5856168523932497,0.5831648769911885,0.5843850685526365,0.3884136494822938,True
"w1=3, w2=1",3.0,1.0,24,0.7500684931506849,0.24931506849315072,1.3413450917895893,9.371245424098928,2.4995205479452056,3.3347606385652275,2.007585616438356,5.419724067567737,0.4919349315068494,-2.084963429002508,0.9556596751241028,0.26743859568932266,0.6122736608107371,0.5856168523932497,0.5831648769911885,0.5843850685526365,0.26743859568932266,True
"w1=3, w2=1",3.0,1.0,28,0.7740068493150685,0.12513698630136988,0.06988147678539305,10.581308854161334,2.4471575342465757,1.7306140587971028,2.007585616438356,5.419724067567737,0.43957191780821925,-3.6891100087706334,1.0,0.13608925592634805,0.5670781912812594,0.5856168523932497,0.5831648769911885,0.5843850685526365,0.13608925592634805,True
"w1=3, w2=1",3.0,1.0,32,0.781095890410959,0.0,0.008749072997816461,,2.3432876712328765,0.008749072997816461,2.007585616438356,5.419724067567737,0.3357020547945206,-5.410974994569919,1.0,0.0,0.5003965996037021,0.5856168523932497,0.5831648769911885,0.5843850685526365,0.0,True
