hypothesis,background_id,stage1_classification,selection_reason,source_scenario_ids,scenario_type,rho,demand_regime,class1_share,slots_per_day,horizon_class1,horizon_class2,cancel_class2_background,n_paired_seeds,delta_class1_served_rate,delta_class1_served_rate_ci_low,delta_class1_served_rate_ci_high,class1_served_component,delta_class2_served_rate,delta_class2_served_rate_ci_low,delta_class2_served_rate_ci_high,delta_mean_offered_delay,delta_mean_offered_delay_ci_low,delta_mean_offered_delay_ci_high,offered_delay_component,delta_average_utilization,delta_average_utilization_ci_low,delta_average_utilization_ci_high,class1_served_monotonic_fraction,offered_delay_monotonic_fraction,cancel_class1,cancel_class2,n_supported_targets,n_reversed_targets,n_inconclusive_targets,n_inactive_targets,n_loss_matched_targets,failure_component,lambda_total,lambda_class1,lambda_class2,balk_threshold_class1,balk_threshold_class2,balk_low_class1,balk_low_class2,balk_high_class1,balk_high_class2,noshow_threshold_class1,noshow_threshold_class2,noshow_low_class1,noshow_low_class2,noshow_high_class1,noshow_high_class2,valid_h5_steps,n_active_primary_comparisons,n_supported_primary_comparisons,n_reversed_primary_comparisons,n_strong_selection_primary_comparisons,valid_h6_thresholds,n_transitions,n_exposed_transitions,spearman_bucket_mass_vs_jump,median_bucket_mass,largest_jump_lower_threshold,largest_jump_higher_threshold,largest_jump_bucket_delay,largest_jump_bucket_mass,largest_absolute_served_rate_jump,largest_jump_material,largest_jump_in_upper_mass_half,valid_h7_gaps,n_active_gaps,n_supported_gap_comparisons,n_reversed_gap_comparisons,n_inconclusive_gap_comparisons,n_complete_paired_seeds,average_pre_minus_post_absolute_served_gap,average_pre_minus_post_absolute_served_gap_ci_low,average_pre_minus_post_absolute_served_gap_ci_high,start_within_step,start_post_gap,baseline_class1_low,baseline_class1_high,baseline_class2_low,baseline_class2_high,mean_class1_low_regime_offer_share,mean_class1_high_regime_offer_share,mean_class2_high_regime_offer_share,exposure_active,delta_step_effect,delta_step_effect_ci_low,delta_step_effect_ci_high,absolute_step_effect,delta_gap_effect,delta_gap_effect_ci_low,delta_gap_effect_ci_high,absolute_gap_effect,absolute_effect_difference,absolute_effect_difference_ci_low,absolute_effect_difference_ci_high,share_seeds_gap_effect_larger,baseline_equal_noshow_high,mean_class1_arrivals,mean_class2_arrivals,estimated_class1_post_threshold_accepted_share,estimated_class2_post_threshold_accepted_share,mean_absolute_common_utilization_effect,mean_absolute_gap_utilization_effect,common_minus_gap_utilization_effect,common_minus_gap_utilization_effect_ci_low,common_minus_gap_utilization_effect_ci_high,mean_absolute_common_served_gap_effect,mean_absolute_between_gap_effect,gap_minus_common_served_gap_effect,gap_minus_common_served_gap_effect_ci_low,gap_minus_common_served_gap_effect_ci_high,utilization_component,served_gap_component
H1,H1B0004,reversed,stage1_reversed,A004,anchor,1.25,low,0.7,16.0,14.0,14.0,0.1,20.0,0.0321734234819012,0.0248180481521056,0.0395287988116967,reversed,0.5899154045440217,0.5857003391312363,0.5941304699568071,-6.555458186999543,-6.624649201852316,-6.4862671721467695,supported,0.2509760273972602,0.2474932861582048,0.2544587686363156,0.0,1.0,,,,,,,,,,,,,,,,,,,,,,,,,,,,,,,,,,,,,,,,,,,,,,,,,,,,,,,,,,,,,,,,,,,,,,,,,,,,,,,,,,,,,,,,
H1,H1B0005,reversed,stage1_reversed,A005,anchor,1.25,low,0.9,32.0,14.0,14.0,0.1,20.0,0.1776256828940163,0.1719495247087349,0.1833018410792977,reversed,0.6868654653394568,0.6802602546938904,0.6934706759850232,-7.631475720446571,-7.653746326619677,-7.609205114273465,supported,0.2842808219178082,0.2820362244013311,0.2865254194342853,0.0,1.0,,,,,,,,,,,,,,,,,,,,,,,,,,,,,,,,,,,,,,,,,,,,,,,,,,,,,,,,,,,,,,,,,,,,,,,,,,,,,,,,,,,,,,,,
H1,H1B0010,reversed,stage1_reversed,A010,anchor,3.1,high,0.9,16.0,14.0,14.0,0.1,20.0,0.0320710815806971,0.030405541207755,0.0337366219536393,reversed,0.664455326730087,0.6593803190550552,0.6695303344051188,-8.859046136333621,-8.87798792990763,-8.840104342759613,supported,0.2892465753424657,0.2864741672051311,0.2920189834798002,0.0,1.0,,,,,,,,,,,,,,,,,,,,,,,,,,,,,,,,,,,,,,,,,,,,,,,,,,,,,,,,,,,,,,,,,,,,,,,,,,,,,,,,,,,,,,,,
H1,H1B0015,reversed,stage1_reversed,A015,anchor,4.0,high,0.9,64.0,14.0,14.0,0.1,20.0,0.0127563733624638,0.0121262532371099,0.0133864934878178,reversed,0.5584219455925814,0.5559415194624389,0.560902371722724,-7.654612530406827,-7.667318382016193,-7.641906678797461,supported,0.2658518835616438,0.264281933524072,0.2674218335992155,0.0,1.0,,,,,,,,,,,,,,,,,,,,,,,,,,,,,,,,,,,,,,,,,,,,,,,,,,,,,,,,,,,,,,,,,,,,,,,,,,,,,,,,,,,,,,,,
H1,H1B0022,reversed,stage1_reversed,A022,anchor,4.0,high,0.9,16.0,7.0,7.0,0.5,20.0,0.0392127165216984,0.0378045119487128,0.0406209210946841,reversed,0.120675677126526,0.1168528108853378,0.1244985433677141,-3.4272040343028918,-3.445187015383568,-3.4092210532222147,supported,0.1892294520547945,0.1856695526987962,0.1927893514107928,0.0,1.0,,,,,,,,,,,,,,,,,,,,,,,,,,,,,,,,,,,,,,,,,,,,,,,,,,,,,,,,,,,,,,,,,,,,,,,,,,,,,,,,,,,,,,,,
H1,H1B0024,reversed,stage1_reversed,A024,anchor,3.1,high,0.9,32.0,21.0,21.0,0.3,20.0,0.105189373707084,0.1040813352597381,0.1062974121544299,reversed,0.2975800020926386,0.2944196961741027,0.3007403080111744,-7.222782491905252,-7.232896418409945,-7.212668565400559,supported,0.3857277397260273,0.3832299119931066,0.3882255674589481,0.0,1.0,,,,,,,,,,,,,,,,,,,,,,,,,,,,,,,,,,,,,,,,,,,,,,,,,,,,,,,,,,,,,,,,,,,,,,,,,,,,,,,,,,,,,,,,
H1,H1B0048,reversed,stage1_reversed,S016,sobol_symmetric,3.1,high,0.9,64.0,28.0,28.0,0.1,20.0,0.1703695280028609,0.1698528877097342,0.1708861682959877,reversed,0.7402630560658677,0.738428903860769,0.7420972082709665,-22.33124593367247,-22.34543241956385,-22.31705944778109,supported,0.6915303938356165,0.6899382735864885,0.6931225140847446,0.0,1.0,,,,,,,,,,,,,,,,,,,,,,,,,,,,,,,,,,,,,,,,,,,,,,,,,,,,,,,,,,,,,,,,,,,,,,,,,,,,,,,,,,,,,,,,
H1,H1B0060,reversed,stage1_reversed,S028,sobol_symmetric,3.1,high,0.9,32.0,21.0,21.0,0.1,20.0,0.0417528286354696,0.0405525807993413,0.0429530764715979,reversed,0.2763706867022324,0.2716689308388738,0.281072442565591,-16.73265568955026,-16.752598904546605,-16.712712474553914,supported,0.1966823630136986,0.1945009827570691,0.1988637432703281,0.0,1.0,,,,,,,,,,,,,,,,,,,,,,,,,,,,,,,,,,,,,,,,,,,,,,,,,,,,,,,,,,,,,,,,,,,,,,,,,,,,,,,,,,,,,,,,
H1,H1B0094,reversed,stage1_reversed,S062,sobol_symmetric,2.0,boundary,0.7,16.0,21.0,21.0,0.5,20.0,0.0082594233459502,0.0054572649490985,0.0110615817428019,reversed,0.501540727389959,0.4983381134252276,0.5047433413546905,-16.72655124828102,-16.76684482280735,-16.68625767375469,supported,0.2996575342465754,0.2965838413018224,0.3027312271913283,0.0,1.0,,,,,,,,,,,,,,,,,,,,,,,,,,,,,,,,,,,,,,,,,,,,,,,,,,,,,,,,,,,,,,,,,,,,,,,,,,,,,,,,,,,,,,,,
H1,H1B0104,reversed,stage1_reversed,S072,sobol_symmetric,3.1,high,0.9,64.0,14.0,14.0,0.1,20.0,0.0377284130377677,0.0366183792206687,0.0388384468548668,reversed,0.6278785387443829,0.6251759288865412,0.6305811486022247,-9.308253817711742,-9.317221803574196,-9.29928583184929,supported,0.2924165239726027,0.2913145341193652,0.2935185138258403,0.0,1.0,,,,,,,,,,,,,,,,,,,,,,,,,,,,,,,,,,,,,,,,,,,,,,,,,,,,,,,,,,,,,,,,,,,,,,,,,,,,,,,,,,,,,,,,
H1,H1B0116,reversed,stage1_reversed,S084,sobol_symmetric,4.0,high,0.7,32.0,7.0,7.0,0.1,20.0,0.0067684350995063,0.0060131521513326,0.0075237180476799,reversed,0.1888526799073321,0.1872473247717297,0.1904580350429346,-1.250170936339948,-1.254949332646438,-1.245392540033458,supported,0.2445333904109589,0.2421797810987327,0.2468869997231851,0.0,1.0,,,,,,,,,,,,,,,,,,,,,,,,,,,,,,,,,,,,,,,,,,,,,,,,,,,,,,,,,,,,,,,,,,,,,,,,,,,,,,,,,,,,,,,,
H1,H1B0124,reversed,stage1_reversed,S092,sobol_symmetric,3.1,high,0.7,64.0,14.0,14.0,0.5,20.0,0.0752675928173528,0.0740191730120948,0.0765160126226109,reversed,0.3214454684923717,0.3199526992621787,0.3229382377225647,-9.03016055415909,-9.038569540429345,-9.021751567888836,supported,0.4594306506849315,0.4578941052880008,0.4609671960818621,0.0,1.0,,,,,,,,,,,,,,,,,,,,,,,,,,,,,,,,,,,,,,,,,,,,,,,,,,,,,,,,,,,,,,,,,,,,,,,,,,,,,,,,,,,,,,,,
H1,H1B0128,reversed,stage1_reversed,S096,sobol_symmetric,3.1,high,0.9,16.0,21.0,21.0,0.3,20.0,0.1100988141547638,0.1083564234651514,0.1118412048443761,reversed,0.3241280882383324,0.3197659259429534,0.3284902505337115,-16.18327642335779,-16.195639278072434,-16.170913568643144,supported,0.4010530821917809,0.3976136861212547,0.4044924782623071,0.0,1.0,,,,,,,,,,,,,,,,,,,,,,,,,,,,,,,,,,,,,,,,,,,,,,,,,,,,,,,,,,,,,,,,,,,,,,,,,,,,,,,,,,,,,,,,
H1,H1B0144,reversed,stage1_reversed,S112,sobol_symmetric,3.1,high,0.9,32.0,21.0,21.0,0.5,20.0,0.0753136186650964,0.0743547758304349,0.0762724614997579,reversed,0.3194288945583532,0.3156909425388426,0.3231668465778639,-16.62745320113631,-16.645199408387963,-16.609706993884654,supported,0.296986301369863,0.2954395017493444,0.2985331009903816,0.0,1.0,,,,,,,,,,,,,,,,,,,,,,,,,,,,,,,,,,,,,,,,,,,,,,,,,,,,,,,,,,,,,,,,,,,,,,,,,,,,,,,,,,,,,,,,
H1,H1B0164,reversed,stage1_reversed,S132,sobol_symmetric,4.0,high,0.7,64.0,14.0,14.0,0.1,20.0,0.0250013047109596,0.0242031416416974,0.0257994677802219,reversed,0.4328348155613311,0.4317346236194889,0.4339350075031732,-6.744406728822665,-6.792578211429729,-6.696235246215601,supported,0.5826541095890412,0.5786331548477731,0.5866750643303092,0.0,1.0,,,,,,,,,,,,,,,,,,,,,,,,,,,,,,,,,,,,,,,,,,,,,,,,,,,,,,,,,,,,,,,,,,,,,,,,,,,,,,,,,,,,,,,,
H1,H1B0174,reversed,stage1_reversed,S142,sobol_symmetric,2.0,boundary,0.9,64.0,21.0,21.0,0.1,20.0,0.1707489930621152,0.1689382792366153,0.172559706887615,reversed,0.3863272978803224,0.3825611359925676,0.3900934597680773,-7.623939960152517,-7.633919467477507,-7.613960452827528,supported,0.3852333047945206,0.3830443451146998,0.3874222644743413,0.0,1.0,,,,,,,,,,,,,,,,,,,,,,,,,,,,,,,,,,,,,,,,,,,,,,,,,,,,,,,,,,,,,,,,,,,,,,,,,,,,,,,,,,,,,,,,
H1,H1B0198,reversed,stage1_reversed,S166,sobol_symmetric,1.25,low,0.9,32.0,14.0,14.0,0.5,20.0,0.2731525776467977,0.2698531162304676,0.2764520390631277,reversed,0.5456209592572773,0.538045142469048,0.5531967760455065,-4.631450994606992,-4.6525124763189405,-4.610389512895044,supported,0.3762457191780822,0.3734923942599849,0.3789990440961795,0.0,1.0,,,,,,,,,,,,,,,,,,,,,,,,,,,,,,,,,,,,,,,,,,,,,,,,,,,,,,,,,,,,,,,,,,,,,,,,,,,,,,,,,,,,,,,,
H1,H1B0200,reversed,stage1_reversed,S168,sobol_symmetric,2.0,boundary,0.5,64.0,7.0,7.0,0.0,20.0,0.0381071910627854,0.0362229432439228,0.039991438881648,reversed,0.5618021415646536,0.5582247254041715,0.5653795577251357,-1.7804652148410434,-1.830845575650262,-1.7300848540318248,supported,0.5994263698630138,0.5959913499540439,0.6028613897719837,0.0,1.0,,,,,,,,,,,,,,,,,,,,,,,,,,,,,,,,,,,,,,,,,,,,,,,,,,,,,,,,,,,,,,,,,,,,,,,,,,,,,,,,,,,,,,,,
H1,H1B0204,reversed,stage1_reversed,S172,sobol_symmetric,4.0,high,0.7,64.0,21.0,21.0,0.5,20.0,0.1418755814458348,0.1410817431928361,0.1426694196988336,reversed,0.2496943172083513,0.2488198759289324,0.2505687584877702,-15.177591931809378,-15.187592202025249,-15.167591661593509,supported,0.6894327910958905,0.6878011029422109,0.6910644792495702,0.0,1.0,,,,,,,,,,,,,,,,,,,,,,,,,,,,,,,,,,,,,,,,,,,,,,,,,,,,,,,,,,,,,,,,,,,,,,,,,,,,,,,,,,,,,,,,
H1,H1B0208,reversed,stage1_reversed,S176,sobol_symmetric,3.1,high,0.9,32.0,14.0,14.0,0.3,20.0,0.0333459885216406,0.0320158973409555,0.0346760797023258,reversed,0.3114465307096589,0.3073855741876493,0.3155074872316686,-9.058175144075545,-9.06912776767553,-9.047222520475556,supported,0.186070205479452,0.1830906288699527,0.1890497820889514,0.0,1.0,,,,,,,,,,,,,,,,,,,,,,,,,,,,,,,,,,,,,,,,,,,,,,,,,,,,,,,,,,,,,,,,,,,,,,,,,,,,,,,,,,,,,,,,
H1,H1B0211,reversed,stage1_reversed,S179,sobol_symmetric,2.0,boundary,0.5,64.0,28.0,28.0,0.3,20.0,0.0430532556837606,0.0396933803348745,0.0464131310326468,reversed,0.5266261514121695,0.524112474765185,0.529139828059154,-7.789302046955376,-7.908691626395292,-7.669912467515459,supported,0.5696832191780823,0.5664285583874332,0.5729378799687314,0.0,1.0,,,,,,,,,,,,,,,,,,,,,,,,,,,,,,,,,,,,,,,,,,,,,,,,,,,,,,,,,,,,,,,,,,,,,,,,,,,,,,,,,,,,,,,,
H1,H1B0244,reversed,stage1_reversed,S212,sobol_symmetric,4.0,high,0.7,16.0,7.0,7.0,0.3,20.0,0.0305047964065194,0.0287258879936042,0.0322837048194347,reversed,0.1807548739502123,0.1782324968482904,0.1832772510521342,-2.134012942938776,-2.1510050336339,-2.117020852243652,supported,0.3015667808219178,0.2983848811997622,0.3047486804440735,0.0,1.0,,,,,,,,,,,,,,,,,,,,,,,,,,,,,,,,,,,,,,,,,,,,,,,,,,,,,,,,,,,,,,,,,,,,,,,,,,,,,,,,,,,,,,,,
H1,H1B0252,reversed,stage1_reversed,S220,sobol_symmetric,3.1,high,0.7,64.0,14.0,14.0,0.0,20.0,0.0866487569248257,0.0853010372618245,0.0879964765878269,reversed,0.3393084185592266,0.3371601778220313,0.3414566592964219,-10.764793791672806,-10.774623061508365,-10.754964521837248,supported,0.4998994006849315,0.4984193269213975,0.5013794744484655,0.0,1.0,,,,,,,,,,,,,,,,,,,,,,,,,,,,,,,,,,,,,,,,,,,,,,,,,,,,,,,,,,,,,,,,,,,,,,,,,,,,,,,,,,,,,,,,
H1,H1B0276,reversed,stage1_reversed,X021,asymmetric_stress,3.1,high,0.9,16.0,28.0,21.0,0.3,20.0,0.1130436643327169,0.1112970056677212,0.1147903229977127,reversed,0.3244604189173227,0.3200791932559814,0.3288416445786639,-23.54566424517829,-23.554867889960715,-23.536460600395863,supported,0.4023202054794521,0.3989466771580572,0.405693733800847,0.0,1.0,,,,,,,,,,,,,,,,,,,,,,,,,,,,,,,,,,,,,,,,,,,,,,,,,,,,,,,,,,,,,,,,,,,,,,,,,,,,,,,,,,,,,,,,
H1,H1B0278,reversed,stage1_reversed,X023,asymmetric_stress,3.1,high,0.9,32.0,21.0,21.0,0.1,20.0,0.0417850019801298,0.0406621469978081,0.0429078569624515,reversed,0.2779349831676899,0.2755227439871891,0.2803472223481906,-16.732767904050032,-16.75397578762565,-16.711560020474415,supported,0.1951369863013698,0.1921085887989825,0.1981653838037571,0.0,1.0,,,,,,,,,,,,,,,,,,,,,,,,,,,,,,,,,,,,,,,,,,,,,,,,,,,,,,,,,,,,,,,,,,,,,,,,,,,,,,,,,,,,,,,,
H1,H1B0291,reversed,stage1_reversed,X036,asymmetric_stress,4.0,high,0.9,64.0,14.0,14.0,0.1,20.0,0.0110880845559604,0.0103965082960354,0.0117796608158854,reversed,0.5803720710098517,0.5777780633941066,0.5829660786255967,-7.737535726492885,-7.749227004765697,-7.725844448220073,supported,0.2690881849315068,0.2672327438879127,0.2709436259751009,0.0,1.0,,,,,,,,,,,,,,,,,,,,,,,,,,,,,,,,,,,,,,,,,,,,,,,,,,,,,,,,,,,,,,,,,,,,,,,,,,,,,,,,,,,,,,,,
H1,H1B0305,reversed,stage1_reversed,X050,asymmetric_stress,3.1,high,0.9,16.0,21.0,28.0,0.5,20.0,0.0552161767715324,0.0537817191790086,0.0566506343640562,reversed,0.1601851590929675,0.1550633925576141,0.165306925628321,-17.75470727406054,-17.801716476073903,-17.707698072047176,supported,0.2004708904109589,0.1968371278996477,0.20410465292227,0.0,1.0,,,,,,,,,,,,,,,,,,,,,,,,,,,,,,,,,,,,,,,,,,,,,,,,,,,,,,,,,,,,,,,,,,,,,,,,,,,,,,,,,,,,,,,,
H1,H1B0313,reversed,stage1_reversed,X058,asymmetric_stress,3.1,high,0.9,64.0,28.0,28.0,0.1,20.0,0.1703695280028609,0.1698528877097342,0.1708861682959877,reversed,0.7339075702252745,0.731845340804391,0.735969799646158,-22.33124593367247,-22.34543241956385,-22.31705944778109,supported,0.6895569349315068,0.6879685982336652,0.6911452716293485,0.0,1.0,,,,,,,,,,,,,,,,,,,,,,,,,,,,,,,,,,,,,,,,,,,,,,,,,,,,,,,,,,,,,,,,,,,,,,,,,,,,,,,,,,,,,,,,
H1,H1B0322,reversed,stage1_reversed,X067,asymmetric_stress,3.1,high,0.9,16.0,21.0,21.0,0.3,20.0,0.1127865283349079,0.1112432555733647,0.114329801096451,reversed,0.311155363685884,0.3060232385532599,0.3162874888185081,-16.072182959916347,-16.087081369546485,-16.05728455028621,supported,0.4000770547945206,0.395414917886788,0.4047391917022532,0.0,1.0,,,,,,,,,,,,,,,,,,,,,,,,,,,,,,,,,,,,,,,,,,,,,,,,,,,,,,,,,,,,,,,,,,,,,,,,,,,,,,,,,,,,,,,,
H1,H1B0343,reversed,stage1_reversed,X088,asymmetric_stress,4.0,high,0.7,32.0,21.0,14.0,0.5,20.0,0.0754419725737489,0.0742429081419971,0.0766410370055007,reversed,0.2507433115687022,0.2490684826196838,0.2524181405177205,-16.847141850468002,-16.857434907333598,-16.836848793602407,supported,0.4993279109589041,0.4969798733866784,0.5016759485311298,0.0,1.0,,,,,,,,,,,,,,,,,,,,,,,,,,,,,,,,,,,,,,,,,,,,,,,,,,,,,,,,,,,,,,,,,,,,,,,,,,,,,,,,,,,,,,,,
H1,H1B0345,reversed,stage1_reversed,X090,asymmetric_stress,1.25,low,0.9,32.0,14.0,14.0,0.5,20.0,0.5006939963669079,0.4965004291325223,0.5048875636012935,reversed,0.5456209592572773,0.538045142469048,0.5531967760455065,-4.631450994606992,-4.6525124763189405,-4.610389512895044,supported,0.6315753424657534,0.6277899312539821,0.6353607536775248,0.0,1.0,,,,,,,,,,,,,,,,,,,,,,,,,,,,,,,,,,,,,,,,,,,,,,,,,,,,,,,,,,,,,,,,,,,,,,,,,,,,,,,,,,,,,,,,
H1,H1B0358,reversed,stage1_reversed,X103,asymmetric_stress,3.1,high,0.7,64.0,14.0,14.0,0.5,20.0,0.0752675928173528,0.0740191730120948,0.0765160126226109,reversed,0.3214800946640765,0.3199927311021625,0.3229674582259905,-9.03016055415909,-9.038569540429345,-9.021751567888836,supported,0.4594627568493151,0.4579295371739602,0.46099597652467,0.0,1.0,,,,,,,,,,,,,,,,,,,,,,,,,,,,,,,,,,,,,,,,,,,,,,,,,,,,,,,,,,,,,,,,,,,,,,,,,,,,,,,,,,,,,,,,
H1,H1B0368,reversed,stage1_reversed,X113,asymmetric_stress,2.0,boundary,0.7,16.0,21.0,21.0,0.0,20.0,0.0370811714526889,0.0330540587452117,0.0411082841601661,reversed,0.6655008682645989,0.6616009085433868,0.6694008279858109,-16.52795935929107,-16.554691790348123,-16.50122692823402,supported,0.4310873287671232,0.4281359976584243,0.4340386598758222,0.0,1.0,,,,,,,,,,,,,,,,,,,,,,,,,,,,,,,,,,,,,,,,,,,,,,,,,,,,,,,,,,,,,,,,,,,,,,,,,,,,,,,,,,,,,,,,
H1,H1B0370,reversed,stage1_reversed,X115,asymmetric_stress,2.0,boundary,0.9,32.0,14.0,7.0,0.3,20.0,0.1696387934233759,0.163637747779037,0.1756398390677147,reversed,0.3289994000027715,0.3235125674205128,0.3344862325850303,-3.272354129338878,-3.304089728503119,-3.2406185301746366,supported,0.3689897260273973,0.3604466197558429,0.3775328322989517,0.0,1.0,,,,,,,,,,,,,,,,,,,,,,,,,,,,,,,,,,,,,,,,,,,,,,,,,,,,,,,,,,,,,,,,,,,,,,,,,,,,,,,,,,,,,,,,
H1,H1B0374,reversed,stage1_reversed,X119,asymmetric_stress,4.0,high,0.7,32.0,7.0,7.0,0.3,20.0,0.0204963547851489,0.0191910786647509,0.0218016309055469,reversed,0.1852850688715799,0.1836920392526443,0.1868780984905156,-1.383615233729187,-1.389987360017462,-1.3772431074409115,supported,0.2789297945205479,0.2757097002604208,0.2821498887806751,0.0,1.0,,,,,,,,,,,,,,,,,,,,,,,,,,,,,,,,,,,,,,,,,,,,,,,,,,,,,,,,,,,,,,,,,,,,,,,,,,,,,,,,,,,,,,,,
H1,H1B0379,reversed,stage1_reversed,X124,asymmetric_stress,3.1,high,0.9,64.0,14.0,28.0,0.1,20.0,0.1577591241201131,0.1568725929099644,0.1586456553302617,reversed,0.5897970953985854,0.5873993931866469,0.5921947976105238,-8.583851360841612,-8.59599574287775,-8.571706978805473,supported,0.6204644691780822,0.619273297210178,0.6216556411459864,0.0,1.0,,,,,,,,,,,,,,,,,,,,,,,,,,,,,,,,,,,,,,,,,,,,,,,,,,,,,,,,,,,,,,,,,,,,,,,,,,,,,,,,,,,,,,,,
H1,H1B0380,reversed,stage1_reversed,X125,asymmetric_stress,1.25,low,0.7,16.0,14.0,28.0,0.1,20.0,0.0209790410950909,0.0135596209229999,0.0283984612671818,reversed,0.6300637094615184,0.6207217439749722,0.6394056749480646,-6.893703256982652,-7.003155455580301,-6.784251058385002,supported,0.2553767123287671,0.2515003094760634,0.2592531151814709,0.0,1.0,,,,,,,,,,,,,,,,,,,,,,,,,,,,,,,,,,,,,,,,,,,,,,,,,,,,,,,,,,,,,,,,,,,,,,,,,,,,,,,,,,,,,,,,
H2,H2B0001,inconclusive,uncertainty_limited_inconclusive,A001,anchor,0.8,,0.1,16.0,14.0,14.0,,,,,,,,,,,,,,,,,,,0.1,0.1,0.0,0.0,3.0,0.0,2.0,loss_matching_failed;utilization,,,,,,,,,,,,,,,,,,,,,,,,,,,,,,,,,,,,,,,,,,,,,,,,,,,,,,,,,,,,,,,,,,,,,,,,,,,,,,,,
H2,H2B0114,inconclusive,uncertainty_limited_inconclusive,S082,sobol_symmetric,0.8,,0.7,16.0,14.0,14.0,,,,,,,,,,,,,,,,,,,0.3,0.3,1.0,0.0,2.0,0.0,3.0,utilization,,,,,,,,,,,,,,,,,,,,,,,,,,,,,,,,,,,,,,,,,,,,,,,,,,,,,,,,,,,,,,,,,,,,,,,,,,,,,,,,
H2,H2B0191,reversed,stage1_reversed,S159,sobol_symmetric,0.8,,0.3,16.0,28.0,28.0,,,,,,,,,,,,,,,,,,,0.1,0.1,0.0,1.0,2.0,0.0,3.0,utilization,,,,,,,,,,,,,,,,,,,,,,,,,,,,,,,,,,,,,,,,,,,,,,,,,,,,,,,,,,,,,,,,,,,,,,,,,,,,,,,,
H2,H2B0254,supported,uncertainty_limited_inconclusive,S222,sobol_symmetric,1.25,,0.9,16.0,28.0,28.0,,,,,,,,,,,,,,,,,,,0.3,0.3,2.0,0.0,1.0,0.0,3.0,balk_served,,,,,,,,,,,,,,,,,,,,,,,,,,,,,,,,,,,,,,,,,,,,,,,,,,,,,,,,,,,,,,,,,,,,,,,,,,,,,,,,
H2,H2B0294,inconclusive,stage1_reversed,X044,asymmetric_stress,4.0,,0.3,32.0,28.0,21.0,,,,,,,,,,,,,,,,,,,0.0,0.0,1.0,1.0,1.0,0.0,3.0,balk_served,,,,,,,,,,,,,,,,,,,,,,,,,,,,,,,,,,,,,,,,,,,,,,,,,,,,,,,,,,,,,,,,,,,,,,,,,,,,,,,,
H2,H2B0346,inconclusive,uncertainty_limited_inconclusive,X112,asymmetric_stress,0.8,,0.7,16.0,28.0,14.0,,,,,,,,,,,,,,,,,,,0.3,0.3,1.0,0.0,2.0,0.0,3.0,utilization,,,,,,,,,,,,,,,,,,,,,,,,,,,,,,,,,,,,,,,,,,,,,,,,,,,,,,,,,,,,,,,,,,,,,,,,,,,,,,,,
H5,H5B0027,reversed,stage1_reversed,A027,anchor,1.25,,0.5,16.0,21.0,21.0,,,,,,,,,,,,,,,,,,,0.0,0.0,,,,,,one_or_more_primary_comparisons_reversed,20.0,10.0,10.0,6.0,6.0,0.0,0.0,0.0,0.3,9.0,9.0,0.0,0.0,0.3,0.3,0.0;0.1;0.3;0.5,2.0,0.0,2.0,0.0,,,,,,,,,,,,,,,,,,,,,,,,,,,,,,,,,,,,,,,,,,,,,,,,,,,,,,,,,,,,
H5,H5B0028,reversed,stage1_reversed,A028,anchor,1.25,,0.5,64.0,21.0,21.0,,,,,,,,,,,,,,,,,,,0.0,0.0,,,,,,one_or_more_primary_comparisons_reversed,80.0,40.0,40.0,6.0,6.0,0.0,0.0,0.0,0.3,9.0,9.0,0.0,0.0,0.3,0.3,0.0;0.1;0.3;0.5,2.0,0.0,2.0,0.0,,,,,,,,,,,,,,,,,,,,,,,,,,,,,,,,,,,,,,,,,,,,,,,,,,,,,,,,,,,,
H5,H5B0038,reversed,stage1_reversed,S006,sobol_symmetric,1.25,,0.9,16.0,28.0,28.0,,,,,,,,,,,,,,,,,,,0.0,0.0,,,,,,one_or_more_primary_comparisons_reversed,20.0,18.0,2.0,4.0,4.0,0.0,0.0,0.0,0.3,9.0,9.0,0.0,0.0,0.5,0.5,0.0;0.1;0.3;0.5,2.0,0.0,2.0,0.0,,,,,,,,,,,,,,,,,,,,,,,,,,,,,,,,,,,,,,,,,,,,,,,,,,,,,,,,,,,,
H5,H5B0060,reversed,stage1_reversed,S028,sobol_symmetric,3.1,,0.9,32.0,21.0,21.0,,,,,,,,,,,,,,,,,,,0.1,0.1,,,,,,one_or_more_primary_comparisons_reversed,99.2,89.28,9.919999999999998,6.0,6.0,0.3,0.3,0.3,0.5,9.0,9.0,0.5,0.5,0.7,0.7,0.0;0.1;0.3,2.0,0.0,2.0,0.0,,,,,,,,,,,,,,,,,,,,,,,,,,,,,,,,,,,,,,,,,,,,,,,,,,,,,,,,,,,,
H5,H5B0120,reversed,stage1_reversed,S088,sobol_symmetric,2.0,,0.5,64.0,28.0,28.0,,,,,,,,,,,,,,,,,,,0.0,0.0,,,,,,one_or_more_primary_comparisons_reversed,128.0,64.0,64.0,6.0,6.0,0.0,0.0,0.0,0.7,9.0,9.0,0.0,0.0,0.5,0.5,0.0;0.1;0.3;0.5,2.0,0.0,1.0,0.0,,,,,,,,,,,,,,,,,,,,,,,,,,,,,,,,,,,,,,,,,,,,,,,,,,,,,,,,,,,,
H5,H5B0126,reversed,stage1_reversed,S094,sobol_symmetric,2.0,,0.5,32.0,28.0,28.0,,,,,,,,,,,,,,,,,,,0.1,0.1,,,,,,one_or_more_primary_comparisons_reversed,64.0,32.0,32.0,9.0,9.0,0.1,0.1,0.1,0.5,9.0,9.0,0.0,0.0,0.7,0.7,0.0;0.1;0.3;0.5,2.0,0.0,1.0,0.0,,,,,,,,,,,,,,,,,,,,,,,,,,,,,,,,,,,,,,,,,,,,,,,,,,,,,,,,,,,,
H5,H5B0128,reversed,stage1_reversed,S096,sobol_symmetric,3.1,,0.9,16.0,21.0,21.0,,,,,,,,,,,,,,,,,,,0.3,0.3,,,,,,one_or_more_primary_comparisons_reversed,49.6,44.64,4.959999999999999,4.0,4.0,0.0,0.0,0.0,0.3,6.0,6.0,0.3,0.3,0.7,0.7,0.0;0.1;0.3;0.5,2.0,0.0,1.0,0.0,,,,,,,,,,,,,,,,,,,,,,,,,,,,,,,,,,,,,,,,,,,,,,,,,,,,,,,,,,,,
H5,H5B0159,reversed,stage1_reversed,S127,sobol_symmetric,1.25,,0.3,16.0,21.0,21.0,,,,,,,,,,,,,,,,,,,0.0,0.0,,,,,,one_or_more_primary_comparisons_reversed,20.0,6.0,14.0,6.0,6.0,0.1,0.1,0.1,0.3,6.0,6.0,0.5,0.5,0.7,0.7,0.0;0.1;0.3;0.5,2.0,0.0,1.0,0.0,,,,,,,,,,,,,,,,,,,,,,,,,,,,,,,,,,,,,,,,,,,,,,,,,,,,,,,,,,,,
H5,H5B0206,reversed,stage1_reversed,S174,sobol_symmetric,2.0,,0.7,16.0,7.0,7.0,,,,,,,,,,,,,,,,,,,0.1,0.1,,,,,,one_or_more_primary_comparisons_reversed,32.0,22.4,9.6,4.0,4.0,0.0,0.0,0.0,0.7,4.0,4.0,0.0,0.0,0.5,0.5,0.0;0.1;0.3;0.5,2.0,0.0,1.0,0.0,,,,,,,,,,,,,,,,,,,,,,,,,,,,,,,,,,,,,,,,,,,,,,,,,,,,,,,,,,,,
H5,H5B0263,reversed,stage1_reversed,X007,asymmetric_stress,2.0,,0.5,32.0,14.0,28.0,,,,,,,,,,,,,,,,,,,0.1,0.1,,,,,,one_or_more_primary_comparisons_reversed,64.0,32.0,32.0,9.0,9.0,0.1,0.1,0.1,0.5,9.0,9.0,0.0,0.0,0.5,0.7,0.0;0.1;0.3;0.5,2.0,0.0,1.0,0.0,,,,,,,,,,,,,,,,,,,,,,,,,,,,,,,,,,,,,,,,,,,,,,,,,,,,,,,,,,,,
H5,H5B0277,reversed,stage1_reversed,X021,asymmetric_stress,3.1,,0.9,16.0,28.0,21.0,,,,,,,,,,,,,,,,,,,0.3,0.3,,,,,,one_or_more_primary_comparisons_reversed,49.6,44.64,4.959999999999999,4.0,4.0,0.0,0.0,0.0,0.3,6.0,6.0,0.3,0.3,0.7,0.3,0.0;0.1;0.3;0.5,2.0,0.0,1.0,0.0,,,,,,,,,,,,,,,,,,,,,,,,,,,,,,,,,,,,,,,,,,,,,,,,,,,,,,,,,,,,
H5,H5B0279,reversed,stage1_reversed,X023,asymmetric_stress,3.1,,0.9,32.0,21.0,21.0,,,,,,,,,,,,,,,,,,,0.1,0.1,,,,,,one_or_more_primary_comparisons_reversed,99.2,89.28,9.919999999999998,4.0,6.0,0.3,0.3,0.3,0.5,9.0,9.0,0.5,0.5,0.7,0.7,0.0;0.1;0.3,2.0,0.0,2.0,0.0,,,,,,,,,,,,,,,,,,,,,,,,,,,,,,,,,,,,,,,,,,,,,,,,,,,,,,,,,,,,
H5,H5B0290,reversed,stage1_reversed,X034,asymmetric_stress,1.25,,0.9,16.0,28.0,28.0,,,,,,,,,,,,,,,,,,,0.0,0.0,,,,,,one_or_more_primary_comparisons_reversed,20.0,18.0,2.0,4.0,4.0,0.0,0.0,0.0,0.3,6.0,9.0,0.0,0.5,0.5,0.5,0.0;0.1;0.3;0.5,2.0,0.0,2.0,0.0,,,,,,,,,,,,,,,,,,,,,,,,,,,,,,,,,,,,,,,,,,,,,,,,,,,,,,,,,,,,
H5,H5B0325,reversed,stage1_reversed,X070,asymmetric_stress,4.0,,0.3,16.0,14.0,14.0,,,,,,,,,,,,,,,,,,,0.0,0.5,,,,,,one_or_more_primary_comparisons_reversed,64.0,19.2,44.8,4.0,12.0,0.1,0.0,0.1,0.5,6.0,6.0,0.0,0.0,0.5,0.5,0.0;0.1;0.3;0.5,2.0,0.0,1.0,0.0,,,,,,,,,,,,,,,,,,,,,,,,,,,,,,,,,,,,,,,,,,,,,,,,,,,,,,,,,,,,
H5,H5B0335,reversed,stage1_reversed,X080,asymmetric_stress,2.0,,0.5,32.0,14.0,28.0,,,,,,,,,,,,,,,,,,,0.1,0.1,,,,,,one_or_more_primary_comparisons_reversed,64.0,32.0,32.0,9.0,9.0,0.1,0.1,0.1,0.5,9.0,9.0,0.0,0.0,0.7,0.7,0.0;0.1;0.3;0.5,2.0,0.0,1.0,0.0,,,,,,,,,,,,,,,,,,,,,,,,,,,,,,,,,,,,,,,,,,,,,,,,,,,,,,,,,,,,
H5,H5B0343,reversed,stage1_reversed,X088,asymmetric_stress,4.0,,0.7,32.0,21.0,14.0,,,,,,,,,,,,,,,,,,,0.1,0.5,,,,,,one_or_more_primary_comparisons_reversed,128.0,89.6,38.400000000000006,9.0,12.0,0.3,0.3,0.3,0.3,12.0,12.0,0.0,0.0,0.5,0.5,0.0;0.1;0.3,2.0,0.0,2.0,0.0,,,,,,,,,,,,,,,,,,,,,,,,,,,,,,,,,,,,,,,,,,,,,,,,,,,,,,,,,,,,
H5,H5B0357,reversed,stage1_reversed,X103,asymmetric_stress,3.1,,0.7,64.0,14.0,14.0,,,,,,,,,,,,,,,,,,,0.1,0.5,,,,,,one_or_more_primary_comparisons_reversed,198.4,138.88,59.52000000000001,4.0,4.0,0.1,0.1,0.1,0.1,9.0,9.0,0.0,0.0,0.5,0.7,0.0;0.1;0.3;0.5,2.0,0.0,2.0,0.0,,,,,,,,,,,,,,,,,,,,,,,,,,,,,,,,,,,,,,,,,,,,,,,,,,,,,,,,,,,,
H6,H6B0013,reversed,stage1_reversed,A013,anchor,4.0,,0.5,16.0,14.0,14.0,,,,,,,,,,,,,,,,,,,0.1,0.1,,,,,,bucket_mass_jump_relationship_reversed,64.0,32.0,32.0,0.0,9.0,0.0,0.0,0.5,0.5,6.0,6.0,0.0,0.0,0.3,0.3,,,,,,0;1;2;3;4;5;6;7;8;9;10;11;12,12.0,12.0,-0.8531468531468532,0.0323982133246595,1.0,2.0,2.0,0.0313171186081949,0.0079465308180969,True,False,,,,,,,,,,,,,,,,,,,,,,,,,,,,,,,,,,,,,,,,,,,,,,,,
H6,H6B0014,reversed,stage1_reversed,A014,anchor,4.0,,0.7,32.0,14.0,14.0,,,,,,,,,,,,,,,,,,,0.1,0.1,,,,,,bucket_mass_jump_relationship_reversed,128.0,89.6,38.400000000000006,0.0,9.0,0.0,0.0,0.5,0.5,6.0,6.0,0.0,0.0,0.3,0.3,,,,,,0;1;2;3;4;5;6;7;8;9;10;11;12,12.0,12.0,-0.9510489510489512,0.0348987529624383,0.0,1.0,1.0,0.032412581220168,0.0061718521269966,True,False,,,,,,,,,,,,,,,,,,,,,,,,,,,,,,,,,,,,,,,,,,,,,,,,
H6,H6B0092,reversed,stage1_reversed,S060,sobol_symmetric,4.0,,0.5,32.0,7.0,7.0,,,,,,,,,,,,,,,,,,,0.1,0.1,,,,,,bucket_mass_jump_relationship_reversed,128.0,64.0,64.0,0.0,4.0,0.0,0.0,0.5,0.5,4.0,4.0,0.0,0.0,0.0,0.0,,,,,,0;1;2;3;4;5,5.0,5.0,-0.8999999999999998,0.04408545867889,1.0,2.0,2.0,0.0435845959737871,0.0087573815694264,True,False,,,,,,,,,,,,,,,,,,,,,,,,,,,,,,,,,,,,,,,,,,,,,,,,
H6,H6B0160,reversed,stage1_reversed,S128,sobol_symmetric,3.1,,0.5,64.0,7.0,7.0,,,,,,,,,,,,,,,,,,,0.3,0.3,,,,,,bucket_mass_jump_relationship_reversed,198.4,99.2,99.2,0.0,4.0,0.3,0.3,0.5,0.5,4.0,4.0,0.0,0.0,0.3,0.3,,,,,,0;1;2;3;4;5,5.0,5.0,-0.7,0.1646513654398843,0.0,1.0,1.0,0.1493224336948455,0.0160534604522228,True,False,,,,,,,,,,,,,,,,,,,,,,,,,,,,,,,,,,,,,,,,,,,,,,,,
H6,H6B0322,reversed,stage1_reversed,X070,asymmetric_stress,4.0,,0.3,16.0,14.0,14.0,,,,,,,,,,,,,,,,,,,0.0,0.5,,,,,,bucket_mass_jump_relationship_reversed,64.0,19.2,44.8,0.0,12.0,0.1,0.0,0.5,0.5,6.0,6.0,0.0,0.0,0.5,0.5,,,,,,0;1;2;3;4;5;6;7;8;9;10;11;12,12.0,12.0,-0.9370629370629372,0.0861791475167003,1.0,2.0,2.0,0.0659436360907133,0.0188973141770067,True,False,,,,,,,,,,,,,,,,,,,,,,,,,,,,,,,,,,,,,,,,,,,,,,,,
H7,H7B0019,reversed,stage1_reversed,A019,anchor,3.1,,0.5,32.0,14.0,14.0,,,,,,,,,,,,,,,,,,,0.0,0.0,,,,,,average_pre_minus_post_effect_reversed,99.2,49.6,49.6,4.0,4.0,0.5,0.5,0.7,0.7,4.0,4.0,0.5,0.5,0.5,0.5,,,,,,,,,,,,,,,,,,0.05;0.10;0.20,3.0,0.0,3.0,0.0,20.0,-0.0382066544654303,-0.0398444989835956,-0.036568809947265,,,,,,,,,,,,,,,,,,,,,,,,,,,,,,,,,,,,,,,
H7,H7B0027,reversed,stage1_reversed,A027,anchor,1.25,,0.5,16.0,21.0,21.0,,,,,,,,,,,,,,,,,,,0.0,0.0,,,,,,average_pre_minus_post_effect_reversed,20.0,10.0,10.0,6.0,6.0,0.0,0.0,0.3,0.3,9.0,9.0,0.0,0.0,0.3,0.3,,,,,,,,,,,,,,,,,,0.05;0.10;0.20;0.30,4.0,0.0,3.0,1.0,20.0,-0.0275274341755773,-0.0337562704585207,-0.021298597892634,,,,,,,,,,,,,,,,,,,,,,,,,,,,,,,,,,,,,,,
H7,H7B0028,reversed,stage1_reversed,A028,anchor,1.25,,0.5,64.0,21.0,21.0,,,,,,,,,,,,,,,,,,,0.0,0.0,,,,,,average_pre_minus_post_effect_reversed,80.0,40.0,40.0,6.0,6.0,0.0,0.0,0.3,0.3,9.0,9.0,0.0,0.0,0.3,0.3,,,,,,,,,,,,,,,,,,0.05;0.10;0.20;0.30,4.0,1.0,3.0,0.0,20.0,-0.0306529014489203,-0.0338053284188018,-0.0275004744790388,,,,,,,,,,,,,,,,,,,,,,,,,,,,,,,,,,,,,,,
H7,H7B0035,inconclusive,uncertainty_limited_inconclusive,S003,sobol_symmetric,2.0,,0.1,16.0,28.0,28.0,,,,,,,,,,,,,,,,,,,0.0,0.0,,,,,,average_pre_minus_post_effect_inconclusive,32.0,3.2,28.8,6.0,6.0,0.3,0.3,0.7,0.7,4.0,4.0,0.7,0.7,0.7,0.7,,,,,,,,,,,,,,,,,,0.05;0.10;0.20;0.30,4.0,1.0,0.0,3.0,20.0,0.0034169270455641,-0.0003916842734174,0.0072255383645457,,,,,,,,,,,,,,,,,,,,,,,,,,,,,,,,,,,,,,,
H7,H7B0038,reversed,stage1_reversed,S006,sobol_symmetric,1.25,,0.9,16.0,28.0,28.0,,,,,,,,,,,,,,,,,,,0.0,0.0,,,,,,average_pre_minus_post_effect_reversed,20.0,18.0,2.0,4.0,4.0,0.0,0.0,0.3,0.3,9.0,9.0,0.0,0.0,0.5,0.5,,,,,,,,,,,,,,,,,,0.05;0.10;0.20;0.30,4.0,0.0,3.0,1.0,20.0,-0.0544212112346044,-0.0603328676545964,-0.0485095548146124,,,,,,,,,,,,,,,,,,,,,,,,,,,,,,,,,,,,,,,
H7,H7B0060,reversed,stage1_reversed,S028,sobol_symmetric,3.1,,0.9,32.0,21.0,21.0,,,,,,,,,,,,,,,,,,,0.1,0.1,,,,,,average_pre_minus_post_effect_reversed,99.2,89.28,9.919999999999998,6.0,6.0,0.3,0.3,0.5,0.5,9.0,9.0,0.5,0.5,0.7,0.7,,,,,,,,,,,,,,,,,,0.05;0.10;0.20,3.0,0.0,2.0,1.0,20.0,-0.0065137748877684,-0.0089504527158817,-0.0040770970596551,,,,,,,,,,,,,,,,,,,,,,,,,,,,,,,,,,,,,,,
H7,H7B0061,reversed,stage1_reversed,S029,sobol_symmetric,4.0,,0.1,16.0,21.0,21.0,,,,,,,,,,,,,,,,,,,0.1,0.1,,,,,,average_pre_minus_post_effect_reversed,64.0,6.4,57.6,4.0,4.0,0.0,0.0,0.7,0.7,4.0,4.0,0.0,0.0,0.3,0.3,,,,,,,,,,,,,,,,,,0.05;0.10;0.20;0.30;0.50,5.0,1.0,4.0,0.0,20.0,-0.0137208769318928,-0.0166053571521715,-0.0108363967116142,,,,,,,,,,,,,,,,,,,,,,,,,,,,,,,,,,,,,,,
H7,H7B0064,reversed,stage1_reversed,S032,sobol_symmetric,3.1,,0.7,32.0,14.0,14.0,,,,,,,,,,,,,,,,,,,0.0,0.0,,,,,,average_pre_minus_post_effect_reversed,99.2,69.44,29.760000000000005,6.0,6.0,0.5,0.5,0.7,0.7,6.0,6.0,0.0,0.0,0.1,0.1,,,,,,,,,,,,,,,,,,0.05;0.10;0.20,3.0,0.0,3.0,0.0,20.0,-0.0787970636993176,-0.0812030726609406,-0.0763910547376947,,,,,,,,,,,,,,,,,,,,,,,,,,,,,,,,,,,,,,,
H7,H7B0073,reversed,stage1_reversed,S041,sobol_symmetric,2.0,,0.3,16.0,14.0,14.0,,,,,,,,,,,,,,,,,,,0.1,0.1,,,,,,average_pre_minus_post_effect_reversed,32.0,9.6,22.4,4.0,4.0,0.1,0.1,0.3,0.3,9.0,9.0,0.0,0.0,0.1,0.1,,,,,,,,,,,,,,,,,,0.05;0.10;0.20,3.0,0.0,2.0,1.0,20.0,-0.0138071415972804,-0.0176420016929463,-0.0099722815016145,,,,,,,,,,,,,,,,,,,,,,,,,,,,,,,,,,,,,,,
H7,H7B0092,reversed,stage1_reversed,S060,sobol_symmetric,4.0,,0.5,32.0,7.0,7.0,,,,,,,,,,,,,,,,,,,0.1,0.1,,,,,,average_pre_minus_post_effect_reversed,128.0,64.0,64.0,4.0,4.0,0.0,0.0,0.5,0.5,4.0,4.0,0.0,0.0,0.0,0.0,,,,,,,,,,,,,,,,,,0.05;0.10;0.20;0.30;0.50,5.0,0.0,5.0,0.0,20.0,-0.0327399525435743,-0.0343919344886788,-0.0310879705984697,,,,,,,,,,,,,,,,,,,,,,,,,,,,,,,,,,,,,,,
H7,H7B0110,reversed,stage1_reversed,S078,sobol_symmetric,2.0,,0.7,16.0,14.0,14.0,,,,,,,,,,,,,,,,,,,0.0,0.0,,,,,,average_pre_minus_post_effect_reversed,32.0,22.4,9.6,4.0,4.0,0.3,0.3,0.5,0.5,6.0,6.0,0.0,0.0,0.1,0.1,,,,,,,,,,,,,,,,,,0.05;0.10;0.20,2.0,0.0,2.0,0.0,20.0,-0.1149602396826488,-0.1187314835889907,-0.1111889957763069,,,,,,,,,,,,,,,,,,,,,,,,,,,,,,,,,,,,,,,
H7,H7B0117,reversed,stage1_reversed,S085,sobol_symmetric,4.0,,0.1,16.0,7.0,7.0,,,,,,,,,,,,,,,,,,,0.1,0.1,,,,,,average_pre_minus_post_effect_reversed,64.0,6.4,57.6,4.0,4.0,0.3,0.3,0.7,0.7,4.0,4.0,0.0,0.0,0.1,0.1,,,,,,,,,,,,,,,,,,0.05;0.10;0.20;0.30,4.0,1.0,3.0,0.0,20.0,-0.0082016055452795,-0.0108925730114776,-0.0055106380790815,,,,,,,,,,,,,,,,,,,,,,,,,,,,,,,,,,,,,,,
H7,H7B0120,reversed,stage1_reversed,S088,sobol_symmetric,2.0,,0.5,64.0,28.0,28.0,,,,,,,,,,,,,,,,,,,0.0,0.0,,,,,,average_pre_minus_post_effect_reversed,128.0,64.0,64.0,6.0,6.0,0.0,0.0,0.7,0.7,9.0,9.0,0.0,0.0,0.5,0.5,,,,,,,,,,,,,,,,,,0.05;0.10;0.20;0.30;0.50,5.0,0.0,5.0,0.0,20.0,-0.0683876437290191,-0.0699106758922177,-0.0668646115658206,,,,,,,,,,,,,,,,,,,,,,,,,,,,,,,,,,,,,,,
H7,H7B0133,reversed,stage1_reversed,S101,sobol_symmetric,3.1,,0.1,64.0,7.0,7.0,,,,,,,,,,,,,,,,,,,0.0,0.0,,,,,,average_pre_minus_post_effect_reversed,198.4,19.840000000000003,178.56,4.0,4.0,0.1,0.1,0.7,0.7,4.0,4.0,0.3,0.3,0.5,0.5,,,,,,,,,,,,,,,,,,0.05;0.10;0.20;0.30;0.50,5.0,0.0,5.0,0.0,20.0,-0.0481378854650384,-0.0491964463274262,-0.0470793246026506,,,,,,,,,,,,,,,,,,,,,,,,,,,,,,,,,,,,,,,
H7,H7B0164,reversed,stage1_reversed,S132,sobol_symmetric,4.0,,0.7,64.0,14.0,14.0,,,,,,,,,,,,,,,,,,,0.1,0.1,,,,,,average_pre_minus_post_effect_reversed,256.0,179.2,76.80000000000001,6.0,6.0,0.1,0.1,0.7,0.7,9.0,9.0,0.0,0.0,0.7,0.7,,,,,,,,,,,,,,,,,,0.05;0.10;0.20;0.30;0.50,5.0,1.0,4.0,0.0,20.0,-0.0158100073912221,-0.0167768676932412,-0.014843147089203,,,,,,,,,,,,,,,,,,,,,,,,,,,,,,,,,,,,,,,
H7,H7B0165,reversed,stage1_reversed,S133,sobol_symmetric,3.1,,0.5,32.0,14.0,14.0,,,,,,,,,,,,,,,,,,,0.1,0.1,,,,,,average_pre_minus_post_effect_reversed,99.2,49.6,49.6,4.0,4.0,0.1,0.1,0.3,0.3,4.0,4.0,0.5,0.5,0.5,0.5,,,,,,,,,,,,,,,,,,0.05;0.10;0.20,3.0,0.0,3.0,0.0,20.0,-0.0090449255409055,-0.0105782113016011,-0.0075116397802099,,,,,,,,,,,,,,,,,,,,,,,,,,,,,,,,,,,,,,,
H7,H7B0184,reversed,stage1_reversed,S152,sobol_symmetric,2.0,,0.7,16.0,7.0,7.0,,,,,,,,,,,,,,,,,,,0.1,0.1,,,,,,average_pre_minus_post_effect_reversed,32.0,22.4,9.6,4.0,4.0,0.0,0.0,0.5,0.5,4.0,4.0,0.7,0.7,0.7,0.7,,,,,,,,,,,,,,,,,,0.05;0.10;0.20;0.30;0.50,5.0,0.0,2.0,3.0,20.0,-0.0057660183735381,-0.0085960143783967,-0.0029360223686795,,,,,,,,,,,,,,,,,,,,,,,,,,,,,,,,,,,,,,,
H7,H7B0275,reversed,stage1_reversed,X023,asymmetric_stress,3.1,,0.9,32.0,21.0,21.0,,,,,,,,,,,,,,,,,,,0.1,0.1,,,,,,average_pre_minus_post_effect_reversed,99.2,89.28,9.919999999999998,4.0,6.0,0.3,0.3,0.5,0.5,9.0,9.0,0.5,0.5,0.7,0.7,,,,,,,,,,,,,,,,,,0.05;0.10;0.20,3.0,0.0,3.0,0.0,20.0,-0.0153605233850512,-0.0173545806767453,-0.0133664660933571,,,,,,,,,,,,,,,,,,,,,,,,,,,,,,,,,,,,,,,
H7,H7B0277,reversed,stage1_reversed,X025,asymmetric_stress,1.25,,0.1,32.0,14.0,21.0,,,,,,,,,,,,,,,,,,,0.0,0.0,,,,,,average_pre_minus_post_effect_reversed,40.0,4.0,36.0,4.0,6.0,0.0,0.0,0.7,0.7,12.0,12.0,0.5,0.3,0.5,0.5,,,,,,,,,,,,,,,,,,0.05;0.10;0.20;0.30;0.50,5.0,0.0,3.0,2.0,20.0,-0.2121616887950433,-0.2176605097133962,-0.2066628678766904,,,,,,,,,,,,,,,,,,,,,,,,,,,,,,,,,,,,,,,
H7,H7B0278,reversed,stage1_reversed,X026,asymmetric_stress,3.1,,0.7,32.0,28.0,14.0,,,,,,,,,,,,,,,,,,,0.0,0.0,,,,,,average_pre_minus_post_effect_reversed,99.2,69.44,29.760000000000005,6.0,6.0,0.5,0.5,0.7,0.7,6.0,6.0,0.0,0.0,0.1,0.1,,,,,,,,,,,,,,,,,,0.05;0.10;0.20,3.0,0.0,3.0,0.0,20.0,-0.0498273778358036,-0.0526026618289002,-0.0470520938427071,,,,,,,,,,,,,,,,,,,,,,,,,,,,,,,,,,,,,,,
H7,H7B0281,reversed,stage1_reversed,X030,asymmetric_stress,4.0,,0.9,64.0,14.0,14.0,,,,,,,,,,,,,,,,,,,0.1,0.1,,,,,,average_pre_minus_post_effect_reversed,256.0,230.4,25.599999999999994,9.0,9.0,0.0,0.0,0.5,0.5,6.0,6.0,0.3,0.0,0.3,0.3,,,,,,,,,,,,,,,,,,0.05;0.10;0.20;0.30;0.50,5.0,0.0,5.0,0.0,20.0,-0.0450263590976605,-0.0459479269376697,-0.0441047912576513,,,,,,,,,,,,,,,,,,,,,,,,,,,,,,,,,,,,,,,
H7,H7B0310,reversed,stage1_reversed,X064,asymmetric_stress,4.0,,0.7,16.0,7.0,7.0,,,,,,,,,,,,,,,,,,,0.3,0.5,,,,,,average_pre_minus_post_effect_reversed,64.0,44.8,19.200000000000003,4.0,4.0,0.3,0.3,0.5,0.5,4.0,4.0,0.7,0.3,0.7,0.7,,,,,,,,,,,,,,,,,,0.05;0.10;0.20,3.0,0.0,3.0,0.0,20.0,-0.0183078560579446,-0.0200038325030483,-0.0166118796128408,,,,,,,,,,,,,,,,,,,,,,,,,,,,,,,,,,,,,,,
H7,H7B0317,reversed,stage1_reversed,X071,asymmetric_stress,1.25,,0.3,16.0,21.0,21.0,,,,,,,,,,,,,,,,,,,0.0,0.0,,,,,,average_pre_minus_post_effect_reversed,20.0,6.0,14.0,6.0,6.0,0.1,0.1,0.3,0.3,6.0,6.0,0.7,0.5,0.7,0.5,,,,,,,,,,,,,,,,,,0.05;0.10;0.20,3.0,0.0,3.0,0.0,20.0,-0.0753477308772721,-0.0799061878658147,-0.0707892738887295,,,,,,,,,,,,,,,,,,,,,,,,,,,,,,,,,,,,,,,
H7,H7B0329,reversed,stage1_reversed,X085,asymmetric_stress,2.0,,0.3,16.0,14.0,21.0,,,,,,,,,,,,,,,,,,,0.1,0.1,,,,,,average_pre_minus_post_effect_reversed,32.0,9.6,22.4,4.0,9.0,0.0,0.0,0.1,0.1,6.0,6.0,0.0,0.0,0.3,0.3,,,,,,,,,,,,,,,,,,0.05;0.10,2.0,0.0,2.0,0.0,20.0,-0.0110941234484229,-0.0148743210229191,-0.0073139258739268,,,,,,,,,,,,,,,,,,,,,,,,,,,,,,,,,,,,,,,
H7,H7B0332,reversed,stage1_reversed,X089,asymmetric_stress,4.0,,0.3,64.0,28.0,28.0,,,,,,,,,,,,,,,,,,,0.1,0.1,,,,,,average_pre_minus_post_effect_reversed,256.0,76.8,179.2,4.0,4.0,0.0,0.0,0.7,0.7,12.0,12.0,0.3,0.3,0.5,0.5,,,,,,,,,,,,,,,,,,0.05;0.10;0.20;0.30;0.50,5.0,0.0,5.0,0.0,20.0,-0.0283401582031084,-0.0291091682925995,-0.0275711481136174,,,,,,,,,,,,,,,,,,,,,,,,,,,,,,,,,,,,,,,
H7,H7B0344,reversed,stage1_reversed,X101,asymmetric_stress,3.1,,0.9,16.0,28.0,28.0,,,,,,,,,,,,,,,,,,,0.0,0.0,,,,,,average_pre_minus_post_effect_reversed,49.6,44.64,4.959999999999999,12.0,12.0,0.1,0.1,0.7,0.7,12.0,12.0,0.7,0.7,0.7,0.7,,,,,,,,,,,,,,,,,,0.05;0.10;0.20;0.30;0.50,5.0,0.0,5.0,0.0,20.0,-0.060617380411339,-0.0627445688908785,-0.0584901919317995,,,,,,,,,,,,,,,,,,,,,,,,,,,,,,,,,,,,,,,
H7,H7B0353,reversed,stage1_reversed,X111,asymmetric_stress,4.0,,0.5,32.0,14.0,14.0,,,,,,,,,,,,,,,,,,,0.3,0.3,,,,,,average_pre_minus_post_effect_reversed,128.0,64.0,64.0,4.0,6.0,0.0,0.0,0.7,0.7,6.0,12.0,0.7,0.7,0.7,0.7,,,,,,,,,,,,,,,,,,0.05;0.10;0.20;0.30;0.50,5.0,1.0,4.0,0.0,20.0,-0.0039878567401979,-0.0049222448517635,-0.0030534686286322,,,,,,,,,,,,,,,,,,,,,,,,,,,,,,,,,,,,,,,
H7,H7B0362,reversed,stage1_reversed,X120,asymmetric_stress,3.1,,0.5,32.0,14.0,21.0,,,,,,,,,,,,,,,,,,,0.0,0.0,,,,,,average_pre_minus_post_effect_reversed,99.2,49.6,49.6,4.0,4.0,0.5,0.5,0.7,0.7,4.0,4.0,0.3,0.5,0.5,0.5,,,,,,,,,,,,,,,,,,0.05;0.10;0.20,3.0,0.0,3.0,0.0,20.0,-0.0606872857992019,-0.0626709066056009,-0.0587036649928029,,,,,,,,,,,,,,,,,,,,,,,,,,,,,,,,,,,,,,,
H7,H7B0364,reversed,stage1_reversed,X122,asymmetric_stress,2.0,,0.7,64.0,28.0,28.0,,,,,,,,,,,,,,,,,,,0.1,0.0,,,,,,average_pre_minus_post_effect_reversed,128.0,89.6,38.400000000000006,9.0,9.0,0.0,0.0,0.5,0.5,9.0,12.0,0.7,0.7,0.7,0.7,,,,,,,,,,,,,,,,,,0.05;0.10;0.20;0.30;0.50,5.0,0.0,5.0,0.0,20.0,-0.0824854702849591,-0.0837297573375387,-0.0812411832323794,,,,,,,,,,,,,,,,,,,,,,,,,,,,,,,,,,,,,,,
H7,H7B0366,reversed,stage1_reversed,X124,asymmetric_stress,3.1,,0.9,64.0,14.0,28.0,,,,,,,,,,,,,,,,,,,0.1,0.1,,,,,,average_pre_minus_post_effect_reversed,198.4,178.56,19.84,12.0,12.0,0.0,0.0,0.1,0.1,9.0,9.0,0.0,0.0,0.7,0.7,,,,,,,,,,,,,,,,,,0.05;0.10,2.0,0.0,2.0,0.0,20.0,-0.0157929169968482,-0.0182374757324313,-0.013348358261265,,,,,,,,,,,,,,,,,,,,,,,,,,,,,,,,,,,,,,,
H8,H8B0007,reversed,stage1_reversed,A007,anchor,2.0,,0.3,16.0,14.0,14.0,,20.0,,,,,,,,,,,,,,,,,0.1,0.1,,,,,,within_class_effect_larger,32.0,9.6,22.4,9.0,9.0,0.4,0.0,0.5,0.4,6.0,6.0,0.0,0.0,0.3,0.3,,,,,,,,,,,,,,,,,,,,,,,,,,,0.1,0.1,0.4,0.5,0.0,0.4,0.944090248817842,0.0559097511821579,0.0429519144542659,True,0.0359496197610657,0.031717362957412,0.0401818765647195,0.0359496197610657,-0.0014347705051647,-0.0065182089803256,0.0036486679699962,0.0084070199349354,-0.0275425998261303,-0.0327663257136549,-0.0223188739386057,0.0,,,,,,,,,,,,,,,,,
H8,H8B0012,reversed,stage1_reversed,A012,anchor,3.1,,0.3,64.0,14.0,14.0,,20.0,,,,,,,,,,,,,,,,,0.1,0.1,,,,,,within_class_effect_larger,198.4,59.52,138.88,9.0,9.0,0.3,0.0,0.5,0.4,6.0,6.0,0.0,0.0,0.3,0.3,,,,,,,,,,,,,,,,,,,,,,,,,,,0.2,0.1,0.3,0.5,0.0,0.4,0.3144036006554658,0.6855963993445343,0.6750511602720866,True,0.0152907272622912,0.0137167501557871,0.0168647043687953,0.0152907272622912,-0.0078430629743179,-0.0094082743868582,-0.0062778515617776,0.0078430629743179,-0.0074476642879733,-0.0101722447925114,-0.0047230837834351,0.15,,,,,,,,,,,,,,,,,
H8,H8B0013,reversed,stage1_reversed,A013,anchor,4.0,,0.5,16.0,14.0,14.0,,20.0,,,,,,,,,,,,,,,,,0.1,0.1,,,,,,within_class_effect_larger,64.0,32.0,32.0,9.0,9.0,0.3,0.0,0.5,0.3,6.0,6.0,0.0,0.0,0.3,0.3,,,,,,,,,,,,,,,,,,,,,,,,,,,0.2,0.2,0.3,0.5,0.0,0.3,0.3216717858727745,0.6783282141272254,0.6606248398543949,True,0.009980600344768,0.0079753462532757,0.0119858544362602,0.009980600344768,-0.0045637621625299,-0.0068413324074264,-0.0022861919176334,0.0054765833281582,-0.0045040170166097,-0.0079444593726195,-0.0010635746605998,0.25,,,,,,,,,,,,,,,,,
H8,H8B0014,reversed,stage1_reversed,A014,anchor,4.0,,0.7,32.0,14.0,14.0,,20.0,,,,,,,,,,,,,,,,,0.1,0.1,,,,,,within_class_effect_larger,128.0,89.6,38.400000000000006,9.0,9.0,0.3,0.0,0.5,0.2,6.0,6.0,0.0,0.0,0.3,0.3,,,,,,,,,,,,,,,,,,,,,,,,,,,0.2,0.3,0.3,0.5,0.0,0.2,0.3313647659357596,0.6686352340642404,0.6525385994798134,True,0.0063552302704003,0.0052619696316432,0.0074484909091575,0.0063552302704003,-0.00236725334591,-0.0034068974686952,-0.0013276092231248,0.0028173661930392,-0.0035378640773611,-0.0049719278346849,-0.0021038003200372,0.15,,,,,,,,,,,,,,,,,
H8,H8B0041,reversed,stage1_reversed,S009,sobol_symmetric,2.0,,0.3,32.0,28.0,28.0,,20.0,,,,,,,,,,,,,,,,,0.1,0.1,,,,,,within_class_effect_larger,64.0,19.2,44.8,9.0,9.0,0.2,0.0,0.5,0.5,4.0,4.0,0.5,0.5,0.5,0.5,,,,,,,,,,,,,,,,,,,,,,,,,,,0.3,0.0,0.2,0.5,0.0,0.5,0.8794690899409054,0.1205309100590945,0.1020942449231005,True,0.0166446244583005,0.0138871621821802,0.0194020867344208,0.0166446244583005,-0.0030287295832489,-0.0057701477188222,-0.0002873114476755,0.0055068444270779,-0.0111377800312226,-0.0149798404289688,-0.0072957196334763,0.1,,,,,,,,,,,,,,,,,
H8,H8B0049,reversed,stage1_reversed,S017,sobol_symmetric,3.1,,0.1,32.0,7.0,7.0,,20.0,,,,,,,,,,,,,,,,,0.3,0.3,,,,,,within_class_effect_larger,99.2,9.920000000000002,89.28,4.0,4.0,0.1,0.0,0.5,0.2,4.0,4.0,0.0,0.0,0.5,0.5,,,,,,,,,,,,,,,,,,,,,,,,,,,0.4,0.3,0.1,0.5,0.0,0.2,0.422697248244946,0.577302751755054,0.5652319941655485,True,0.0187894781762559,0.0149741362413826,0.0226048201111292,0.0187894781762559,-0.0031160610172961,-0.0069126522382352,0.0006805302036429,0.006927457911344,-0.0118620202649118,-0.0167817840841342,-0.0069422564456894,0.15,,,,,,,,,,,,,,,,,
H8,H8B0052,reversed,stage1_reversed,S020,sobol_symmetric,4.0,,0.5,64.0,28.0,28.0,,20.0,,,,,,,,,,,,,,,,,0.5,0.5,,,,,,within_class_effect_larger,256.0,128.0,128.0,4.0,4.0,0.5,0.0,0.5,0.4,6.0,6.0,0.0,0.0,0.0,0.0,,,,,,,,,,,,,,,,,,,,,,,,,,,0.0,0.1,0.5,0.5,0.0,0.4,0.7033531717758302,0.2966468282241697,0.2695605190256743,True,0.0206723175182089,0.0195202476996254,0.0218243873367925,0.0206723175182089,0.0001213638491717,-0.0010660571471562,0.0013087848454996,0.0018351558231703,-0.0188371616950386,-0.0201361281084602,-0.0175381952816169,0.0,,,,,,,,,,,,,,,,,
H8,H8B0053,reversed,stage1_reversed,S021,sobol_symmetric,4.0,,0.3,32.0,28.0,28.0,,20.0,,,,,,,,,,,,,,,,,0.5,0.5,,,,,,within_class_effect_larger,128.0,38.4,89.6,6.0,6.0,0.5,0.0,0.5,0.3,12.0,12.0,0.3,0.3,0.7,0.7,,,,,,,,,,,,,,,,,,,,,,,,,,,0.0,0.2,0.5,0.5,0.0,0.3,0.9628918138415988,0.0371081861584012,0.0253565426179992,True,0.0167464783257755,0.0149331297805772,0.0185598268709738,0.0167464783257755,0.0006175612100557,-0.0008551586981409,0.0020902811182524,0.0027734663468767,-0.0139730119788987,-0.0159932081910215,-0.0119528157667759,0.0,,,,,,,,,,,,,,,,,
H8,H8B0064,reversed,stage1_reversed,S033,sobol_symmetric,3.1,,0.1,64.0,7.0,7.0,,20.0,,,,,,,,,,,,,,,,,0.5,0.5,,,,,,within_class_effect_larger,198.4,19.840000000000003,178.56,4.0,4.0,0.3,0.0,0.5,0.2,4.0,4.0,0.5,0.5,0.5,0.5,,,,,,,,,,,,,,,,,,,,,,,,,,,0.2,0.3,0.3,0.5,0.0,0.2,0.7150759917042807,0.2849240082957192,0.2889858433384498,True,0.015061027836355,0.0123107389770588,0.0178113166956513,0.015061027836355,-0.0035644750414223,-0.0068060693137636,-0.000322880769081,0.0061621349344355,-0.0088988929019195,-0.0130367122987093,-0.0047610735051296,0.1,,,,,,,,,,,,,,,,,
H8,H8B0066,reversed,stage1_reversed,S035,sobol_symmetric,1.25,,0.3,32.0,14.0,14.0,,20.0,,,,,,,,,,,,,,,,,0.0,0.0,,,,,,within_class_effect_larger,40.0,12.0,28.0,12.0,12.0,0.2,0.0,0.5,0.5,9.0,9.0,0.0,0.0,0.0,0.0,,,,,,,,,,,,,,,,,,,,,,,,,,,0.3,0.0,0.2,0.5,0.0,0.5,0.6877740057050905,0.3122259942949094,0.3152620672020614,True,0.0533499922833764,0.0492502291803645,0.0574497553863883,0.0533499922833764,-0.0166499407990492,-0.0212427283886507,-0.0120571532094477,0.016721186827517,-0.0366288054558594,-0.0438672833120151,-0.0293903275997036,0.0,,,,,,,,,,,,,,,,,
H8,H8B0067,reversed,stage1_reversed,S036,sobol_symmetric,4.0,,0.7,32.0,28.0,28.0,,20.0,,,,,,,,,,,,,,,,,0.3,0.3,,,,,,within_class_effect_larger,128.0,89.6,38.400000000000006,4.0,4.0,0.2,0.0,0.5,0.4,4.0,4.0,0.3,0.3,0.5,0.5,,,,,,,,,,,,,,,,,,,,,,,,,,,0.3,0.1,0.2,0.5,0.0,0.4,0.335896872753936,0.6641031272460639,0.6514950127861632,True,0.0049445852805762,0.0037856926687812,0.0061034778923712,0.0049445852805762,-0.0013250242679652,-0.002520470688429,-0.0001295778475014,0.0022040947361499,-0.0027404905444263,-0.0045947450887922,-0.0008862360000605,0.15,,,,,,,,,,,,,,,,,
H8,H8B0068,reversed,stage1_reversed,S037,sobol_symmetric,3.1,,0.5,16.0,28.0,28.0,,20.0,,,,,,,,,,,,,,,,,0.3,0.3,,,,,,within_class_effect_larger,49.6,24.8,24.8,6.0,6.0,0.2,0.0,0.5,0.3,9.0,9.0,0.0,0.0,0.3,0.3,,,,,,,,,,,,,,,,,,,,,,,,,,,0.3,0.2,0.2,0.5,0.0,0.3,0.7618678278479616,0.2381321721520382,0.2138715686251732,True,0.0182540311288103,0.0152905444209476,0.021217517836673,0.0182540311288103,-0.000887781469161,-0.0034906373188726,0.0017150743805506,0.0042623355632623,-0.013991695565548,-0.0178665371195443,-0.0101168540115517,0.1,,,,,,,,,,,,,,,,,
H8,H8B0069,inconclusive,uncertainty_limited_inconclusive,S038,sobol_symmetric,1.25,,0.5,64.0,14.0,14.0,,20.0,,,,,,,,,,,,,,,,,0.0,0.0,,,,,,absolute_effect_difference_inconclusive,80.0,40.0,40.0,9.0,9.0,0.2,0.0,0.5,0.2,4.0,4.0,0.3,0.3,0.7,0.7,,,,,,,,,,,,,,,,,,,,,,,,,,,0.3,0.3,0.2,0.5,0.0,0.2,0.5906221893144138,0.4093778106855861,0.3988041346323649,True,-0.0016231547305671,-0.0048830710322435,0.0016367615711092,0.0049191466965627,-0.0081199736194494,-0.0108086860753027,-0.0054312611635961,0.0083864861911597,0.003467339494597,-6.4094239803423e-05,0.0069987732289974,0.85,,,,,,,,,,,,,,,,,
H8,H8B0082,inconclusive,uncertainty_limited_inconclusive,S051,sobol_symmetric,2.0,,0.1,64.0,28.0,28.0,,20.0,,,,,,,,,,,,,,,,,0.1,0.1,,,,,,absolute_effect_difference_inconclusive,128.0,12.8,115.2,6.0,6.0,0.4,0.0,0.5,0.4,6.0,6.0,0.0,0.0,0.7,0.7,,,,,,,,,,,,,,,,,,,,,,,,,,,0.1,0.1,0.4,0.5,0.0,0.4,0.5079237010142948,0.492076298985705,0.5425857268768792,True,0.028770970696269,0.023729594092788,0.03381234729975,0.028770970696269,-0.0348770188367977,-0.0390924958053795,-0.0306615418682159,0.0348770188367977,0.0061060481405287,-0.0018212781189816,0.0140333744000391,0.6,,,,,,,,,,,,,,,,,
H8,H8B0096,inconclusive,uncertainty_limited_inconclusive,S065,sobol_symmetric,3.1,,0.1,64.0,14.0,14.0,,20.0,,,,,,,,,,,,,,,,,0.1,0.1,,,,,,absolute_effect_difference_inconclusive,198.4,19.840000000000003,178.56,9.0,9.0,0.1,0.0,0.5,0.5,12.0,12.0,0.3,0.3,0.5,0.5,,,,,,,,,,,,,,,,,,,,,,,,,,,0.4,0.0,0.1,0.5,0.0,0.5,0.2921317618085304,0.7078682381914696,0.7048728430271587,True,0.0150557166287311,0.0099243398665167,0.0201870933909455,0.0158618400840415,-0.0218798553228922,-0.0253356461896398,-0.0184240644561447,0.0218798553228922,0.0060180152388507,-0.0011940736790672,0.0132301041567686,0.65,,,,,,,,,,,,,,,,,
H8,H8B0098,reversed,stage1_reversed,S067,sobol_symmetric,2.0,,0.5,64.0,7.0,7.0,,20.0,,,,,,,,,,,,,,,,,0.3,0.3,,,,,,within_class_effect_larger,128.0,64.0,64.0,4.0,4.0,0.1,0.0,0.5,0.3,4.0,4.0,0.0,0.0,0.5,0.5,,,,,,,,,,,,,,,,,,,,,,,,,,,0.4,0.2,0.1,0.5,0.0,0.3,0.9337867577293448,0.0662132422706552,0.0382586590429759,True,0.0197912101786746,0.0178274908248841,0.0217549295324651,0.0197912101786746,-0.0024105483733325,-0.0045274421562479,-0.0002936545904171,0.0041403696996218,-0.0156508404790528,-0.0181971030467339,-0.0131045779113717,0.0,,,,,,,,,,,,,,,,,
H8,H8B0106,reversed,stage1_reversed,S075,sobol_symmetric,1.25,,0.1,32.0,14.0,14.0,,20.0,,,,,,,,,,,,,,,,,0.0,0.0,,,,,,within_class_effect_larger,40.0,4.0,36.0,6.0,6.0,0.4,0.0,0.5,0.5,12.0,12.0,0.5,0.5,0.5,0.5,,,,,,,,,,,,,,,,,,,,,,,,,,,0.1,0.0,0.4,0.5,0.0,0.5,0.6456876585549958,0.3543123414450043,0.3917527722280338,True,0.0410510350193801,0.0326102805274291,0.0494917895113312,0.0410510350193801,0.0001014076224726,-0.0084916203455516,0.0086944355904968,0.0137980940845758,-0.0272529409348043,-0.0381202958557526,-0.0163855860138561,0.05,,,,,,,,,,,,,,,,,
H8,H8B0111,reversed,stage1_reversed,S080,sobol_symmetric,3.1,,0.7,32.0,7.0,7.0,,20.0,,,,,,,,,,,,,,,,,0.5,0.5,,,,,,within_class_effect_larger,99.2,69.44,29.760000000000005,4.0,4.0,0.3,0.0,0.5,0.5,4.0,4.0,0.5,0.5,0.7,0.7,,,,,,,,,,,,,,,,,,,,,,,,,,,0.2,0.0,0.3,0.5,0.0,0.5,0.9311400422843846,0.0688599577156153,0.0345947800348922,True,0.0079876131351361,0.0067268237183289,0.0092484025519433,0.0079876131351361,0.0005049996729555,-0.0004674079821843,0.0014774073280955,0.001677414791689,-0.0063101983434471,-0.0076028802471657,-0.0050175164397285,0.0,,,,,,,,,,,,,,,,,
H8,H8B0123,reversed,stage1_reversed,S092,sobol_symmetric,3.1,,0.7,64.0,14.0,14.0,,20.0,,,,,,,,,,,,,,,,,0.5,0.5,,,,,,within_class_effect_larger,198.4,138.88,59.52000000000001,4.0,4.0,0.1,0.0,0.5,0.3,9.0,9.0,0.0,0.0,0.5,0.5,,,,,,,,,,,,,,,,,,,,,,,,,,,0.4,0.2,0.1,0.5,0.0,0.3,0.7710104455075928,0.2289895544924072,0.192261148954755,True,0.0099009203915112,0.0085713651066062,0.0112304756764163,0.0099009203915112,-0.0006994537488439,-0.0018438602821599,0.0004449527844719,0.0019592809346918,-0.0079416394568194,-0.0095309844437122,-0.0063522944699266,0.0,,,,,,,,,,,,,,,,,
H8,H8B0124,reversed,stage1_reversed,S093,sobol_symmetric,4.0,,0.3,32.0,14.0,14.0,,20.0,,,,,,,,,,,,,,,,,0.5,0.5,,,,,,within_class_effect_larger,128.0,38.4,89.6,6.0,6.0,0.1,0.0,0.5,0.2,4.0,4.0,0.7,0.7,0.7,0.7,,,,,,,,,,,,,,,,,,,,,,,,,,,0.4,0.3,0.1,0.5,0.0,0.2,0.826530592346448,0.173469407653552,0.1576201415507652,True,0.0064258543603808,0.0051488157527352,0.0077028929680263,0.0064291746609986,0.0007673150399963,-0.0008180976802598,0.0023527277602525,0.0030600791701711,-0.0033690954908275,-0.0047559398134891,-0.0019822511681658,0.2,,,,,,,,,,,,,,,,,
H8,H8B0125,inconclusive,uncertainty_limited_inconclusive,S094,sobol_symmetric,2.0,,0.5,32.0,28.0,28.0,,20.0,,,,,,,,,,,,,,,,,0.1,0.1,,,,,,absolute_effect_difference_inconclusive,64.0,32.0,32.0,9.0,9.0,0.1,0.0,0.5,0.1,9.0,9.0,0.0,0.0,0.7,0.7,,,,,,,,,,,,,,,,,,,,,,,,,,,0.4,0.4,0.1,0.5,0.0,0.1,0.7846695801876469,0.2153304198123531,0.1788326512572612,True,-0.0017654214908308,-0.0069768089877962,0.0034459660061344,0.0088289231449207,-0.0125156536457242,-0.0166074688225866,-0.0084238384688618,0.0130784199174068,0.0042494967724861,-0.0009382209661725,0.0094372145111448,0.6,,,,,,,,,,,,,,,,,
H8,H8B0126,reversed,stage1_reversed,S095,sobol_symmetric,1.25,,0.1,64.0,7.0,7.0,,20.0,,,,,,,,,,,,,,,,,0.0,0.0,,,,,,within_class_effect_larger,80.0,8.0,72.0,4.0,4.0,0.5,0.0,0.5,0.5,4.0,4.0,0.0,0.0,0.3,0.3,,,,,,,,,,,,,,,,,,,,,,,,,,,0.0,0.0,0.5,0.5,0.0,0.5,0.6612122846867357,0.3387877153132642,0.3763253068302145,True,0.0638758117889776,0.0578903185603312,0.0698613050176241,0.0638758117889776,-0.0140090918582782,-0.019307775798586,-0.0087104079179703,0.0148406438501198,-0.0490351679388578,-0.0573976635115537,-0.0406726723661619,0.0,,,,,,,,,,,,,,,,,
H8,H8B0127,reversed,stage1_reversed,S096,sobol_symmetric,3.1,,0.9,16.0,21.0,21.0,,20.0,,,,,,,,,,,,,,,,,0.3,0.3,,,,,,within_class_effect_larger,49.6,44.64,4.959999999999999,4.0,4.0,0.5,0.0,0.5,0.4,6.0,6.0,0.3,0.3,0.7,0.7,,,,,,,,,,,,,,,,,,,,,,,,,,,0.0,0.1,0.5,0.5,0.0,0.4,0.9175780028506,0.0824219971494,0.0174133354152712,True,0.0061687723354957,0.0041983959626407,0.0081391487083506,0.0063000905849213,-0.0010368932604767,-0.0027681636185424,0.000694377097589,0.0028119263267621,-0.0034881642581591,-0.0058277854130681,-0.00114854310325,0.25,,,,,,,,,,,,,,,,,
H8,H8B0135,reversed,stage1_reversed,S104,sobol_symmetric,2.0,,0.7,16.0,28.0,28.0,,20.0,,,,,,,,,,,,,,,,,0.1,0.1,,,,,,within_class_effect_larger,32.0,22.4,9.6,6.0,6.0,0.4,0.0,0.5,0.1,12.0,12.0,0.5,0.5,0.7,0.7,,,,,,,,,,,,,,,,,,,,,,,,,,,0.1,0.4,0.4,0.5,0.0,0.1,0.8787467810014273,0.1212532189985724,0.0445463241275409,True,0.0121390522680175,0.008972934649777,0.015305169886258,0.0123779847896004,-0.0016908007098895,-0.004094720037084,0.0007131186173049,0.0044091282918406,-0.0079688564977597,-0.0114862660106947,-0.0044514469848248,0.1,,,,,,,,,,,,,,,,,
H8,H8B0138,reversed,stage1_reversed,S107,sobol_symmetric,1.25,,0.5,32.0,28.0,28.0,,20.0,,,,,,,,,,,,,,,,,0.0,0.0,,,,,,within_class_effect_larger,40.0,20.0,20.0,12.0,12.0,0.3,0.0,0.5,0.3,6.0,6.0,0.0,0.0,0.5,0.5,,,,,,,,,,,,,,,,,,,,,,,,,,,0.2,0.2,0.3,0.5,0.0,0.3,0.8127335076456695,0.1872664923543304,0.1239273233008818,True,-0.0248379770543721,-0.0398642214345368,-0.0098117326742073,0.0342284768398771,-0.0063323625365894,-0.0098257765390558,-0.002838948534123,0.0071209316223469,-0.0271075452175302,-0.0359906408072396,-0.0182244496278208,0.0,,,,,,,,,,,,,,,,,
H8,H8B0140,reversed,stage1_reversed,S109,sobol_symmetric,4.0,,0.3,16.0,14.0,14.0,,20.0,,,,,,,,,,,,,,,,,0.3,0.3,,,,,,within_class_effect_larger,64.0,19.2,44.8,6.0,6.0,0.3,0.0,0.5,0.1,6.0,6.0,0.0,0.0,0.7,0.7,,,,,,,,,,,,,,,,,,,,,,,,,,,0.2,0.4,0.3,0.5,0.0,0.1,0.486955919335499,0.513044080664501,0.5061204776480867,True,0.0180288817192388,0.0160161545417599,0.0200416088967176,0.0180288817192388,-0.000451340667966,-0.0027689334726985,0.0018662521367664,0.0042067330806959,-0.0138221486385429,-0.0161270460306237,-0.011517251246462,0.0,,,,,,,,,,,,,,,,,
H8,H8B0147,reversed,stage1_reversed,S116,sobol_symmetric,4.0,,0.7,32.0,21.0,21.0,,20.0,,,,,,,,,,,,,,,,,0.1,0.1,,,,,,within_class_effect_larger,128.0,89.6,38.400000000000006,12.0,12.0,0.1,0.0,0.5,0.4,12.0,12.0,0.0,0.0,0.5,0.5,,,,,,,,,,,,,,,,,,,,,,,,,,,0.4,0.1,0.1,0.5,0.0,0.4,0.3110519697675664,0.6889480302324336,0.6775406947263554,True,0.0058864612203107,0.0045299176646689,0.0072430047759524,0.0059268743117529,-0.0019914324677999,-0.002844435442782,-0.0011384294928178,0.0021919262593249,-0.0037349480524279,-0.0055711797069137,-0.0018987163979421,0.15,,,,,,,,,,,,,,,,,
H8,H8B0151,reversed,stage1_reversed,S120,sobol_symmetric,2.0,,0.9,32.0,14.0,14.0,,20.0,,,,,,,,,,,,,,,,,0.0,0.0,,,,,,within_class_effect_larger,64.0,57.6,6.399999999999999,12.0,12.0,0.5,0.0,0.5,0.5,4.0,4.0,0.3,0.3,0.7,0.7,,,,,,,,,,,,,,,,,,,,,,,,,,,0.0,0.0,0.5,0.5,0.0,0.5,0.3180872888367929,0.6819127111632071,0.5376064483374605,True,-0.0081095551995691,-0.0124367686347727,-0.0037823417643656,0.0093028940247081,-0.0010350204744751,-0.0020493623640317,-2.0678584918624272e-05,0.0017846412403261,-0.0075182527843819,-0.0112986025341784,-0.0037379030345855,0.0,,,,,,,,,,,,,,,,,
H8,H8B0152,reversed,stage1_reversed,S121;X012,sobol_symmetric,3.1,,0.3,32.0,7.0,7.0,,20.0,,,,,,,,,,,,,,,,,0.3,0.3,,,,,,within_class_effect_larger,99.2,29.76,69.44,4.0,4.0,0.5,0.0,0.5,0.4,4.0,4.0,0.5,0.5,0.7,0.7,,,,,,,,,,,,,,,,,,,,,,,,,,,0.0,0.1,0.5,0.5,0.0,0.4,0.4791147486306218,0.5208852513693781,0.5215490451320048,True,0.0132643161066666,0.0117753649070925,0.0147532673062406,0.0132643161066666,-0.0015617288290031,-0.0034030349014043,0.000279577243398,0.0034259365881849,-0.0098383795184816,-0.0120251112072135,-0.0076516478297497,0.05,,,,,,,,,,,,,,,,,
H8,H8B0157,reversed,stage1_reversed,S126,sobol_symmetric,2.0,,0.9,64.0,14.0,14.0,,20.0,,,,,,,,,,,,,,,,,0.1,0.1,,,,,,within_class_effect_larger,128.0,115.2,12.799999999999995,4.0,4.0,0.4,0.0,0.5,0.4,4.0,4.0,0.3,0.3,0.3,0.3,,,,,,,,,,,,,,,,,,,,,,,,,,,0.1,0.1,0.4,0.5,0.0,0.4,0.8381298518055796,0.1618701481944202,0.0274718212669729,True,0.0088828346484702,0.0075228727345048,0.0102427965624356,0.0088828346484702,-0.0003643256903648,-0.0016238860579701,0.0008952346772405,0.0019484498495516,-0.0069343847989185,-0.0086189130420914,-0.0052498565557457,0.05,,,,,,,,,,,,,,,,,
H8,H8B0158,inconclusive,uncertainty_limited_inconclusive,S127,sobol_symmetric,1.25,,0.3,16.0,21.0,21.0,,20.0,,,,,,,,,,,,,,,,,0.0,0.0,,,,,,absolute_effect_difference_inconclusive,20.0,6.0,14.0,6.0,6.0,0.4,0.0,0.5,0.3,6.0,6.0,0.5,0.5,0.7,0.7,,,,,,,,,,,,,,,,,,,,,,,,,,,0.1,0.2,0.4,0.5,0.0,0.3,0.6475723311967145,0.3524276688032854,0.379881073252126,True,0.0179182105592353,0.011990694357251,0.0238457267612197,0.0186366927825237,-0.0220310139199436,-0.0287820463932847,-0.0152799814466025,0.022901172268015,0.0042644794854912,-0.0062715104002563,0.0148004693712389,0.6,,,,,,,,,,,,,,,,,
H8,H8B0159,reversed,stage1_reversed,S128,sobol_symmetric,3.1,,0.5,64.0,7.0,7.0,,20.0,,,,,,,,,,,,,,,,,0.3,0.3,,,,,,within_class_effect_larger,198.4,99.2,99.2,4.0,4.0,0.4,0.0,0.5,0.2,4.0,4.0,0.0,0.0,0.3,0.3,,,,,,,,,,,,,,,,,,,,,,,,,,,0.1,0.3,0.4,0.5,0.0,0.2,0.4785810261356443,0.5214189738643555,0.5087846562762058,True,0.0175119401672492,0.0161291258133509,0.0188947545211475,0.0175119401672492,-0.0042684619338623,-0.0055270130310564,-0.0030099108366682,0.0044596145417697,-0.0130523256254795,-0.0153192441973844,-0.0107854070535746,0.0,,,,,,,,,,,,,,,,,
H8,H8B0172,reversed,stage1_reversed,S141,sobol_symmetric,4.0,,0.1,16.0,7.0,7.0,,20.0,,,,,,,,,,,,,,,,,0.5,0.5,,,,,,within_class_effect_larger,64.0,6.4,57.6,4.0,4.0,0.1,0.0,0.5,0.4,4.0,4.0,0.0,0.0,0.1,0.1,,,,,,,,,,,,,,,,,,,,,,,,,,,0.4,0.1,0.1,0.5,0.0,0.4,0.5115733048124694,0.4884266951875305,0.4840315822941756,True,0.0203725042748675,0.0128046586688264,0.0279403498809086,0.0223032377679267,-0.0003161153198996,-0.0074435368637793,0.00681130622398,0.0117361052811423,-0.0105671324867843,-0.0170839670165117,-0.004050297957057,0.25,,,,,,,,,,,,,,,,,
H8,H8B0175,reversed,stage1_reversed,S144,sobol_symmetric,3.1,,0.5,32.0,28.0,28.0,,20.0,,,,,,,,,,,,,,,,,0.3,0.3,,,,,,within_class_effect_larger,99.2,49.6,49.6,4.0,4.0,0.1,0.0,0.5,0.1,9.0,9.0,0.3,0.3,0.3,0.3,,,,,,,,,,,,,,,,,,,,,,,,,,,0.4,0.4,0.1,0.5,0.0,0.1,0.3971263006599741,0.6028736993400259,0.5923133053307714,True,0.0079727941898648,0.0060904840280743,0.0098551043516553,0.0079727941898648,-0.0041908755459177,-0.0062176932826784,-0.002164057809157,0.0049906434285466,-0.0029821507613182,-0.005850796410026,-0.0001135051126103,0.35,,,,,,,,,,,,,,,,,
H8,H8B0178,reversed,stage1_reversed,S147,sobol_symmetric,2.0,,0.1,32.0,14.0,14.0,,20.0,,,,,,,,,,,,,,,,,0.3,0.3,,,,,,within_class_effect_larger,64.0,6.4,57.6,4.0,4.0,0.5,0.0,0.5,0.3,12.0,12.0,0.3,0.3,0.5,0.5,,,,,,,,,,,,,,,,,,,,,,,,,,,0.0,0.2,0.5,0.5,0.0,0.3,0.936960519199449,0.0630394808005511,0.0614186581938835,True,0.0312144709890945,0.0256889552881843,0.0367399866900048,0.0312144709890945,0.0044960396202453,4.001798572096475e-05,0.0089520612547696,0.0085069185692108,-0.0227075524198837,-0.0284100288396148,-0.0170050760001526,0.0,,,,,,,,,,,,,,,,,
H8,H8B0215,reversed,stage1_reversed,S184,sobol_symmetric,2.0,,0.9,32.0,21.0,21.0,,20.0,,,,,,,,,,,,,,,,,0.1,0.1,,,,,,within_class_effect_larger,64.0,57.6,6.399999999999999,6.0,6.0,0.3,0.0,0.5,0.1,4.0,4.0,0.0,0.0,0.0,0.0,,,,,,,,,,,,,,,,,,,,,,,,,,,0.2,0.4,0.3,0.5,0.0,0.1,0.8793515580241881,0.120648441975812,0.0260178752889437,True,0.0074305396070288,0.0053306976656655,0.0095303815483921,0.0074305396070288,0.0007958156513439,-0.0010663898044018,0.0026580211070897,0.003061333429771,-0.0043692061772577,-0.0059260393574435,-0.0028123729970719,0.1,,,,,,,,,,,,,,,,,
H8,H8B0218,inconclusive,uncertainty_limited_inconclusive,S187,sobol_symmetric,1.25,,0.1,16.0,21.0,21.0,,20.0,,,,,,,,,,,,,,,,,0.0,0.0,,,,,,absolute_effect_difference_inconclusive,20.0,2.0,18.0,12.0,12.0,0.2,0.0,0.5,0.3,9.0,9.0,0.3,0.3,0.3,0.3,,,,,,,,,,,,,,,,,,,,,,,,,,,0.3,0.2,0.2,0.5,0.0,0.3,0.4312342857349779,0.568765714265022,0.6729137716457607,True,0.0310212320593015,0.0185776975115126,0.0434647666070903,0.0349920294291682,-0.0439995351641458,-0.0560841899864848,-0.0319148803418068,0.0439995351641458,0.0090075057349775,-0.010684878627667,0.0286998900976222,0.65,,,,,,,,,,,,,,,,,
H8,H8B0220,reversed,stage1_reversed,S189,sobol_symmetric,4.0,,0.3,64.0,7.0,7.0,,20.0,,,,,,,,,,,,,,,,,0.3,0.3,,,,,,within_class_effect_larger,256.0,76.8,179.2,4.0,4.0,0.2,0.0,0.5,0.1,4.0,4.0,0.5,0.5,0.5,0.5,,,,,,,,,,,,,,,,,,,,,,,,,,,0.3,0.4,0.2,0.5,0.0,0.1,0.4302576482224595,0.5697423517775404,0.5551058964192632,True,0.0067495761958913,0.0054587550467206,0.0080403973450621,0.0067495761958913,-0.001383633080128,-0.002223702944126,-0.0005435632161301,0.0018855218792986,-0.0048640543165927,-0.0063131527600146,-0.0034149558731707,0.05,,,,,,,,,,,,,,,,,
H8,H8B0224,reversed,stage1_reversed,S193,sobol_symmetric,3.1,,0.5,64.0,14.0,14.0,,20.0,,,,,,,,,,,,,,,,,0.3,0.3,,,,,,within_class_effect_larger,198.4,99.2,99.2,6.0,6.0,0.1,0.0,0.5,0.2,12.0,12.0,0.3,0.3,0.3,0.3,,,,,,,,,,,,,,,,,,,,,,,,,,,0.4,0.3,0.1,0.5,0.0,0.2,0.6804295358169503,0.3195704641830496,0.2990388344511196,True,0.0114192890628948,0.0098207625337397,0.0130178155920499,0.0114192890628948,-0.0008735366508466,-0.0025612586242305,0.0008141853225372,0.0030703860731481,-0.0083489029897467,-0.0103808508569676,-0.0063169551225258,0.0,,,,,,,,,,,,,,,,,
H8,H8B0226,reversed,stage1_reversed,S195,sobol_symmetric,2.0,,0.1,32.0,7.0,7.0,,20.0,,,,,,,,,,,,,,,,,0.1,0.1,,,,,,within_class_effect_larger,64.0,6.4,57.6,4.0,4.0,0.5,0.0,0.5,0.5,4.0,4.0,0.0,0.0,0.5,0.5,,,,,,,,,,,,,,,,,,,,,,,,,,,0.0,0.0,0.5,0.5,0.0,0.5,0.3985379464608334,0.6014620535391666,0.6531281113627143,True,0.0289839453248055,0.0235552768197138,0.0344126138298972,0.0289839453248055,-0.0167861140824324,-0.0215270177511483,-0.0120452104137166,0.0167861140824324,-0.012197831242373,-0.0210528010987724,-0.0033428613859737,0.35,,,,,,,,,,,,,,,,,
H8,H8B0227,reversed,stage1_reversed,S196,sobol_symmetric,4.0,,0.9,16.0,21.0,21.0,,20.0,,,,,,,,,,,,,,,,,0.5,0.5,,,,,,within_class_effect_larger,64.0,57.6,6.399999999999999,4.0,4.0,0.5,0.0,0.5,0.4,9.0,9.0,0.5,0.5,0.5,0.5,,,,,,,,,,,,,,,,,,,,,,,,,,,0.0,0.1,0.5,0.5,0.0,0.4,0.947813461680283,0.0521865383197168,0.0123544232488797,True,0.0045858170910344,0.003381246704291,0.0057903874777777,0.0045858170910344,0.0005670538247624,-0.0001834158832253,0.0013175235327501,0.0012239802562929,-0.0033618368347414,-0.0047055712533478,-0.002018102416135,0.1,,,,,,,,,,,,,,,,,
H8,H8B0228,reversed,stage1_reversed,S197,sobol_symmetric,4.0,,0.3,16.0,21.0,21.0,,20.0,,,,,,,,,,,,,,,,,0.5,0.5,,,,,,within_class_effect_larger,64.0,19.2,44.8,6.0,6.0,0.5,0.0,0.5,0.3,4.0,4.0,0.0,0.0,0.7,0.7,,,,,,,,,,,,,,,,,,,,,,,,,,,0.0,0.2,0.5,0.5,0.0,0.3,0.9465593599523114,0.0534406400476885,0.0424300620121222,True,0.0229957204803389,0.0203169114012362,0.0256745295594415,0.0229957204803389,0.0002947881826928,-0.0020136595773001,0.0026032359426858,0.0036351741880354,-0.0193605462923034,-0.0223214284586349,-0.0163996641259719,0.0,,,,,,,,,,,,,,,,,
H8,H8B0231,reversed,stage1_reversed,S200,sobol_symmetric,3.1,,0.7,32.0,14.0,14.0,,20.0,,,,,,,,,,,,,,,,,0.3,0.3,,,,,,within_class_effect_larger,99.2,69.44,29.760000000000005,4.0,4.0,0.4,0.0,0.5,0.5,6.0,6.0,0.0,0.0,0.1,0.1,,,,,,,,,,,,,,,,,,,,,,,,,,,0.1,0.0,0.4,0.5,0.0,0.5,0.6516702512029097,0.3483297487970903,0.3012590906034205,True,0.0171845030881391,0.0157597574135601,0.018609248762718,0.0171845030881391,-0.0007353953645259,-0.0021356799929518,0.0006648892638999,0.0025788625529814,-0.0146056405351576,-0.0163177651632481,-0.0128935159070671,0.0,,,,,,,,,,,,,,,,,
H8,H8B0235,reversed,stage1_reversed,S204,sobol_symmetric,4.0,,0.7,64.0,28.0,28.0,,20.0,,,,,,,,,,,,,,,,,0.1,0.1,,,,,,within_class_effect_larger,256.0,179.2,76.80000000000001,6.0,6.0,0.4,0.0,0.5,0.1,6.0,6.0,0.0,0.0,0.3,0.3,,,,,,,,,,,,,,,,,,,,,,,,,,,0.1,0.4,0.4,0.5,0.0,0.1,0.1990824007456411,0.8009175992543588,0.7918885129066736,True,0.0063178310085538,0.005420408355582,0.0072152536615256,0.0063178310085538,-0.0034696998903293,-0.0044196335278786,-0.00251976625278,0.0035023493308226,-0.0028154816777312,-0.0044005009443108,-0.0012304624111515,0.3,,,,,,,,,,,,,,,,,
H8,H8B0243,reversed,stage1_reversed,S212,sobol_symmetric,4.0,,0.7,16.0,7.0,7.0,,20.0,,,,,,,,,,,,,,,,,0.3,0.3,,,,,,within_class_effect_larger,64.0,44.8,19.200000000000003,4.0,4.0,0.2,0.0,0.5,0.3,4.0,4.0,0.3,0.3,0.7,0.7,,,,,,,,,,,,,,,,,,,,,,,,,,,0.3,0.2,0.2,0.5,0.0,0.3,0.3734007716431744,0.6265992283568256,0.6100851861313655,True,0.0046669161804732,0.0030039484756015,0.0063298838853448,0.0050235131059389,-0.0006385656830801,-0.0019338980220181,0.0006567666558577,0.0019501745869279,-0.0030733385190109,-0.004503410477814,-0.0016432665602079,0.2,,,,,,,,,,,,,,,,,
H8,H8B0244,reversed,stage1_reversed,S213,sobol_symmetric,4.0,,0.3,32.0,7.0,7.0,,20.0,,,,,,,,,,,,,,,,,0.3,0.3,,,,,,within_class_effect_larger,128.0,38.4,89.6,4.0,4.0,0.2,0.0,0.5,0.2,4.0,4.0,0.0,0.0,0.0,0.0,,,,,,,,,,,,,,,,,,,,,,,,,,,0.3,0.3,0.2,0.5,0.0,0.2,0.4069359311097899,0.59306406889021,0.5782432444488829,True,0.0153331679289,0.0131657094795716,0.0175006263782283,0.0153331679289,-0.0035180005567112,-0.0057633093842798,-0.0012726917291426,0.0046457620905664,-0.0106874058383336,-0.0141984322352628,-0.0071763794414043,0.1,,,,,,,,,,,,,,,,,
H8,H8B0248,reversed,stage1_reversed,S217,sobol_symmetric,2.0,,0.3,16.0,21.0,21.0,,20.0,,,,,,,,,,,,,,,,,0.1,0.1,,,,,,within_class_effect_larger,32.0,9.6,22.4,9.0,9.0,0.1,0.0,0.5,0.3,12.0,12.0,0.0,0.0,0.1,0.1,,,,,,,,,,,,,,,,,,,,,,,,,,,0.4,0.2,0.1,0.5,0.0,0.3,0.7828182511071773,0.2171817488928227,0.2079365009702883,True,0.0300418118081772,0.0246192080546243,0.0354644155617301,0.0300418118081772,-0.0074620929780555,-0.0124011487232093,-0.0025230372329017,0.0106589367889408,-0.0193828750192363,-0.0262358915495711,-0.0125298584889015,0.1,,,,,,,,,,,,,,,,,
H8,H8B0255,reversed,stage1_reversed,S224,sobol_symmetric,3.1,,0.5,32.0,21.0,21.0,,20.0,,,,,,,,,,,,,,,,,0.1,0.1,,,,,,within_class_effect_larger,99.2,49.6,49.6,12.0,12.0,0.5,0.0,0.5,0.1,6.0,6.0,0.5,0.5,0.5,0.5,,,,,,,,,,,,,,,,,,,,,,,,,,,0.0,0.4,0.5,0.5,0.0,0.1,0.5204050119189412,0.4795949880810588,0.460908044140017,True,0.0093811292329079,0.0077688756671045,0.0109933827987113,0.0093811292329079,-0.0020653500523426,-0.0034354711477807,-0.0006952289569045,0.0029574868758299,-0.006423642357078,-0.0085050999459719,-0.0043421847681841,0.05,,,,,,,,,,,,,,,,,
H8,H8B0256,reversed,stage1_reversed,X001,asymmetric_stress,4.0,,0.3,32.0,21.0,21.0,,20.0,,,,,,,,,,,,,,,,,0.1,0.3,,,,,,within_class_effect_larger,128.0,38.4,89.6,12.0,12.0,0.4,0.0,0.5,0.5,12.0,4.0,0.0,0.0,0.7,0.7,,,,,,,,,,,,,,,,,,,,,,,,,,,0.1,0.0,0.4,0.5,0.0,0.5,0.9528286849112554,0.0471713150887446,0.0195162495368291,True,0.0303274191539136,0.0281177705558026,0.0325370677520246,0.0303274191539136,-9.04444804092852e-05,-0.0021178938203166,0.001937004859498,0.0030935084162005,-0.027233910737713,-0.029530612778741,-0.024937208696685,0.0,,,,,,,,,,,,,,,,,
H8,H8B0259,reversed,stage1_reversed,X005,asymmetric_stress,4.0,,0.5,32.0,21.0,28.0,,20.0,,,,,,,,,,,,,,,,,0.1,0.1,,,,,,within_class_effect_larger,128.0,64.0,64.0,4.0,4.0,0.4,0.0,0.5,0.2,4.0,4.0,0.0,0.0,0.7,0.7,,,,,,,,,,,,,,,,,,,,,,,,,,,0.1,0.3,0.4,0.5,0.0,0.2,0.1214080881734971,0.8785919118265028,0.874783648326995,True,0.0065267958103107,0.0053637050020141,0.0076898866186072,0.0065267958103107,-0.0026653301959063,-0.0040585736821818,-0.0012720867096309,0.003219514447868,-0.0033072813624426,-0.0051863071717642,-0.001428255553121,0.2,,,,,,,,,,,,,,,,,
H8,H8B0260,reversed,stage1_reversed,X006,asymmetric_stress,2.0,,0.1,32.0,7.0,21.0,,20.0,,,,,,,,,,,,,,,,,0.1,0.1,,,,,,within_class_effect_larger,64.0,6.4,57.6,4.0,4.0,0.4,0.0,0.5,0.1,4.0,4.0,0.0,0.0,0.5,0.5,,,,,,,,,,,,,,,,,,,,,,,,,,,0.1,0.4,0.4,0.5,0.0,0.1,0.6289454487363979,0.371054551263602,0.7912698494595897,True,0.0162415240502914,0.0102279866384379,0.0222550614621448,0.0167920286284587,-0.0005632196837212,-0.0048902334425622,0.0037637940751196,0.0077327683407037,-0.0090592602877549,-0.0151248303948639,-0.0029936901806459,0.25,,,,,,,,,,,,,,,,,
H8,H8B0262,reversed,stage1_reversed,X008,asymmetric_stress,3.1,,0.1,32.0,14.0,14.0,,20.0,,,,,,,,,,,,,,,,,0.1,0.1,,,,,,within_class_effect_larger,99.2,9.920000000000002,89.28,9.0,9.0,0.3,0.0,0.5,0.4,6.0,6.0,0.0,0.3,0.3,0.3,,,,,,,,,,,,,,,,,,,,,,,,,,,0.2,0.1,0.3,0.5,0.0,0.4,0.3031130793706614,0.6968869206293384,0.6837434890860854,True,0.0188751452600783,0.013270544381898,0.0244797461382586,0.0195561316111282,-0.0056174406681098,-0.0091280734144182,-0.0021068079218014,0.0075781326818035,-0.0119779989293246,-0.0177740594521909,-0.0061819384064584,0.1,,,,,,,,,,,,,,,,,
H8,H8B0278,reversed,stage1_reversed,X027,asymmetric_stress,4.0,,0.7,32.0,21.0,7.0,,20.0,,,,,,,,,,,,,,,,,0.1,0.1,,,,,,within_class_effect_larger,128.0,89.6,38.400000000000006,4.0,4.0,0.5,0.0,0.5,0.3,4.0,4.0,0.3,0.3,0.7,0.7,,,,,,,,,,,,,,,,,,,,,,,,,,,0.0,0.2,0.5,0.5,0.0,0.3,0.1470534290645344,0.8529465709354656,0.3738908327418063,True,0.0050906356632948,0.0041322638290105,0.0060490074975792,0.0050906356632948,-0.0006925813520392,-0.0016647140082852,0.0002795513042067,0.0016817005920582,-0.0034089350712365,-0.0046397023223597,-0.0021781678201134,0.1,,,,,,,,,,,,,,,,,
H8,H8B0287,reversed,stage1_reversed,X040,asymmetric_stress,3.1,,0.5,32.0,14.0,21.0,,20.0,,,,,,,,,,,,,,,,,0.1,0.1,,,,,,within_class_effect_larger,99.2,49.6,49.6,12.0,12.0,0.3,0.0,0.5,0.4,6.0,6.0,0.5,0.5,0.5,0.5,,,,,,,,,,,,,,,,,,,,,,,,,,,0.2,0.1,0.3,0.5,0.0,0.4,0.5273337624373564,0.4726662375626436,0.4816527387066804,True,0.0076986911843084,0.0059300189040455,0.0094673634645714,0.0078944673545596,-0.0044603250209178,-0.006255854190064,-0.0026647958517716,0.0045941223683396,-0.00330034498622,-0.0062825364995958,-0.0003181534728443,0.3,,,,,,,,,,,,,,,,,
H8,H8B0293,reversed,stage1_reversed,X048,asymmetric_stress,4.0,,0.3,32.0,14.0,14.0,,20.0,,,,,,,,,,,,,,,,,0.0,0.5,,,,,,within_class_effect_larger,128.0,38.4,89.6,6.0,6.0,0.2,0.0,0.5,0.3,4.0,4.0,0.7,0.7,0.7,0.7,,,,,,,,,,,,,,,,,,,,,,,,,,,0.3,0.2,0.2,0.5,0.0,0.3,0.3428060355724179,0.657193964427582,0.6414922769635484,True,0.0073734330371772,0.0053267317612385,0.009420134313116,0.0073734330371772,0.0001233008203707,-0.0017087074998073,0.0019553091405489,0.0030709796647947,-0.0043024533723825,-0.0064134237383134,-0.0021914830064516,0.15,,,,,,,,,,,,,,,,,
H8,H8B0294,reversed,stage1_reversed,X049,asymmetric_stress,4.0,,0.3,16.0,14.0,21.0,,20.0,,,,,,,,,,,,,,,,,0.3,0.3,,,,,,within_class_effect_larger,64.0,19.2,44.8,6.0,6.0,0.2,0.0,0.5,0.2,6.0,6.0,0.0,0.0,0.7,0.7,,,,,,,,,,,,,,,,,,,,,,,,,,,0.3,0.3,0.2,0.5,0.0,0.2,0.47129940390749,0.52870059609251,0.5213870345615153,True,0.0184068802405797,0.0155466846578023,0.0212670758233571,0.0184068802405797,0.0001954125608276,-0.0022619254387838,0.002652750560439,0.004211362589474,-0.0141955176511057,-0.016944785392109,-0.0114462499101023,0.0,,,,,,,,,,,,,,,,,
H8,H8B0297,reversed,stage1_reversed,X052,asymmetric_stress,4.0,,0.7,32.0,21.0,14.0,,20.0,,,,,,,,,,,,,,,,,0.1,0.1,,,,,,within_class_effect_larger,128.0,89.6,38.400000000000006,12.0,12.0,0.1,0.0,0.5,0.4,12.0,12.0,0.0,0.0,0.5,0.5,,,,,,,,,,,,,,,,,,,,,,,,,,,0.4,0.1,0.1,0.5,0.0,0.4,0.3118697799836407,0.6881302200163593,0.3358670235241879,True,0.0059469480113899,0.0047159122198208,0.007177983802959,0.0059469480113899,-0.0007985296088911,-0.0019218553193681,0.0003247961015857,0.0020128794842377,-0.0039340685271522,-0.0051701897826238,-0.0026979472716806,0.05,,,,,,,,,,,,,,,,,
H8,H8B0299,reversed,stage1_reversed,X055,asymmetric_stress,4.0,,0.3,64.0,7.0,7.0,,20.0,,,,,,,,,,,,,,,,,0.3,0.3,,,,,,within_class_effect_larger,256.0,76.8,179.2,4.0,4.0,0.1,0.0,0.5,0.2,4.0,4.0,0.5,0.5,0.5,0.7,,,,,,,,,,,,,,,,,,,,,,,,,,,0.4,0.3,0.1,0.5,0.0,0.2,0.3988951452851992,0.6011048547148008,0.5858447002830482,True,0.0061675120475554,0.0052176735282638,0.0071173505668469,0.0061675120475554,-0.0023224384398893,-0.0038352417832241,-0.0008096350965545,0.0032481454960734,-0.0029193665514819,-0.0046626788866073,-0.0011760542163565,0.2,,,,,,,,,,,,,,,,,
H8,H8B0312,reversed,stage1_reversed,X071,asymmetric_stress,1.25,,0.3,16.0,21.0,21.0,,20.0,,,,,,,,,,,,,,,,,0.0,0.0,,,,,,within_class_effect_larger,20.0,6.0,14.0,6.0,6.0,0.3,0.0,0.5,0.4,6.0,6.0,0.7,0.5,0.7,0.5,,,,,,,,,,,,,,,,,,,,,,,,,,,0.2,0.1,0.3,0.5,0.0,0.4,0.6573441007292915,0.3426558992707084,0.3515685222203822,True,0.0168950853363057,0.0122002074424015,0.0215899632302098,0.017214773804498,-0.0050571008160071,-0.0102656985457065,0.0001514969136923,0.0098461820748466,-0.0073685917296513,-0.0136776327686013,-0.0010595506907013,0.25,,,,,,,,,,,,,,,,,
H8,H8B0318,reversed,stage1_reversed,X079,asymmetric_stress,3.1,,0.5,64.0,28.0,7.0,,20.0,,,,,,,,,,,,,,,,,0.3,0.3,,,,,,within_class_effect_larger,198.4,99.2,99.2,4.0,4.0,0.2,0.0,0.5,0.3,4.0,4.0,0.0,0.0,0.3,0.3,,,,,,,,,,,,,,,,,,,,,,,,,,,0.3,0.2,0.2,0.5,0.0,0.3,0.4232748704228019,0.5767251295771981,0.5654775027515437,True,0.0130594103309287,0.0119595419451714,0.014159278716686,0.0130594103309287,-0.0039639381731513,-0.0054624687560694,-0.0024654075902332,0.0043683593965469,-0.0086910509343818,-0.0106310069125385,-0.006751094956225,0.0,,,,,,,,,,,,,,,,,
H8,H8B0319,reversed,stage1_reversed,X080,asymmetric_stress,2.0,,0.5,32.0,14.0,28.0,,20.0,,,,,,,,,,,,,,,,,0.1,0.1,,,,,,within_class_effect_larger,64.0,32.0,32.0,9.0,9.0,0.2,0.0,0.5,0.2,9.0,9.0,0.0,0.0,0.7,0.7,,,,,,,,,,,,,,,,,,,,,,,,,,,0.3,0.3,0.2,0.5,0.0,0.2,0.9021613536213752,0.0978386463786245,0.0569619378446007,True,0.0174877779527255,0.0135155330314072,0.0214600228740439,0.0174877779527255,0.0024598473574462,-0.0022975806707929,0.0072172753856854,0.0077077772068901,-0.0097800007458353,-0.0150395325307448,-0.0045204689609259,0.2,,,,,,,,,,,,,,,,,
H8,H8B0322,reversed,stage1_reversed,X085,asymmetric_stress,2.0,,0.3,16.0,14.0,21.0,,20.0,,,,,,,,,,,,,,,,,0.1,0.1,,,,,,within_class_effect_larger,32.0,9.6,22.4,4.0,9.0,0.1,0.0,0.5,0.4,6.0,6.0,0.0,0.0,0.3,0.3,,,,,,,,,,,,,,,,,,,,,,,,,,,0.4,0.1,0.1,0.5,0.0,0.4,0.2052047544158871,0.7947952455841127,0.0346274340849548,True,0.0106232487674955,0.0061990581461495,0.0150474393888415,0.0124183331674409,-0.0012768153619172,-0.0055785540461351,0.0030249233223005,0.0074421633766571,-0.0049761697907837,-0.0091144341265026,-0.0008379054550649,0.35,,,,,,,,,,,,,,,,,
H8,H8B0324,reversed,stage1_reversed,X088,asymmetric_stress,4.0,,0.7,32.0,21.0,14.0,,20.0,,,,,,,,,,,,,,,,,0.1,0.5,,,,,,within_class_effect_larger,128.0,89.6,38.400000000000006,9.0,12.0,0.1,0.0,0.5,0.2,12.0,12.0,0.0,0.0,0.5,0.5,,,,,,,,,,,,,,,,,,,,,,,,,,,0.4,0.3,0.1,0.5,0.0,0.2,0.3610314888807221,0.6389685111192779,0.1486495453848448,True,-0.0050219011896505,-0.00774000663853,-0.0023037957407709,0.0057907105679976,-0.0001551859584097,-0.0019340123714501,0.0016236404546306,0.002783082498596,-0.0030076280694016,-0.0052445593671926,-0.0007706967716105,0.3,,,,,,,,,,,,,,,,,
H8,H8B0326,reversed,stage1_reversed,X091,asymmetric_stress,2.0,,0.3,64.0,14.0,14.0,,20.0,,,,,,,,,,,,,,,,,0.5,0.1,,,,,,within_class_effect_larger,128.0,38.4,89.6,4.0,4.0,0.5,0.0,0.5,0.5,9.0,4.0,0.0,0.0,0.0,0.3,,,,,,,,,,,,,,,,,,,,,,,,,,,0.0,0.0,0.5,0.5,0.0,0.5,0.7226089856750653,0.2773910143249347,0.2912093684519906,True,0.0188928120181634,0.0171923109308209,0.020593313105506,0.0188928120181634,-0.0028910341786811,-0.0044607261387764,-0.0013213422185857,0.0035182264696378,-0.0153745855485256,-0.0179842369480989,-0.0127649341489523,0.0,,,,,,,,,,,,,,,,,
H8,H8B0336,reversed,stage1_reversed,X102,asymmetric_stress,4.0,,0.3,32.0,28.0,14.0,,20.0,,,,,,,,,,,,,,,,,0.1,0.5,,,,,,within_class_effect_larger,128.0,38.4,89.6,4.0,6.0,0.3,0.0,0.5,0.5,12.0,12.0,0.3,0.3,0.7,0.7,,,,,,,,,,,,,,,,,,,,,,,,,,,0.2,0.0,0.3,0.5,0.0,0.5,0.3680454825155884,0.6319545174844116,0.3454220841629782,True,0.0164585567649592,0.0138385224896945,0.0190785910402239,0.0164585567649592,0.0005161358961534,-0.0021380538237917,0.0031703256160986,0.0044413640156584,-0.0120171927493008,-0.0148806690463452,-0.0091537164522564,0.05,,,,,,,,,,,,,,,,,
H8,H8B0337,reversed,stage1_reversed,X103,asymmetric_stress,3.1,,0.7,64.0,14.0,14.0,,20.0,,,,,,,,,,,,,,,,,0.1,0.5,,,,,,within_class_effect_larger,198.4,138.88,59.52000000000001,4.0,4.0,0.3,0.0,0.5,0.4,9.0,9.0,0.0,0.0,0.5,0.7,,,,,,,,,,,,,,,,,,,,,,,,,,,0.2,0.1,0.3,0.5,0.0,0.4,0.2839775836192622,0.7160224163807378,0.6951263469689513,True,0.0079658126442656,0.0066281334083868,0.0093034918801444,0.0079658126442656,-0.0013768195556437,-0.0022838844588344,-0.000469754652453,0.0017394829063229,-0.0062263297379427,-0.0078778562430447,-0.0045748032328406,0.05,,,,,,,,,,,,,,,,,
H8,H8B0351,reversed,stage1_reversed,X119,asymmetric_stress,4.0,,0.7,32.0,7.0,7.0,,20.0,,,,,,,,,,,,,,,,,0.1,0.3,,,,,,within_class_effect_larger,128.0,89.6,38.400000000000006,4.0,4.0,0.5,0.0,0.5,0.5,4.0,4.0,0.3,0.3,0.7,0.7,,,,,,,,,,,,,,,,,,,,,,,,,,,0.0,0.0,0.5,0.5,0.0,0.5,0.2736524249803521,0.7263475750196478,0.7062909526624608,True,0.0048409629309003,0.0038470938587521,0.0058348320030485,0.0048409629309003,0.0004707307910922,-0.0003672473480926,0.0013087089302772,0.0014425995027861,-0.0033983634281142,-0.0045331685671947,-0.0022635582890337,0.1,,,,,,,,,,,,,,,,,
H9,H9B0280,reversed,stage1_reversed,X027,asymmetric_stress,4.0,,0.7,32.0,21.0,7.0,,20.0,,,,,,,,,,,,,,,,,0.1,0.1,,,,,,served_gap_component_reversed,128.0,89.6,38.400000000000006,4.0,4.0,0.0,0.0,0.3,0.3,4.0,4.0,0.3,0.3,0.5,0.5,,,,,,,,,,,,,,,,,,,,,,,,,,,,,,,,,,,,True,,,,,,,,,,,,,0.5,32668.55,13993.1,0.298948052510938,0.2051046965886133,0.0648715753424657,0.0287607020547945,0.0361108732876712,0.0352476843856525,0.0369740621896899,0.0187603326196066,0.0125288177495968,-0.0062315148700097,-0.0066756795342663,-0.0057873502057532,supported,reversed
H9,H9B0298,reversed,stage1_reversed,X048,asymmetric_stress,4.0,,0.3,32.0,14.0,14.0,,20.0,,,,,,,,,,,,,,,,,0.0,0.5,,,,,,served_gap_component_reversed,128.0,38.4,89.6,6.0,6.0,0.3,0.7,0.7,0.7,4.0,4.0,0.7,0.7,0.8,0.8,,,,,,,,,,,,,,,,,,,,,,,,,,,,,,,,,,,,True,,,,,,,,,,,,,0.8,14028.9,32741.25,0.4773017740138604,0.0278656409986661,0.0421404109589041,0.0189148116438356,0.0232255993150685,0.022056409435152,0.024394789194985,0.0324266348947003,0.0171197512499889,-0.0153068836447114,-0.0160533882401,-0.0145603790493228,supported,reversed
H9,H9B0302,reversed,stage1_reversed,X052,asymmetric_stress,4.0,,0.7,32.0,21.0,14.0,,20.0,,,,,,,,,,,,,,,,,0.1,0.1,,,,,,served_gap_component_reversed,128.0,89.6,38.400000000000006,12.0,12.0,0.3,0.3,0.3,0.7,12.0,12.0,0.0,0.0,0.3,0.3,,,,,,,,,,,,,,,,,,,,,,,,,,,,,,,,,,,,True,,,,,,,,,,,,,0.3,32679.25,14031.3,0.139643966200812,0.0203228589230163,0.0283433219178082,0.013392551369863,0.0149507705479451,0.0143198899802024,0.0155816511156879,0.0091123147265504,0.0051822883246034,-0.0039300264019469,-0.0042269047782162,-0.0036331480256776,supported,reversed
H9,H9B0322,reversed,stage1_reversed,X073,asymmetric_stress,4.0,,0.7,32.0,28.0,7.0,,20.0,,,,,,,,,,,,,,,,,0.1,0.1,,,,,,served_gap_component_reversed,128.0,89.6,38.400000000000006,4.0,4.0,0.0,0.0,0.3,0.3,4.0,4.0,0.3,0.3,0.5,0.5,,,,,,,,,,,,,,,,,,,,,,,,,,,,,,,,,,,,True,,,,,,,,,,,,,0.5,32668.55,13993.1,0.298948052510938,0.2051046965886133,0.0648715753424657,0.0287607020547945,0.0361108732876712,0.0352476843856525,0.0369740621896899,0.0187603326196066,0.0125288177495968,-0.0062315148700097,-0.0066756795342663,-0.0057873502057532,supported,reversed
H9,H9B0326,reversed,stage1_reversed,X077,asymmetric_stress,4.0,,0.5,16.0,7.0,7.0,,20.0,,,,,,,,,,,,,,,,,0.5,0.0,,,,,,served_gap_component_reversed,64.0,32.0,32.0,4.0,4.0,0.3,0.3,0.3,0.3,4.0,4.0,0.0,0.0,0.1,0.1,,,,,,,,,,,,,,,,,,,,,,,,,,,,,,,,,,,,True,,,,,,,,,,,,,0.1,11690.65,11677.45,0.0253069167124425,0.7038253455723892,0.0642465753424657,0.0296660958904109,0.0345804794520547,0.0334066347773781,0.0357543241267314,0.0299058282356002,0.0160803108944664,-0.0138255173411337,-0.014305032757533,-0.0133460019247344,supported,reversed
H9,H9B0347,reversed,stage1_reversed,X100,asymmetric_stress,3.1,,0.5,32.0,21.0,21.0,,20.0,,,,,,,,,,,,,,,,,0.0,0.1,,,,,,served_gap_component_reversed,99.2,49.6,49.6,12.0,12.0,0.1,0.3,0.3,0.3,6.0,6.0,0.5,0.5,0.7,0.7,,,,,,,,,,,,,,,,,,,,,,,,,,,,,,,,,,,,True,,,,,,,,,,,,,0.7,18116.75,18110.6,0.8927159307559052,0.1695966494774511,0.088882705479452,0.0309888698630137,0.0578938356164383,0.0567907703235116,0.058996900909365,0.0389183794819852,0.0280002793677591,-0.0109181001142261,-0.0116984006715017,-0.0101377995569505,supported,reversed
