scenario_id,scenario_type,parent_scenario_id,design_note,rho,class1_share,slots_per_day,lambda_total,lambda_class1,lambda_class2,horizon_class1,horizon_class2,cancel_class1,cancel_class2,balk_threshold_class1,balk_threshold_class2,balk_low_class1,balk_low_class2,balk_high_class1,balk_high_class2,noshow_threshold_class1,noshow_threshold_class2,noshow_low_class1,noshow_low_class2,noshow_high_class1,noshow_high_class2,asymmetric_dimensions
A001,anchor,,rho_capacity_grid_rho_0.8_capacity_16,0.8,0.1,16,12.8,1.2800000000000002,11.520000000000001,14,14,0.1,0.1,9,9,0.0,0.0,0.5,0.5,6,6,0.0,0.0,0.3,0.3,
A002,anchor,,rho_capacity_grid_rho_0.8_capacity_32,0.8,0.3,32,25.6,7.68,17.919999999999998,14,14,0.1,0.1,9,9,0.0,0.0,0.5,0.5,6,6,0.0,0.0,0.3,0.3,
A003,anchor,,rho_capacity_grid_rho_0.8_capacity_64,0.8,0.5,64,51.2,25.6,25.6,14,14,0.1,0.1,9,9,0.0,0.0,0.5,0.5,6,6,0.0,0.0,0.3,0.3,
A004,anchor,,rho_capacity_grid_rho_1.25_capacity_16,1.25,0.7,16,20.0,14.0,6.000000000000001,14,14,0.1,0.1,9,9,0.0,0.0,0.5,0.5,6,6,0.0,0.0,0.3,0.3,
A005,anchor,,rho_capacity_grid_rho_1.25_capacity_32,1.25,0.9,32,40.0,36.0,3.999999999999999,14,14,0.1,0.1,9,9,0.0,0.0,0.5,0.5,6,6,0.0,0.0,0.3,0.3,
A006,anchor,,rho_capacity_grid_rho_1.25_capacity_64,1.25,0.1,64,80.0,8.0,72.0,14,14,0.1,0.1,9,9,0.0,0.0,0.5,0.5,6,6,0.0,0.0,0.3,0.3,
A007,anchor,,rho_capacity_grid_rho_2.0_capacity_16,2.0,0.3,16,32.0,9.6,22.4,14,14,0.1,0.1,9,9,0.0,0.0,0.5,0.5,6,6,0.0,0.0,0.3,0.3,
A008,anchor,,rho_capacity_grid_rho_2.0_capacity_32,2.0,0.5,32,64.0,32.0,32.0,14,14,0.1,0.1,9,9,0.0,0.0,0.5,0.5,6,6,0.0,0.0,0.3,0.3,
A009,anchor,,rho_capacity_grid_rho_2.0_capacity_64,2.0,0.7,64,128.0,89.6,38.400000000000006,14,14,0.1,0.1,9,9,0.0,0.0,0.5,0.5,6,6,0.0,0.0,0.3,0.3,
A010,anchor,,rho_capacity_grid_rho_3.1_capacity_16,3.1,0.9,16,49.6,44.64,4.959999999999999,14,14,0.1,0.1,9,9,0.0,0.0,0.5,0.5,6,6,0.0,0.0,0.3,0.3,
A011,anchor,,rho_capacity_grid_rho_3.1_capacity_32,3.1,0.1,32,99.2,9.920000000000002,89.28,14,14,0.1,0.1,9,9,0.0,0.0,0.5,0.5,6,6,0.0,0.0,0.3,0.3,
A012,anchor,,rho_capacity_grid_rho_3.1_capacity_64,3.1,0.3,64,198.4,59.519999999999996,138.88,14,14,0.1,0.1,9,9,0.0,0.0,0.5,0.5,6,6,0.0,0.0,0.3,0.3,
A013,anchor,,rho_capacity_grid_rho_4.0_capacity_16,4.0,0.5,16,64.0,32.0,32.0,14,14,0.1,0.1,9,9,0.0,0.0,0.5,0.5,6,6,0.0,0.0,0.3,0.3,
A014,anchor,,rho_capacity_grid_rho_4.0_capacity_32,4.0,0.7,32,128.0,89.6,38.400000000000006,14,14,0.1,0.1,9,9,0.0,0.0,0.5,0.5,6,6,0.0,0.0,0.3,0.3,
A015,anchor,,rho_capacity_grid_rho_4.0_capacity_64,4.0,0.9,64,256.0,230.4,25.599999999999994,14,14,0.1,0.1,9,9,0.0,0.0,0.5,0.5,6,6,0.0,0.0,0.3,0.3,
A016,anchor,,short_horizon_zero_risk,0.8,0.5,32,25.6,12.8,12.8,7,7,0.0,0.0,4,4,0.0,0.0,0.0,0.0,4,4,0.0,0.0,0.0,0.0,
A017,anchor,,long_horizon_low_step,1.25,0.3,64,80.0,24.0,56.0,21,21,0.3,0.3,6,6,0.1,0.1,0.1,0.1,9,9,0.0,0.0,0.1,0.1,
A018,anchor,,longest_horizon_mid_risk,2.0,0.7,16,32.0,22.4,9.600000000000001,28,28,0.5,0.5,12,12,0.3,0.3,0.3,0.3,12,12,0.3,0.3,0.3,0.3,
A019,anchor,,high_balk_low_threshold,3.1,0.5,32,99.2,49.6,49.6,14,14,0.0,0.0,4,4,0.5,0.5,0.7,0.7,4,4,0.5,0.5,0.5,0.5,
A020,anchor,,maximum_common_risk,4.0,0.5,32,128.0,64.0,64.0,14,14,0.3,0.3,6,6,0.7,0.7,0.7,0.7,6,6,0.7,0.7,0.7,0.7,
A021,anchor,,low_pressure_long_horizon,0.8,0.1,64,51.2,5.120000000000001,46.080000000000005,28,28,0.1,0.1,12,12,0.0,0.0,0.1,0.1,12,12,0.0,0.0,0.1,0.1,
A022,anchor,,high_pressure_short_horizon,4.0,0.9,16,64.0,57.6,6.399999999999999,7,7,0.5,0.5,4,4,0.5,0.5,0.7,0.7,4,4,0.5,0.5,0.7,0.7,
A023,anchor,,class1_minority_high_risk,3.1,0.1,32,99.2,9.920000000000002,89.28,21,21,0.3,0.3,9,9,0.3,0.3,0.7,0.7,6,6,0.3,0.3,0.7,0.7,
A024,anchor,,class1_majority_high_risk,3.1,0.9,32,99.2,89.28,9.919999999999998,21,21,0.3,0.3,9,9,0.3,0.3,0.7,0.7,6,6,0.3,0.3,0.7,0.7,
A025,anchor,,high_post_threshold_exposure,4.0,0.5,32,128.0,64.0,64.0,28,28,0.1,0.1,4,4,0.0,0.0,0.7,0.7,4,4,0.0,0.0,0.7,0.7,
A026,anchor,,low_post_threshold_exposure,2.0,0.5,32,64.0,32.0,32.0,14,14,0.1,0.1,12,12,0.0,0.0,0.7,0.7,12,12,0.0,0.0,0.7,0.7,
A027,anchor,,small_scale_balanced,1.25,0.5,16,20.0,10.0,10.0,21,21,0.0,0.0,6,6,0.0,0.0,0.3,0.3,9,9,0.0,0.0,0.3,0.3,
A028,anchor,,large_scale_balanced,1.25,0.5,64,80.0,40.0,40.0,21,21,0.0,0.0,6,6,0.0,0.0,0.3,0.3,9,9,0.0,0.0,0.3,0.3,
A029,anchor,,high_cancel_low_noshow,3.1,0.3,32,99.2,29.759999999999998,69.44,14,14,0.5,0.5,9,9,0.0,0.0,0.5,0.5,6,6,0.0,0.0,0.0,0.0,
A030,anchor,,low_cancel_high_noshow,3.1,0.7,32,99.2,69.44,29.760000000000005,14,14,0.0,0.0,9,9,0.0,0.0,0.5,0.5,6,6,0.5,0.5,0.7,0.7,
A031,anchor,,high_balk_low_noshow,3.1,0.5,32,99.2,49.6,49.6,14,14,0.1,0.1,6,6,0.3,0.3,0.7,0.7,9,9,0.0,0.0,0.1,0.1,
A032,anchor,,low_balk_high_noshow,3.1,0.5,32,99.2,49.6,49.6,14,14,0.1,0.1,6,6,0.0,0.0,0.1,0.1,9,9,0.3,0.3,0.7,0.7,
S001,sobol_symmetric,,scrambled_sobol,3.1,0.3,16,49.6,14.879999999999999,34.72,21,21,0.5,0.5,12,12,0.1,0.1,0.7,0.7,12,12,0.0,0.0,0.3,0.3,
S002,sobol_symmetric,,scrambled_sobol,1.25,0.7,64,80.0,56.0,24.000000000000004,7,7,0.1,0.1,4,4,0.0,0.0,0.7,0.7,4,4,0.3,0.3,0.7,0.7,
S003,sobol_symmetric,,scrambled_sobol,2.0,0.1,16,32.0,3.2,28.8,28,28,0.0,0.0,6,6,0.3,0.3,0.7,0.7,4,4,0.7,0.7,0.7,0.7,
S004,sobol_symmetric,,scrambled_sobol,4.0,0.9,64,256.0,230.4,25.599999999999994,14,14,0.3,0.3,9,9,0.0,0.0,0.0,0.0,9,9,0.3,0.3,0.3,0.3,
S005,sobol_symmetric,,scrambled_sobol,3.1,0.1,64,198.4,19.840000000000003,178.56,14,14,0.3,0.3,12,12,0.5,0.5,0.7,0.7,4,4,0.5,0.5,0.7,0.7,
S006,sobol_symmetric,,scrambled_sobol,1.25,0.9,16,20.0,18.0,1.9999999999999996,28,28,0.0,0.0,4,4,0.0,0.0,0.3,0.3,9,9,0.0,0.0,0.5,0.5,
S007,sobol_symmetric,,scrambled_sobol,0.8,0.5,32,25.6,12.8,12.8,7,7,0.1,0.1,4,4,0.3,0.3,0.5,0.5,4,4,0.0,0.0,0.0,0.0,
S008,sobol_symmetric,,scrambled_sobol,3.1,0.7,32,99.2,69.44,29.760000000000005,21,21,0.5,0.5,9,9,0.1,0.1,0.3,0.3,6,6,0.3,0.3,0.5,0.5,
S009,sobol_symmetric,,scrambled_sobol,2.0,0.3,32,64.0,19.2,44.8,28,28,0.1,0.1,9,9,0.7,0.7,0.7,0.7,4,4,0.5,0.5,0.5,0.5,
S010,sobol_symmetric,,scrambled_sobol,0.8,0.9,32,25.6,23.040000000000003,2.5599999999999996,14,14,0.5,0.5,6,6,0.0,0.0,0.3,0.3,9,9,0.0,0.0,0.7,0.7,
S011,sobol_symmetric,,scrambled_sobol,1.25,0.3,64,80.0,24.0,56.0,21,21,0.3,0.3,4,4,0.3,0.3,0.7,0.7,12,12,0.0,0.0,0.0,0.0,
S012,sobol_symmetric,,scrambled_sobol,4.0,0.7,16,64.0,44.8,19.200000000000003,7,7,0.0,0.0,4,4,0.1,0.1,0.5,0.5,4,4,0.3,0.3,0.5,0.5,
S013,sobol_symmetric,,scrambled_sobol,4.0,0.5,16,64.0,32.0,32.0,7,7,0.0,0.0,4,4,0.3,0.3,0.3,0.3,4,4,0.0,0.0,0.3,0.3,
S014,sobol_symmetric,,scrambled_sobol,2.0,0.5,64,128.0,64.0,64.0,21,21,0.3,0.3,6,6,0.1,0.1,0.1,0.1,6,6,0.3,0.3,0.7,0.7,
S015,sobol_symmetric,,scrambled_sobol,0.8,0.1,16,12.8,1.2800000000000002,11.520000000000001,14,14,0.5,0.5,4,4,0.5,0.5,0.5,0.5,4,4,0.7,0.7,0.7,0.7,
S016,sobol_symmetric,,scrambled_sobol,3.1,0.9,64,198.4,178.56,19.839999999999996,28,28,0.1,0.1,12,12,0.0,0.0,0.1,0.1,9,9,0.0,0.0,0.7,0.7,
S017,sobol_symmetric,,scrambled_sobol,3.1,0.1,32,99.2,9.920000000000002,89.28,7,7,0.3,0.3,4,4,0.0,0.0,0.7,0.7,4,4,0.0,0.0,0.5,0.5,
S018,sobol_symmetric,,scrambled_sobol,0.8,0.9,32,25.6,23.040000000000003,2.5599999999999996,21,21,0.0,0.0,9,9,0.1,0.1,0.5,0.5,9,9,0.5,0.5,0.5,0.5,
S019,sobol_symmetric,,scrambled_sobol,2.0,0.5,16,32.0,16.0,16.0,14,14,0.1,0.1,12,12,0.0,0.0,0.0,0.0,12,12,0.3,0.3,0.5,0.5,
S020,sobol_symmetric,,scrambled_sobol,4.0,0.5,64,256.0,128.0,128.0,28,28,0.5,0.5,4,4,0.3,0.3,0.7,0.7,6,6,0.0,0.0,0.0,0.0,
S021,sobol_symmetric,,scrambled_sobol,4.0,0.3,32,128.0,38.4,89.6,28,28,0.5,0.5,6,6,0.0,0.0,0.3,0.3,12,12,0.3,0.3,0.7,0.7,
S022,sobol_symmetric,,scrambled_sobol,1.25,0.7,16,20.0,14.0,6.000000000000001,14,14,0.1,0.1,9,9,0.7,0.7,0.7,0.7,6,6,0.0,0.0,0.3,0.3,
S023,sobol_symmetric,,scrambled_sobol,0.8,0.3,64,51.2,15.36,35.839999999999996,21,21,0.0,0.0,12,12,0.1,0.1,0.1,0.1,4,4,0.0,0.0,0.7,0.7,
S024,sobol_symmetric,,scrambled_sobol,2.0,0.7,16,32.0,22.4,9.600000000000001,7,7,0.3,0.3,4,4,0.3,0.3,0.3,0.3,4,4,0.7,0.7,0.7,0.7,
S025,sobol_symmetric,,scrambled_sobol,2.0,0.3,64,128.0,38.4,89.6,14,14,0.0,0.0,4,4,0.0,0.0,0.5,0.5,12,12,0.3,0.3,0.7,0.7,
S026,sobol_symmetric,,scrambled_sobol,0.8,0.5,16,12.8,6.4,6.4,28,28,0.3,0.3,12,12,0.7,0.7,0.7,0.7,6,6,0.0,0.0,0.1,0.1,
S027,sobol_symmetric,,scrambled_sobol,1.25,0.1,64,80.0,8.0,72.0,7,7,0.5,0.5,4,4,0.1,0.1,0.3,0.3,4,4,0.3,0.3,0.3,0.3,
S028,sobol_symmetric,,scrambled_sobol,3.1,0.9,32,99.2,89.28,9.919999999999998,21,21,0.1,0.1,6,6,0.3,0.3,0.5,0.5,9,9,0.5,0.5,0.7,0.7,
S029,sobol_symmetric,,scrambled_sobol,4.0,0.1,16,64.0,6.4,57.6,21,21,0.1,0.1,4,4,0.0,0.0,0.7,0.7,4,4,0.0,0.0,0.3,0.3,
S030,sobol_symmetric,,scrambled_sobol,1.25,0.9,64,80.0,72.0,7.999999999999998,7,7,0.5,0.5,4,4,0.1,0.1,0.7,0.7,4,4,0.5,0.5,0.7,0.7,
S031,sobol_symmetric,,scrambled_sobol,1.25,0.3,32,40.0,12.0,28.0,28,28,0.3,0.3,9,9,0.0,0.0,0.1,0.1,12,12,0.3,0.3,0.3,0.3,
S032,sobol_symmetric,,scrambled_sobol,3.1,0.7,32,99.2,69.44,29.760000000000005,14,14,0.0,0.0,6,6,0.5,0.5,0.7,0.7,6,6,0.0,0.0,0.1,0.1,
S033,sobol_symmetric,,scrambled_sobol,3.1,0.1,64,198.4,19.840000000000003,178.56,7,7,0.5,0.5,4,4,0.0,0.0,0.0,0.0,4,4,0.5,0.5,0.5,0.5,
S034,sobol_symmetric,,scrambled_sobol,1.25,0.9,16,20.0,18.0,1.9999999999999996,21,21,0.1,0.1,9,9,0.5,0.5,0.5,0.5,12,12,0.0,0.0,0.5,0.5,
S035,sobol_symmetric,,scrambled_sobol,1.25,0.3,32,40.0,12.0,28.0,14,14,0.0,0.0,12,12,0.0,0.0,0.5,0.5,9,9,0.0,0.0,0.0,0.0,
S036,sobol_symmetric,,scrambled_sobol,4.0,0.7,32,128.0,89.6,38.400000000000006,28,28,0.3,0.3,4,4,0.1,0.1,0.5,0.5,4,4,0.3,0.3,0.5,0.5,
S037,sobol_symmetric,,scrambled_sobol,3.1,0.5,16,49.6,24.8,24.8,28,28,0.3,0.3,6,6,0.1,0.1,0.1,0.1,9,9,0.0,0.0,0.3,0.3,
S038,sobol_symmetric,,scrambled_sobol,1.25,0.5,64,80.0,40.0,40.0,14,14,0.0,0.0,9,9,0.3,0.3,0.3,0.3,4,4,0.3,0.3,0.7,0.7,
S039,sobol_symmetric,,scrambled_sobol,0.8,0.1,16,12.8,1.2800000000000002,11.520000000000001,21,21,0.1,0.1,12,12,0.0,0.0,0.3,0.3,6,6,0.7,0.7,0.7,0.7,
S040,sobol_symmetric,,scrambled_sobol,2.0,0.9,32,64.0,57.6,6.399999999999999,7,7,0.5,0.5,4,4,0.5,0.5,0.7,0.7,4,4,0.0,0.0,0.7,0.7,
S041,sobol_symmetric,,scrambled_sobol,2.0,0.3,16,32.0,9.6,22.4,14,14,0.1,0.1,4,4,0.1,0.1,0.3,0.3,9,9,0.0,0.0,0.1,0.1,
S042,sobol_symmetric,,scrambled_sobol,0.8,0.7,64,51.2,35.839999999999996,15.360000000000003,28,28,0.5,0.5,12,12,0.3,0.3,0.5,0.5,4,4,0.5,0.5,0.5,0.5,
S043,sobol_symmetric,,scrambled_sobol,1.25,0.3,16,20.0,6.0,14.0,7,7,0.3,0.3,4,4,0.0,0.0,0.5,0.5,4,4,0.5,0.5,0.7,0.7,
S044,sobol_symmetric,,scrambled_sobol,4.0,0.7,64,256.0,179.2,76.80000000000001,21,21,0.0,0.0,6,6,0.7,0.7,0.7,0.7,12,12,0.3,0.3,0.3,0.3,
S045,sobol_symmetric,,scrambled_sobol,4.0,0.1,32,128.0,12.8,115.2,21,21,0.0,0.0,4,4,0.0,0.0,0.1,0.1,6,6,0.5,0.5,0.7,0.7,
S046,sobol_symmetric,,scrambled_sobol,2.0,0.9,32,64.0,57.6,6.399999999999999,7,7,0.3,0.3,4,4,0.5,0.5,0.5,0.5,4,4,0.0,0.0,0.5,0.5,
S047,sobol_symmetric,,scrambled_sobol,0.8,0.5,64,51.2,25.6,25.6,28,28,0.5,0.5,9,9,0.0,0.0,0.7,0.7,9,9,0.0,0.0,0.1,0.1,
S048,sobol_symmetric,,scrambled_sobol,3.1,0.5,16,49.6,24.8,24.8,14,14,0.1,0.1,6,6,0.1,0.1,0.7,0.7,4,4,0.3,0.3,0.3,0.3,
S049,sobol_symmetric,,scrambled_sobol,3.1,0.5,64,198.4,99.2,99.2,21,21,0.3,0.3,12,12,0.3,0.3,0.7,0.7,9,9,0.3,0.3,0.7,0.7,
S050,sobol_symmetric,,scrambled_sobol,0.8,0.5,32,25.6,12.8,12.8,7,7,0.0,0.0,4,4,0.0,0.0,0.0,0.0,4,4,0.0,0.0,0.1,0.1,
S051,sobol_symmetric,,scrambled_sobol,2.0,0.1,64,128.0,12.8,115.2,28,28,0.1,0.1,6,6,0.1,0.1,0.7,0.7,6,6,0.0,0.0,0.7,0.7,
S052,sobol_symmetric,,scrambled_sobol,4.0,0.9,16,64.0,57.6,6.399999999999999,14,14,0.5,0.5,9,9,0.0,0.0,0.7,0.7,12,12,0.7,0.7,0.7,0.7,
S053,sobol_symmetric,,scrambled_sobol,4.0,0.1,32,128.0,12.8,115.2,14,14,0.5,0.5,12,12,0.3,0.3,0.5,0.5,6,6,0.0,0.0,0.5,0.5,
S054,sobol_symmetric,,scrambled_sobol,1.25,0.7,32,40.0,28.0,12.000000000000002,28,28,0.1,0.1,4,4,0.1,0.1,0.3,0.3,12,12,0.5,0.5,0.5,0.5,
S055,sobol_symmetric,,scrambled_sobol,0.8,0.3,16,12.8,3.84,8.959999999999999,7,7,0.0,0.0,4,4,0.5,0.5,0.7,0.7,4,4,0.3,0.3,0.3,0.3,
S056,sobol_symmetric,,scrambled_sobol,2.0,0.7,64,128.0,89.6,38.400000000000006,21,21,0.3,0.3,9,9,0.0,0.0,0.1,0.1,4,4,0.0,0.0,0.0,0.0,
S057,sobol_symmetric,,scrambled_sobol,3.1,0.1,16,49.6,4.960000000000001,44.64,28,28,0.0,0.0,9,9,0.3,0.3,0.5,0.5,6,6,0.0,0.0,0.5,0.5,
S058,sobol_symmetric,,scrambled_sobol,0.8,0.9,64,51.2,46.080000000000005,5.119999999999999,14,14,0.3,0.3,6,6,0.1,0.1,0.5,0.5,12,12,0.5,0.5,0.5,0.5,
S059,sobol_symmetric,,scrambled_sobol,1.25,0.3,32,40.0,12.0,28.0,21,21,0.5,0.5,4,4,0.7,0.7,0.7,0.7,9,9,0.3,0.3,0.5,0.5,
S060,sobol_symmetric,,scrambled_sobol,4.0,0.5,32,128.0,64.0,64.0,7,7,0.1,0.1,4,4,0.0,0.0,0.5,0.5,4,4,0.0,0.0,0.0,0.0,
S061,sobol_symmetric,,scrambled_sobol,4.0,0.3,64,256.0,76.8,179.2,7,7,0.1,0.1,4,4,0.5,0.5,0.5,0.5,4,4,0.3,0.3,0.5,0.5,
S062,sobol_symmetric,,scrambled_sobol,2.0,0.7,16,32.0,22.4,9.600000000000001,21,21,0.5,0.5,6,6,0.0,0.0,0.0,0.0,4,4,0.0,0.0,0.3,0.3,
S063,sobol_symmetric,,scrambled_sobol,1.25,0.1,32,40.0,4.0,36.0,14,14,0.3,0.3,4,4,0.3,0.3,0.3,0.3,6,6,0.0,0.0,0.7,0.7,
S064,sobol_symmetric,,scrambled_sobol,3.1,0.9,16,49.6,44.64,4.959999999999999,28,28,0.0,0.0,12,12,0.1,0.1,0.1,0.1,12,12,0.7,0.7,0.7,0.7,
S065,sobol_symmetric,,scrambled_sobol,3.1,0.1,64,198.4,19.840000000000003,178.56,14,14,0.1,0.1,9,9,0.1,0.1,0.1,0.1,12,12,0.3,0.3,0.5,0.5,
S066,sobol_symmetric,,scrambled_sobol,1.25,0.9,16,20.0,18.0,1.9999999999999996,28,28,0.5,0.5,6,6,0.3,0.3,0.3,0.3,6,6,0.0,0.0,0.0,0.0,
S067,sobol_symmetric,,scrambled_sobol,2.0,0.5,64,128.0,64.0,64.0,7,7,0.3,0.3,4,4,0.0,0.0,0.3,0.3,4,4,0.0,0.0,0.5,0.5,
S068,sobol_symmetric,,scrambled_sobol,4.0,0.7,16,64.0,44.8,19.200000000000003,21,21,0.0,0.0,12,12,0.5,0.5,0.7,0.7,9,9,0.5,0.5,0.5,0.5,
S069,sobol_symmetric,,scrambled_sobol,4.0,0.3,32,128.0,38.4,89.6,21,21,0.0,0.0,9,9,0.0,0.0,0.0,0.0,4,4,0.0,0.0,0.7,0.7,
S070,sobol_symmetric,,scrambled_sobol,1.25,0.7,32,40.0,28.0,12.000000000000002,7,7,0.3,0.3,4,4,0.3,0.3,0.7,0.7,4,4,0.7,0.7,0.7,0.7,
S071,sobol_symmetric,,scrambled_sobol,0.8,0.1,16,12.8,1.2800000000000002,11.520000000000001,28,28,0.5,0.5,4,4,0.0,0.0,0.7,0.7,12,12,0.3,0.3,0.7,0.7,
S072,sobol_symmetric,,scrambled_sobol,3.1,0.9,64,198.4,178.56,19.839999999999996,14,14,0.1,0.1,12,12,0.1,0.1,0.5,0.5,6,6,0.0,0.0,0.3,0.3,
S073,sobol_symmetric,,scrambled_sobol,2.0,0.5,16,32.0,16.0,16.0,7,7,0.5,0.5,4,4,0.0,0.0,0.1,0.1,4,4,0.3,0.3,0.3,0.3,
S074,sobol_symmetric,,scrambled_sobol,0.8,0.5,64,51.2,25.6,25.6,21,21,0.1,0.1,4,4,0.5,0.5,0.5,0.5,9,9,0.5,0.5,0.7,0.7,
S075,sobol_symmetric,,scrambled_sobol,1.25,0.1,32,40.0,4.0,36.0,14,14,0.0,0.0,6,6,0.0,0.0,0.7,0.7,12,12,0.5,0.5,0.5,0.5,
S076,sobol_symmetric,,scrambled_sobol,4.0,0.9,32,128.0,115.2,12.799999999999997,28,28,0.3,0.3,9,9,0.1,0.1,0.7,0.7,6,6,0.0,0.0,0.1,0.1,
S077,sobol_symmetric,,scrambled_sobol,4.0,0.3,64,256.0,76.8,179.2,28,28,0.3,0.3,12,12,0.1,0.1,0.3,0.3,12,12,0.3,0.3,0.3,0.3,
S078,sobol_symmetric,,scrambled_sobol,2.0,0.7,16,32.0,22.4,9.600000000000001,14,14,0.0,0.0,4,4,0.3,0.3,0.5,0.5,6,6,0.0,0.0,0.1,0.1,
S079,sobol_symmetric,,scrambled_sobol,0.8,0.3,64,51.2,15.36,35.839999999999996,21,21,0.1,0.1,6,6,0.0,0.0,0.5,0.5,4,4,0.0,0.0,0.3,0.3,
S080,sobol_symmetric,,scrambled_sobol,3.1,0.7,32,99.2,69.44,29.760000000000005,7,7,0.5,0.5,4,4,0.7,0.7,0.7,0.7,4,4,0.5,0.5,0.7,0.7,
S081,sobol_symmetric,,scrambled_sobol,3.1,0.3,64,198.4,59.519999999999996,138.88,28,28,0.0,0.0,4,4,0.3,0.3,0.3,0.3,4,4,0.7,0.7,0.7,0.7,
S082,sobol_symmetric,,scrambled_sobol,0.8,0.7,16,12.8,8.959999999999999,3.8400000000000007,14,14,0.3,0.3,12,12,0.1,0.1,0.3,0.3,9,9,0.0,0.0,0.7,0.7,
S083,sobol_symmetric,,scrambled_sobol,2.0,0.1,32,64.0,6.4,57.6,21,21,0.5,0.5,9,9,0.5,0.5,0.7,0.7,12,12,0.0,0.0,0.1,0.1,
S084,sobol_symmetric,,scrambled_sobol,4.0,0.7,32,128.0,89.6,38.400000000000006,7,7,0.1,0.1,4,4,0.0,0.0,0.3,0.3,4,4,0.3,0.3,0.7,0.7,
S085,sobol_symmetric,,scrambled_sobol,4.0,0.1,16,64.0,6.4,57.6,7,7,0.1,0.1,4,4,0.3,0.3,0.7,0.7,4,4,0.0,0.0,0.1,0.1,
S086,sobol_symmetric,,scrambled_sobol,1.25,0.9,64,80.0,72.0,7.999999999999998,21,21,0.5,0.5,12,12,0.0,0.0,0.0,0.0,6,6,0.3,0.3,0.3,0.3,
S087,sobol_symmetric,,scrambled_sobol,0.8,0.5,32,25.6,12.8,12.8,14,14,0.3,0.3,9,9,0.1,0.1,0.7,0.7,4,4,0.5,0.5,0.7,0.7,
S088,sobol_symmetric,,scrambled_sobol,2.0,0.5,64,128.0,64.0,64.0,28,28,0.0,0.0,6,6,0.0,0.0,0.7,0.7,9,9,0.0,0.0,0.5,0.5,
S089,sobol_symmetric,,scrambled_sobol,2.0,0.1,16,32.0,3.2,28.8,21,21,0.3,0.3,6,6,0.5,0.5,0.5,0.5,12,12,0.0,0.0,0.0,0.0,
S090,sobol_symmetric,,scrambled_sobol,0.8,0.9,32,25.6,23.040000000000003,2.5599999999999996,7,7,0.0,0.0,4,4,0.0,0.0,0.1,0.1,4,4,0.3,0.3,0.5,0.5,
S091,sobol_symmetric,,scrambled_sobol,1.25,0.3,16,20.0,6.0,14.0,28,28,0.1,0.1,12,12,0.1,0.1,0.7,0.7,4,4,0.5,0.5,0.5,0.5,
S092,sobol_symmetric,,scrambled_sobol,3.1,0.7,64,198.4,138.88,59.52000000000001,14,14,0.5,0.5,4,4,0.1,0.1,0.1,0.1,9,9,0.0,0.0,0.5,0.5,
S093,sobol_symmetric,,scrambled_sobol,4.0,0.3,32,128.0,38.4,89.6,14,14,0.5,0.5,6,6,0.3,0.3,0.7,0.7,4,4,0.7,0.7,0.7,0.7,
S094,sobol_symmetric,,scrambled_sobol,2.0,0.5,32,64.0,32.0,32.0,28,28,0.1,0.1,9,9,0.1,0.1,0.5,0.5,9,9,0.0,0.0,0.7,0.7,
S095,sobol_symmetric,,scrambled_sobol,1.25,0.1,64,80.0,8.0,72.0,7,7,0.0,0.0,4,4,0.7,0.7,0.7,0.7,4,4,0.0,0.0,0.3,0.3,
S096,sobol_symmetric,,scrambled_sobol,3.1,0.9,16,49.6,44.64,4.959999999999999,21,21,0.3,0.3,4,4,0.0,0.0,0.3,0.3,6,6,0.3,0.3,0.7,0.7,
S097,sobol_symmetric,,scrambled_sobol,3.1,0.5,32,99.2,49.6,49.6,28,28,0.1,0.1,4,4,0.5,0.5,0.7,0.7,6,6,0.3,0.3,0.3,0.3,
S098,sobol_symmetric,,scrambled_sobol,0.8,0.7,32,25.6,17.919999999999998,7.6800000000000015,14,14,0.5,0.5,12,12,0.0,0.0,0.3,0.3,12,12,0.5,0.5,0.7,0.7,
S099,sobol_symmetric,,scrambled_sobol,1.25,0.1,16,20.0,2.0,18.0,21,21,0.3,0.3,9,9,0.3,0.3,0.5,0.5,9,9,0.3,0.3,0.7,0.7,
S100,sobol_symmetric,,scrambled_sobol,4.0,0.9,64,256.0,230.4,25.599999999999994,7,7,0.0,0.0,4,4,0.1,0.1,0.3,0.3,4,4,0.0,0.0,0.1,0.1,
S101,sobol_symmetric,,scrambled_sobol,3.1,0.1,64,198.4,19.840000000000003,178.56,7,7,0.0,0.0,4,4,0.1,0.1,0.7,0.7,4,4,0.3,0.3,0.5,0.5,
S102,sobol_symmetric,,scrambled_sobol,1.25,0.9,16,20.0,18.0,1.9999999999999996,21,21,0.3,0.3,12,12,0.0,0.0,0.7,0.7,4,4,0.0,0.0,0.0,0.0,
S103,sobol_symmetric,,scrambled_sobol,0.8,0.3,64,51.2,15.36,35.839999999999996,14,14,0.5,0.5,9,9,0.3,0.3,0.7,0.7,6,6,0.0,0.0,0.5,0.5,
S104,sobol_symmetric,,scrambled_sobol,2.0,0.7,16,32.0,22.4,9.600000000000001,28,28,0.1,0.1,6,6,0.0,0.0,0.0,0.0,12,12,0.5,0.5,0.7,0.7,
S105,sobol_symmetric,,scrambled_sobol,2.0,0.1,64,128.0,12.8,115.2,21,21,0.5,0.5,6,6,0.3,0.3,0.3,0.3,9,9,0.3,0.3,0.5,0.5,
S106,sobol_symmetric,,scrambled_sobol,0.8,0.9,16,12.8,11.520000000000001,1.2799999999999998,7,7,0.1,0.1,4,4,0.1,0.1,0.1,0.1,4,4,0.0,0.0,0.0,0.0,
S107,sobol_symmetric,,scrambled_sobol,1.25,0.5,32,40.0,20.0,20.0,28,28,0.0,0.0,12,12,0.5,0.5,0.5,0.5,6,6,0.0,0.0,0.5,0.5,
S108,sobol_symmetric,,scrambled_sobol,4.0,0.5,16,64.0,32.0,32.0,14,14,0.3,0.3,4,4,0.0,0.0,0.1,0.1,12,12,0.5,0.5,0.5,0.5,
S109,sobol_symmetric,,scrambled_sobol,4.0,0.3,16,64.0,19.2,44.8,14,14,0.3,0.3,6,6,0.7,0.7,0.7,0.7,6,6,0.0,0.0,0.7,0.7,
S110,sobol_symmetric,,scrambled_sobol,2.0,0.7,64,128.0,89.6,38.400000000000006,28,28,0.0,0.0,9,9,0.0,0.0,0.5,0.5,12,12,0.7,0.7,0.7,0.7,
S111,sobol_symmetric,,scrambled_sobol,0.8,0.3,32,25.6,7.68,17.919999999999998,7,7,0.1,0.1,4,4,0.3,0.3,0.5,0.5,4,4,0.3,0.3,0.7,0.7,
S112,sobol_symmetric,,scrambled_sobol,3.1,0.9,32,99.2,89.28,9.919999999999998,21,21,0.5,0.5,4,4,0.1,0.1,0.5,0.5,4,4,0.0,0.0,0.3,0.3,
S113,sobol_symmetric,,scrambled_sobol,3.1,0.3,16,49.6,14.879999999999999,34.72,14,14,0.0,0.0,9,9,0.0,0.0,0.3,0.3,9,9,0.0,0.0,0.0,0.0,
S114,sobol_symmetric,,scrambled_sobol,0.8,0.7,64,51.2,35.839999999999996,15.360000000000003,28,28,0.3,0.3,6,6,0.5,0.5,0.7,0.7,4,4,0.3,0.3,0.5,0.5,
S115,sobol_symmetric,,scrambled_sobol,2.0,0.3,16,32.0,9.6,22.4,7,7,0.5,0.5,4,4,0.1,0.1,0.3,0.3,4,4,0.5,0.5,0.5,0.5,
S116,sobol_symmetric,,scrambled_sobol,4.0,0.7,32,128.0,89.6,38.400000000000006,21,21,0.1,0.1,12,12,0.3,0.3,0.3,0.3,12,12,0.0,0.0,0.5,0.5,
S117,sobol_symmetric,,scrambled_sobol,4.0,0.5,64,256.0,128.0,128.0,21,21,0.1,0.1,9,9,0.0,0.0,0.5,0.5,6,6,0.7,0.7,0.7,0.7,
S118,sobol_symmetric,,scrambled_sobol,1.25,0.5,16,20.0,10.0,10.0,7,7,0.5,0.5,4,4,0.1,0.1,0.5,0.5,4,4,0.0,0.0,0.7,0.7,
S119,sobol_symmetric,,scrambled_sobol,0.8,0.1,32,25.6,2.5600000000000005,23.040000000000003,28,28,0.3,0.3,4,4,0.0,0.0,0.0,0.0,9,9,0.0,0.0,0.3,0.3,
S120,sobol_symmetric,,scrambled_sobol,2.0,0.9,32,64.0,57.6,6.399999999999999,14,14,0.0,0.0,12,12,0.5,0.5,0.5,0.5,4,4,0.3,0.3,0.7,0.7,
S121,sobol_symmetric,,scrambled_sobol,3.1,0.3,32,99.2,29.759999999999998,69.44,7,7,0.3,0.3,4,4,0.1,0.1,0.1,0.1,4,4,0.5,0.5,0.7,0.7,
S122,sobol_symmetric,,scrambled_sobol,0.8,0.7,32,25.6,17.919999999999998,7.6800000000000015,21,21,0.0,0.0,4,4,0.1,0.1,0.7,0.7,12,12,0.3,0.3,0.3,0.3,
S123,sobol_symmetric,,scrambled_sobol,1.25,0.1,64,80.0,8.0,72.0,14,14,0.1,0.1,6,6,0.0,0.0,0.1,0.1,9,9,0.0,0.0,0.1,0.1,
S124,sobol_symmetric,,scrambled_sobol,3.1,0.9,16,49.6,44.64,4.959999999999999,28,28,0.5,0.5,9,9,0.5,0.5,0.5,0.5,4,4,0.5,0.5,0.5,0.5,
S125,sobol_symmetric,,scrambled_sobol,4.0,0.1,32,128.0,12.8,115.2,28,28,0.5,0.5,12,12,0.0,0.0,0.5,0.5,9,9,0.0,0.0,0.1,0.1,
S126,sobol_symmetric,,scrambled_sobol,2.0,0.9,64,128.0,115.2,12.799999999999997,14,14,0.1,0.1,4,4,0.7,0.7,0.7,0.7,4,4,0.3,0.3,0.3,0.3,
S127,sobol_symmetric,,scrambled_sobol,1.25,0.3,16,20.0,6.0,14.0,21,21,0.0,0.0,6,6,0.1,0.1,0.3,0.3,6,6,0.5,0.5,0.7,0.7,
S128,sobol_symmetric,,scrambled_sobol,3.1,0.5,64,198.4,99.2,99.2,7,7,0.3,0.3,4,4,0.3,0.3,0.5,0.5,4,4,0.0,0.0,0.3,0.3,
S129,sobol_symmetric,,scrambled_sobol,3.1,0.3,32,99.2,29.759999999999998,69.44,21,21,0.0,0.0,4,4,0.0,0.0,0.1,0.1,12,12,0.0,0.0,0.3,0.3,
S130,sobol_symmetric,,scrambled_sobol,1.25,0.7,64,80.0,56.0,24.000000000000004,7,7,0.3,0.3,4,4,0.5,0.5,0.5,0.5,4,4,0.3,0.3,0.7,0.7,
S131,sobol_symmetric,,scrambled_sobol,2.0,0.3,16,32.0,9.6,22.4,28,28,0.5,0.5,9,9,0.1,0.1,0.1,0.1,4,4,0.7,0.7,0.7,0.7,
S132,sobol_symmetric,,scrambled_sobol,4.0,0.7,64,256.0,179.2,76.80000000000001,14,14,0.1,0.1,6,6,0.1,0.1,0.7,0.7,9,9,0.0,0.0,0.7,0.7,
S133,sobol_symmetric,,scrambled_sobol,3.1,0.5,32,99.2,49.6,49.6,14,14,0.1,0.1,4,4,0.1,0.1,0.3,0.3,4,4,0.5,0.5,0.5,0.5,
S134,sobol_symmetric,,scrambled_sobol,1.25,0.5,32,40.0,20.0,20.0,28,28,0.5,0.5,12,12,0.3,0.3,0.5,0.5,9,9,0.0,0.0,0.5,0.5,
S135,sobol_symmetric,,scrambled_sobol,0.8,0.1,64,51.2,5.120000000000001,46.080000000000005,7,7,0.3,0.3,4,4,0.0,0.0,0.5,0.5,4,4,0.0,0.0,0.0,0.0,
S136,sobol_symmetric,,scrambled_sobol,3.1,0.9,16,49.6,44.64,4.959999999999999,21,21,0.0,0.0,6,6,0.7,0.7,0.7,0.7,6,6,0.3,0.3,0.5,0.5,
S137,sobol_symmetric,,scrambled_sobol,2.0,0.3,64,128.0,38.4,89.6,28,28,0.3,0.3,6,6,0.1,0.1,0.1,0.1,4,4,0.5,0.5,0.7,0.7,
S138,sobol_symmetric,,scrambled_sobol,0.8,0.7,16,12.8,8.959999999999999,3.8400000000000007,14,14,0.0,0.0,9,9,0.3,0.3,0.3,0.3,9,9,0.0,0.0,0.3,0.3,
S139,sobol_symmetric,,scrambled_sobol,1.25,0.1,32,40.0,4.0,36.0,21,21,0.1,0.1,12,12,0.0,0.0,0.3,0.3,12,12,0.0,0.0,0.1,0.1,
S140,sobol_symmetric,,scrambled_sobol,4.0,0.9,32,128.0,115.2,12.799999999999997,7,7,0.5,0.5,4,4,0.5,0.5,0.7,0.7,4,4,0.3,0.3,0.3,0.3,
S141,sobol_symmetric,,scrambled_sobol,4.0,0.1,16,64.0,6.4,57.6,7,7,0.5,0.5,4,4,0.0,0.0,0.0,0.0,4,4,0.0,0.0,0.1,0.1,
S142,sobol_symmetric,,scrambled_sobol,2.0,0.9,64,128.0,115.2,12.799999999999997,21,21,0.1,0.1,9,9,0.3,0.3,0.7,0.7,6,6,0.3,0.3,0.7,0.7,
S143,sobol_symmetric,,scrambled_sobol,0.8,0.5,16,12.8,6.4,6.4,14,14,0.0,0.0,12,12,0.0,0.0,0.5,0.5,4,4,0.5,0.5,0.7,0.7,
S144,sobol_symmetric,,scrambled_sobol,3.1,0.5,32,99.2,49.6,49.6,28,28,0.3,0.3,4,4,0.1,0.1,0.5,0.5,9,9,0.3,0.3,0.3,0.3,
S145,sobol_symmetric,,scrambled_sobol,3.1,0.3,16,49.6,14.879999999999999,34.72,7,7,0.1,0.1,4,4,0.5,0.5,0.5,0.5,4,4,0.0,0.0,0.5,0.5,
S146,sobol_symmetric,,scrambled_sobol,0.8,0.5,64,51.2,25.6,25.6,21,21,0.5,0.5,6,6,0.0,0.0,0.1,0.1,9,9,0.5,0.5,0.7,0.7,
S147,sobol_symmetric,,scrambled_sobol,2.0,0.1,32,64.0,6.4,57.6,14,14,0.3,0.3,4,4,0.3,0.3,0.3,0.3,12,12,0.3,0.3,0.5,0.5,
S148,sobol_symmetric,,scrambled_sobol,4.0,0.9,32,128.0,115.2,12.799999999999997,28,28,0.0,0.0,12,12,0.1,0.1,0.1,0.1,6,6,0.0,0.0,0.0,0.0,
S149,sobol_symmetric,,scrambled_sobol,4.0,0.1,64,256.0,25.6,230.4,28,28,0.0,0.0,9,9,0.3,0.3,0.5,0.5,12,12,0.3,0.3,0.7,0.7,
S150,sobol_symmetric,,scrambled_sobol,1.25,0.9,16,20.0,18.0,1.9999999999999996,14,14,0.3,0.3,6,6,0.1,0.1,0.5,0.5,6,6,0.0,0.0,0.1,0.1,
S151,sobol_symmetric,,scrambled_sobol,0.8,0.3,64,51.2,15.36,35.839999999999996,21,21,0.5,0.5,4,4,0.7,0.7,0.7,0.7,4,4,0.3,0.3,0.3,0.3,
S152,sobol_symmetric,,scrambled_sobol,2.0,0.7,16,32.0,22.4,9.600000000000001,7,7,0.1,0.1,4,4,0.0,0.0,0.5,0.5,4,4,0.7,0.7,0.7,0.7,
S153,sobol_symmetric,,scrambled_sobol,2.0,0.1,64,128.0,12.8,115.2,14,14,0.5,0.5,12,12,0.3,0.3,0.5,0.5,12,12,0.3,0.3,0.7,0.7,
S154,sobol_symmetric,,scrambled_sobol,0.8,0.9,32,25.6,23.040000000000003,2.5599999999999996,28,28,0.1,0.1,4,4,0.1,0.1,0.3,0.3,6,6,0.0,0.0,0.3,0.3,
S155,sobol_symmetric,,scrambled_sobol,1.25,0.5,64,80.0,40.0,40.0,7,7,0.0,0.0,4,4,0.5,0.5,0.7,0.7,4,4,0.0,0.0,0.7,0.7,
S156,sobol_symmetric,,scrambled_sobol,3.1,0.5,16,49.6,24.8,24.8,21,21,0.3,0.3,9,9,0.0,0.0,0.1,0.1,9,9,0.7,0.7,0.7,0.7,
S157,sobol_symmetric,,scrambled_sobol,4.0,0.3,32,128.0,38.4,89.6,21,21,0.3,0.3,12,12,0.3,0.3,0.7,0.7,4,4,0.0,0.0,0.7,0.7,
S158,sobol_symmetric,,scrambled_sobol,1.25,0.7,32,40.0,28.0,12.000000000000002,7,7,0.0,0.0,4,4,0.0,0.0,0.0,0.0,4,4,0.5,0.5,0.5,0.5,
S159,sobol_symmetric,,scrambled_sobol,0.8,0.3,16,12.8,3.84,8.959999999999999,28,28,0.1,0.1,6,6,0.1,0.1,0.5,0.5,12,12,0.3,0.3,0.5,0.5,
S160,sobol_symmetric,,scrambled_sobol,3.1,0.7,64,198.4,138.88,59.52000000000001,14,14,0.5,0.5,9,9,0.0,0.0,0.7,0.7,6,6,0.0,0.0,0.0,0.0,
S161,sobol_symmetric,,scrambled_sobol,3.1,0.3,32,99.2,29.759999999999998,69.44,7,7,0.0,0.0,4,4,0.3,0.3,0.3,0.3,4,4,0.5,0.5,0.7,0.7,
S162,sobol_symmetric,,scrambled_sobol,1.25,0.7,32,40.0,28.0,12.000000000000002,21,21,0.3,0.3,6,6,0.1,0.1,0.1,0.1,12,12,0.0,0.0,0.5,0.5,
S163,sobol_symmetric,,scrambled_sobol,2.0,0.3,64,128.0,38.4,89.6,14,14,0.5,0.5,4,4,0.5,0.5,0.5,0.5,9,9,0.0,0.0,0.0,0.0,
S164,sobol_symmetric,,scrambled_sobol,4.0,0.7,16,64.0,44.8,19.200000000000003,28,28,0.1,0.1,12,12,0.0,0.0,0.1,0.1,4,4,0.3,0.3,0.3,0.3,
S165,sobol_symmetric,,scrambled_sobol,3.1,0.1,16,49.6,4.960000000000001,44.64,28,28,0.1,0.1,9,9,0.7,0.7,0.7,0.7,9,9,0.0,0.0,0.1,0.1,
S166,sobol_symmetric,,scrambled_sobol,1.25,0.9,32,40.0,36.0,3.999999999999999,14,14,0.5,0.5,6,6,0.0,0.0,0.5,0.5,4,4,0.3,0.3,0.7,0.7,
S167,sobol_symmetric,,scrambled_sobol,0.8,0.5,16,12.8,6.4,6.4,21,21,0.3,0.3,4,4,0.3,0.3,0.7,0.7,6,6,0.7,0.7,0.7,0.7,
S168,sobol_symmetric,,scrambled_sobol,2.0,0.5,64,128.0,64.0,64.0,7,7,0.0,0.0,4,4,0.1,0.1,0.5,0.5,4,4,0.0,0.0,0.7,0.7,
S169,sobol_symmetric,,scrambled_sobol,2.0,0.1,16,32.0,3.2,28.8,14,14,0.3,0.3,12,12,0.5,0.5,0.7,0.7,9,9,0.0,0.0,0.3,0.3,
S170,sobol_symmetric,,scrambled_sobol,0.8,0.9,64,51.2,46.080000000000005,5.119999999999999,28,28,0.0,0.0,4,4,0.0,0.0,0.3,0.3,4,4,0.3,0.3,0.5,0.5,
S171,sobol_symmetric,,scrambled_sobol,1.25,0.3,32,40.0,12.0,28.0,7,7,0.1,0.1,4,4,0.3,0.3,0.3,0.3,4,4,0.7,0.7,0.7,0.7,
S172,sobol_symmetric,,scrambled_sobol,4.0,0.7,64,256.0,179.2,76.80000000000001,21,21,0.5,0.5,9,9,0.1,0.1,0.3,0.3,12,12,0.0,0.0,0.7,0.7,
S173,sobol_symmetric,,scrambled_sobol,4.0,0.5,64,256.0,128.0,128.0,21,21,0.5,0.5,12,12,0.1,0.1,0.7,0.7,6,6,0.5,0.5,0.5,0.5,
S174,sobol_symmetric,,scrambled_sobol,2.0,0.7,16,32.0,22.4,9.600000000000001,7,7,0.1,0.1,4,4,0.0,0.0,0.7,0.7,4,4,0.0,0.0,0.5,0.5,
S175,sobol_symmetric,,scrambled_sobol,0.8,0.1,32,25.6,2.5600000000000005,23.040000000000003,28,28,0.0,0.0,6,6,0.3,0.3,0.7,0.7,9,9,0.0,0.0,0.0,0.0,
S176,sobol_symmetric,,scrambled_sobol,3.1,0.9,32,99.2,89.28,9.919999999999998,14,14,0.3,0.3,9,9,0.0,0.0,0.0,0.0,4,4,0.3,0.3,0.5,0.5,
S177,sobol_symmetric,,scrambled_sobol,3.1,0.1,64,198.4,19.840000000000003,178.56,21,21,0.1,0.1,4,4,0.0,0.0,0.7,0.7,9,9,0.3,0.3,0.7,0.7,
S178,sobol_symmetric,,scrambled_sobol,0.8,0.9,16,12.8,11.520000000000001,1.2799999999999998,7,7,0.5,0.5,4,4,0.1,0.1,0.7,0.7,4,4,0.0,0.0,0.3,0.3,
S179,sobol_symmetric,,scrambled_sobol,2.0,0.5,64,128.0,64.0,64.0,28,28,0.3,0.3,9,9,0.0,0.0,0.1,0.1,6,6,0.0,0.0,0.7,0.7,
S180,sobol_symmetric,,scrambled_sobol,4.0,0.5,16,64.0,32.0,32.0,14,14,0.0,0.0,6,6,0.5,0.5,0.7,0.7,12,12,0.7,0.7,0.7,0.7,
S181,sobol_symmetric,,scrambled_sobol,4.0,0.3,16,64.0,19.2,44.8,14,14,0.0,0.0,4,4,0.0,0.0,0.5,0.5,6,6,0.0,0.0,0.5,0.5,
S182,sobol_symmetric,,scrambled_sobol,1.25,0.7,64,80.0,56.0,24.000000000000004,28,28,0.3,0.3,12,12,0.7,0.7,0.7,0.7,12,12,0.5,0.5,0.5,0.5,
S183,sobol_symmetric,,scrambled_sobol,0.8,0.1,32,25.6,2.5600000000000005,23.040000000000003,7,7,0.5,0.5,4,4,0.1,0.1,0.5,0.5,4,4,0.3,0.3,0.5,0.5,
S184,sobol_symmetric,,scrambled_sobol,2.0,0.9,32,64.0,57.6,6.399999999999999,21,21,0.1,0.1,6,6,0.3,0.3,0.5,0.5,4,4,0.0,0.0,0.0,0.0,
S185,sobol_symmetric,,scrambled_sobol,3.1,0.5,32,99.2,49.6,49.6,28,28,0.5,0.5,6,6,0.0,0.0,0.3,0.3,6,6,0.0,0.0,0.3,0.3,
S186,sobol_symmetric,,scrambled_sobol,0.8,0.5,32,25.6,12.8,12.8,14,14,0.1,0.1,9,9,0.5,0.5,0.7,0.7,12,12,0.5,0.5,0.7,0.7,
S187,sobol_symmetric,,scrambled_sobol,1.25,0.1,16,20.0,2.0,18.0,21,21,0.0,0.0,12,12,0.1,0.1,0.1,0.1,9,9,0.3,0.3,0.3,0.3,
S188,sobol_symmetric,,scrambled_sobol,3.1,0.9,64,198.4,178.56,19.839999999999996,7,7,0.3,0.3,4,4,0.3,0.3,0.3,0.3,4,4,0.0,0.0,0.1,0.1,
S189,sobol_symmetric,,scrambled_sobol,4.0,0.3,64,256.0,76.8,179.2,7,7,0.3,0.3,4,4,0.0,0.0,0.7,0.7,4,4,0.5,0.5,0.5,0.5,
S190,sobol_symmetric,,scrambled_sobol,2.0,0.7,16,32.0,22.4,9.600000000000001,21,21,0.0,0.0,9,9,0.1,0.1,0.5,0.5,4,4,0.0,0.0,0.1,0.1,
S191,sobol_symmetric,,scrambled_sobol,1.25,0.3,64,80.0,24.0,56.0,14,14,0.1,0.1,12,12,0.0,0.0,0.0,0.0,6,6,0.3,0.3,0.3,0.3,
S192,sobol_symmetric,,scrambled_sobol,3.1,0.7,16,49.6,34.72,14.880000000000003,28,28,0.5,0.5,4,4,0.3,0.3,0.7,0.7,12,12,0.5,0.5,0.7,0.7,
S193,sobol_symmetric,,scrambled_sobol,3.1,0.5,64,198.4,99.2,99.2,14,14,0.3,0.3,6,6,0.7,0.7,0.7,0.7,12,12,0.3,0.3,0.3,0.3,
S194,sobol_symmetric,,scrambled_sobol,1.25,0.5,16,20.0,10.0,10.0,28,28,0.0,0.0,9,9,0.0,0.0,0.5,0.5,6,6,0.0,0.0,0.0,0.0,
S195,sobol_symmetric,,scrambled_sobol,2.0,0.1,32,64.0,6.4,57.6,7,7,0.1,0.1,4,4,0.3,0.3,0.5,0.5,4,4,0.0,0.0,0.5,0.5,
S196,sobol_symmetric,,scrambled_sobol,4.0,0.9,16,64.0,57.6,6.399999999999999,21,21,0.5,0.5,4,4,0.1,0.1,0.5,0.5,9,9,0.5,0.5,0.5,0.5,
S197,sobol_symmetric,,scrambled_sobol,4.0,0.3,16,64.0,19.2,44.8,21,21,0.5,0.5,6,6,0.3,0.3,0.3,0.3,4,4,0.0,0.0,0.7,0.7,
S198,sobol_symmetric,,scrambled_sobol,1.25,0.9,64,80.0,72.0,7.999999999999998,7,7,0.1,0.1,4,4,0.1,0.1,0.1,0.1,4,4,0.7,0.7,0.7,0.7,
S199,sobol_symmetric,,scrambled_sobol,0.8,0.3,32,25.6,7.68,17.919999999999998,28,28,0.0,0.0,12,12,0.5,0.5,0.5,0.5,12,12,0.3,0.3,0.7,0.7,
S200,sobol_symmetric,,scrambled_sobol,3.1,0.7,32,99.2,69.44,29.760000000000005,14,14,0.3,0.3,4,4,0.0,0.0,0.1,0.1,6,6,0.0,0.0,0.1,0.1,
S201,sobol_symmetric,,scrambled_sobol,2.0,0.1,32,64.0,6.4,57.6,7,7,0.0,0.0,4,4,0.1,0.1,0.7,0.7,4,4,0.0,0.0,0.7,0.7,
S202,sobol_symmetric,,scrambled_sobol,0.8,0.9,32,25.6,23.040000000000003,2.5599999999999996,21,21,0.3,0.3,12,12,0.0,0.0,0.7,0.7,9,9,0.7,0.7,0.7,0.7,
S203,sobol_symmetric,,scrambled_sobol,1.25,0.5,16,20.0,10.0,10.0,14,14,0.5,0.5,9,9,0.3,0.3,0.7,0.7,12,12,0.3,0.3,0.5,0.5,
S204,sobol_symmetric,,scrambled_sobol,4.0,0.7,64,256.0,179.2,76.80000000000001,28,28,0.1,0.1,6,6,0.0,0.0,0.0,0.0,6,6,0.0,0.0,0.3,0.3,
S205,sobol_symmetric,,scrambled_sobol,4.0,0.3,64,256.0,76.8,179.2,28,28,0.1,0.1,4,4,0.5,0.5,0.7,0.7,12,12,0.3,0.3,0.5,0.5,
S206,sobol_symmetric,,scrambled_sobol,2.0,0.7,32,64.0,44.8,19.200000000000003,14,14,0.5,0.5,12,12,0.0,0.0,0.3,0.3,6,6,0.0,0.0,0.0,0.0,
S207,sobol_symmetric,,scrambled_sobol,0.8,0.1,64,51.2,5.120000000000001,46.080000000000005,21,21,0.3,0.3,9,9,0.3,0.3,0.5,0.5,4,4,0.0,0.0,0.5,0.5,
S208,sobol_symmetric,,scrambled_sobol,3.1,0.9,16,49.6,44.64,4.959999999999999,7,7,0.0,0.0,4,4,0.1,0.1,0.3,0.3,4,4,0.5,0.5,0.5,0.5,
S209,sobol_symmetric,,scrambled_sobol,3.1,0.1,32,99.2,9.920000000000002,89.28,28,28,0.5,0.5,12,12,0.0,0.0,0.5,0.5,4,4,0.7,0.7,0.7,0.7,
S210,sobol_symmetric,,scrambled_sobol,0.8,0.9,32,25.6,23.040000000000003,2.5599999999999996,14,14,0.1,0.1,4,4,0.7,0.7,0.7,0.7,9,9,0.0,0.0,0.7,0.7,
S211,sobol_symmetric,,scrambled_sobol,2.0,0.3,64,128.0,38.4,89.6,21,21,0.0,0.0,6,6,0.1,0.1,0.3,0.3,12,12,0.0,0.0,0.3,0.3,
S212,sobol_symmetric,,scrambled_sobol,4.0,0.7,16,64.0,44.8,19.200000000000003,7,7,0.3,0.3,4,4,0.3,0.3,0.5,0.5,4,4,0.3,0.3,0.7,0.7,
S213,sobol_symmetric,,scrambled_sobol,4.0,0.3,32,128.0,38.4,89.6,7,7,0.3,0.3,4,4,0.1,0.1,0.1,0.1,4,4,0.0,0.0,0.0,0.0,
S214,sobol_symmetric,,scrambled_sobol,1.25,0.5,64,80.0,40.0,40.0,21,21,0.0,0.0,4,4,0.1,0.1,0.7,0.7,6,6,0.3,0.3,0.5,0.5,
S215,sobol_symmetric,,scrambled_sobol,0.8,0.1,16,12.8,1.2800000000000002,11.520000000000001,14,14,0.1,0.1,6,6,0.0,0.0,0.1,0.1,4,4,0.5,0.5,0.5,0.5,
S216,sobol_symmetric,,scrambled_sobol,2.0,0.9,64,128.0,115.2,12.799999999999997,28,28,0.5,0.5,9,9,0.5,0.5,0.5,0.5,9,9,0.0,0.0,0.5,0.5,
S217,sobol_symmetric,,scrambled_sobol,2.0,0.3,16,32.0,9.6,22.4,21,21,0.1,0.1,9,9,0.0,0.0,0.5,0.5,12,12,0.0,0.0,0.1,0.1,
S218,sobol_symmetric,,scrambled_sobol,0.8,0.7,64,51.2,35.839999999999996,15.360000000000003,7,7,0.5,0.5,4,4,0.1,0.1,0.5,0.5,4,4,0.3,0.3,0.3,0.3,
S219,sobol_symmetric,,scrambled_sobol,1.25,0.3,16,20.0,6.0,14.0,28,28,0.3,0.3,4,4,0.0,0.0,0.0,0.0,4,4,0.5,0.5,0.7,0.7,
S220,sobol_symmetric,,scrambled_sobol,3.1,0.7,64,198.4,138.88,59.52000000000001,14,14,0.0,0.0,12,12,0.5,0.5,0.5,0.5,9,9,0.0,0.0,0.5,0.5,
S221,sobol_symmetric,,scrambled_sobol,4.0,0.1,64,256.0,25.6,230.4,14,14,0.0,0.0,9,9,0.0,0.0,0.3,0.3,4,4,0.5,0.5,0.7,0.7,
S222,sobol_symmetric,,scrambled_sobol,1.25,0.9,16,20.0,18.0,1.9999999999999996,28,28,0.3,0.3,6,6,0.5,0.5,0.7,0.7,9,9,0.3,0.3,0.3,0.3,
S223,sobol_symmetric,,scrambled_sobol,1.25,0.5,32,40.0,20.0,20.0,7,7,0.5,0.5,4,4,0.1,0.1,0.3,0.3,4,4,0.0,0.0,0.1,0.1,
S224,sobol_symmetric,,scrambled_sobol,3.1,0.5,32,99.2,49.6,49.6,21,21,0.1,0.1,12,12,0.3,0.3,0.3,0.3,6,6,0.5,0.5,0.5,0.5,
X001,asymmetric_stress,S157,sparse_asymmetry_2_dimension,4.0,0.3,32,128.0,38.4,89.6,21,21,0.1,0.3,12,12,0.3,0.3,0.7,0.7,12,4,0.0,0.0,0.7,0.7,class1:noshow_threshold;class1:cancel
X002,asymmetric_stress,S214,sparse_asymmetry_1_dimension,1.25,0.5,64,80.0,40.0,40.0,21,21,0.0,0.0,4,4,0.1,0.1,0.7,0.7,4,6,0.3,0.3,0.5,0.5,class1:noshow_threshold
X003,asymmetric_stress,S063,sparse_asymmetry_2_dimension,1.25,0.1,32,40.0,4.0,36.0,14,14,0.3,0.0,4,9,0.3,0.3,0.3,0.3,6,6,0.0,0.0,0.7,0.7,class2:balk_threshold;class2:cancel
X004,asymmetric_stress,S139,sparse_asymmetry_1_dimension,1.25,0.1,32,40.0,4.0,36.0,21,21,0.1,0.1,12,12,0.0,0.0,0.3,0.0,12,12,0.0,0.0,0.1,0.1,class2:balk_high
X005,asymmetric_stress,A025,sparse_asymmetry_2_dimension,4.0,0.5,32,128.0,64.0,64.0,21,28,0.1,0.1,4,4,0.1,0.0,0.7,0.7,4,4,0.0,0.0,0.7,0.7,class1:horizon;class1:balk_low
X006,asymmetric_stress,S195,sparse_asymmetry_1_dimension,2.0,0.1,32,64.0,6.4,57.6,7,21,0.1,0.1,4,4,0.3,0.3,0.5,0.5,4,4,0.0,0.0,0.5,0.5,class2:horizon
X007,asymmetric_stress,S094,sparse_asymmetry_2_dimension,2.0,0.5,32,64.0,32.0,32.0,14,28,0.1,0.1,9,9,0.1,0.1,0.5,0.5,9,9,0.0,0.0,0.5,0.7,class1:horizon;class1:noshow_high
X008,asymmetric_stress,A011,sparse_asymmetry_1_dimension,3.1,0.1,32,99.2,9.920000000000002,89.28,14,14,0.1,0.1,9,9,0.0,0.0,0.5,0.5,6,6,0.0,0.3,0.3,0.3,class2:noshow_low
X009,asymmetric_stress,S071,sparse_asymmetry_1_dimension,0.8,0.1,16,12.8,1.2800000000000002,11.520000000000001,28,28,0.1,0.5,4,4,0.0,0.0,0.7,0.7,12,12,0.3,0.3,0.7,0.7,class1:cancel
X010,asymmetric_stress,S049,sparse_asymmetry_1_dimension,3.1,0.5,64,198.4,99.2,99.2,21,21,0.3,0.3,12,12,0.3,0.3,0.7,0.3,9,9,0.3,0.3,0.7,0.7,class2:balk_high
X011,asymmetric_stress,S018,sparse_asymmetry_1_dimension,0.8,0.9,32,25.6,23.040000000000003,2.5599999999999996,21,21,0.0,0.0,9,9,0.1,0.1,0.5,0.5,9,9,0.5,0.5,0.5,0.7,class2:noshow_high
X012,asymmetric_stress,S121,sparse_asymmetry_1_dimension,3.1,0.3,32,99.2,29.759999999999998,69.44,7,7,0.3,0.3,4,4,0.1,0.1,0.1,0.7,4,4,0.5,0.5,0.7,0.7,class2:balk_high
X013,asymmetric_stress,S087,sparse_asymmetry_2_dimension,0.8,0.5,32,25.6,12.8,12.8,14,21,0.3,0.3,9,9,0.1,0.1,0.7,0.1,4,4,0.5,0.5,0.7,0.7,class2:balk_high;class2:horizon
X014,asymmetric_stress,S104,sparse_asymmetry_2_dimension,2.0,0.7,16,32.0,22.4,9.600000000000001,21,28,0.1,0.1,6,9,0.0,0.0,0.0,0.0,12,12,0.5,0.5,0.7,0.7,class1:horizon;class2:balk_threshold
X015,asymmetric_stress,S203,sparse_asymmetry_2_dimension,1.25,0.5,16,20.0,10.0,10.0,14,14,0.5,0.5,9,9,0.3,0.3,0.3,0.7,12,12,0.3,0.5,0.5,0.5,class2:noshow_low;class1:balk_high
X016,asymmetric_stress,S219,sparse_asymmetry_2_dimension,1.25,0.3,16,20.0,6.0,14.0,28,28,0.3,0.3,6,4,0.0,0.0,0.0,0.0,4,6,0.5,0.5,0.7,0.7,class1:balk_threshold;class2:noshow_threshold
X017,asymmetric_stress,A008,sparse_asymmetry_2_dimension,2.0,0.5,32,64.0,32.0,32.0,14,14,0.1,0.1,9,12,0.0,0.3,0.5,0.5,6,6,0.0,0.0,0.3,0.3,class2:balk_threshold;class2:balk_low
X018,asymmetric_stress,S030,sparse_asymmetry_1_dimension,1.25,0.9,64,80.0,72.0,7.999999999999998,7,7,0.5,0.5,4,4,0.1,0.1,0.7,0.7,4,4,0.5,0.7,0.7,0.7,class2:noshow_low
X019,asymmetric_stress,S123,sparse_asymmetry_1_dimension,1.25,0.1,64,80.0,8.0,72.0,14,14,0.1,0.3,6,6,0.0,0.0,0.1,0.1,9,9,0.0,0.0,0.1,0.1,class2:cancel
X020,asymmetric_stress,S125,sparse_asymmetry_1_dimension,4.0,0.1,32,128.0,12.8,115.2,28,28,0.5,0.5,12,12,0.0,0.3,0.5,0.5,9,9,0.0,0.0,0.1,0.1,class2:balk_low
X021,asymmetric_stress,S096,sparse_asymmetry_2_dimension,3.1,0.9,16,49.6,44.64,4.959999999999999,28,21,0.3,0.3,4,4,0.0,0.0,0.3,0.3,6,6,0.3,0.3,0.7,0.3,class2:noshow_high;class1:horizon
X022,asymmetric_stress,S007,sparse_asymmetry_2_dimension,0.8,0.5,32,25.6,12.8,12.8,7,7,0.1,0.1,4,4,0.3,0.5,0.5,0.5,4,4,0.0,0.0,0.0,0.7,class2:balk_low;class2:noshow_high
X023,asymmetric_stress,S028,sparse_asymmetry_1_dimension,3.1,0.9,32,99.2,89.28,9.919999999999998,21,21,0.1,0.1,4,6,0.3,0.3,0.5,0.5,9,9,0.5,0.5,0.7,0.7,class1:balk_threshold
X024,asymmetric_stress,S186,sparse_asymmetry_1_dimension,0.8,0.5,32,25.6,12.8,12.8,14,14,0.1,0.1,9,9,0.5,0.5,0.7,0.7,12,12,0.5,0.5,0.7,0.5,class2:noshow_high
X025,asymmetric_stress,S075,sparse_asymmetry_3_dimension,1.25,0.1,32,40.0,4.0,36.0,14,21,0.0,0.0,4,6,0.0,0.0,0.7,0.7,12,12,0.5,0.3,0.5,0.5,class1:balk_threshold;class2:horizon;class2:noshow_low
X026,asymmetric_stress,S032,sparse_asymmetry_1_dimension,3.1,0.7,32,99.2,69.44,29.760000000000005,28,14,0.0,0.0,6,6,0.5,0.5,0.7,0.7,6,6,0.0,0.0,0.1,0.1,class1:horizon
X027,asymmetric_stress,S084,sparse_asymmetry_1_dimension,4.0,0.7,32,128.0,89.6,38.400000000000006,21,7,0.1,0.1,4,4,0.0,0.0,0.3,0.3,4,4,0.3,0.3,0.7,0.7,class1:horizon
X028,asymmetric_stress,S016,sparse_asymmetry_3_dimension,3.1,0.9,64,198.4,178.56,19.839999999999996,28,14,0.1,0.1,12,12,0.0,0.1,0.1,0.1,9,9,0.0,0.0,0.1,0.7,class2:horizon;class2:balk_low;class1:noshow_high
X029,asymmetric_stress,S161,sparse_asymmetry_1_dimension,3.1,0.3,32,99.2,29.759999999999998,69.44,7,7,0.0,0.0,4,4,0.3,0.0,0.3,0.3,4,4,0.5,0.5,0.7,0.7,class2:balk_low
X030,asymmetric_stress,A015,sparse_asymmetry_1_dimension,4.0,0.9,64,256.0,230.4,25.599999999999994,14,14,0.1,0.1,9,9,0.0,0.0,0.5,0.5,6,6,0.3,0.0,0.3,0.3,class1:noshow_low
X031,asymmetric_stress,S031,sparse_asymmetry_1_dimension,1.25,0.3,32,40.0,12.0,28.0,28,28,0.3,0.3,9,9,0.0,0.0,0.1,0.7,12,12,0.3,0.3,0.3,0.3,class2:balk_high
X032,asymmetric_stress,S098,sparse_asymmetry_1_dimension,0.8,0.7,32,25.6,17.919999999999998,7.6800000000000015,14,14,0.5,0.5,12,12,0.0,0.0,0.3,0.3,12,12,0.5,0.5,0.5,0.7,class1:noshow_high
X033,asymmetric_stress,S191,sparse_asymmetry_1_dimension,1.25,0.3,64,80.0,24.0,56.0,14,14,0.1,0.1,12,12,0.0,0.0,0.0,0.0,6,6,0.3,0.3,0.7,0.3,class1:noshow_high
X034,asymmetric_stress,S006,sparse_asymmetry_2_dimension,1.25,0.9,16,20.0,18.0,1.9999999999999996,28,28,0.0,0.0,4,4,0.0,0.0,0.3,0.3,6,9,0.0,0.5,0.5,0.5,class2:noshow_low;class1:noshow_threshold
X035,asymmetric_stress,S071,sparse_asymmetry_2_dimension,0.8,0.1,16,12.8,1.2800000000000002,11.520000000000001,28,28,0.5,0.5,4,4,0.0,0.0,0.7,0.3,6,12,0.3,0.3,0.7,0.7,class1:noshow_threshold;class2:balk_high
X036,asymmetric_stress,A015,sparse_asymmetry_1_dimension,4.0,0.9,64,256.0,230.4,25.599999999999994,14,14,0.1,0.1,9,9,0.0,0.0,0.5,0.7,6,6,0.0,0.0,0.3,0.3,class2:balk_high
X037,asymmetric_stress,S005,sparse_asymmetry_1_dimension,3.1,0.1,64,198.4,19.840000000000003,178.56,14,14,0.3,0.3,12,12,0.5,0.5,0.7,0.7,4,4,0.5,0.5,0.7,0.5,class2:noshow_high
X038,asymmetric_stress,A021,sparse_asymmetry_2_dimension,0.8,0.1,64,51.2,5.120000000000001,46.080000000000005,28,28,0.1,0.5,6,12,0.0,0.0,0.1,0.1,12,12,0.0,0.0,0.1,0.1,class1:balk_threshold;class2:cancel
X039,asymmetric_stress,S031,sparse_asymmetry_1_dimension,1.25,0.3,32,40.0,12.0,28.0,28,28,0.3,0.3,9,9,0.0,0.1,0.1,0.1,12,12,0.3,0.3,0.3,0.3,class2:balk_low
X040,asymmetric_stress,S224,sparse_asymmetry_1_dimension,3.1,0.5,32,99.2,49.6,49.6,14,21,0.1,0.1,12,12,0.3,0.3,0.3,0.3,6,6,0.5,0.5,0.5,0.5,class1:horizon
X041,asymmetric_stress,S170,sparse_asymmetry_2_dimension,0.8,0.9,64,51.2,46.080000000000005,5.119999999999999,28,28,0.0,0.0,4,4,0.0,0.0,0.3,0.3,4,12,0.3,0.3,0.3,0.5,class1:noshow_high;class2:noshow_threshold
X042,asymmetric_stress,S167,sparse_asymmetry_2_dimension,0.8,0.5,16,12.8,6.4,6.4,21,21,0.3,0.3,4,9,0.3,0.3,0.7,0.7,9,6,0.7,0.7,0.7,0.7,class2:balk_threshold;class1:noshow_threshold
X043,asymmetric_stress,S122,sparse_asymmetry_1_dimension,0.8,0.7,32,25.6,17.919999999999998,7.6800000000000015,21,21,0.0,0.0,4,4,0.5,0.1,0.7,0.7,12,12,0.3,0.3,0.3,0.3,class1:balk_low
X044,asymmetric_stress,S069,sparse_asymmetry_2_dimension,4.0,0.3,32,128.0,38.4,89.6,28,21,0.0,0.0,9,9,0.0,0.0,0.0,0.0,4,4,0.0,0.0,0.7,0.0,class2:noshow_high;class1:horizon
X045,asymmetric_stress,S209,sparse_asymmetry_1_dimension,3.1,0.1,32,99.2,9.920000000000002,89.28,28,28,0.5,0.5,12,12,0.0,0.3,0.5,0.5,4,4,0.7,0.7,0.7,0.7,class2:balk_low
X046,asymmetric_stress,S094,sparse_asymmetry_1_dimension,2.0,0.5,32,64.0,32.0,32.0,28,28,0.1,0.1,6,9,0.1,0.1,0.5,0.5,9,9,0.0,0.0,0.7,0.7,class1:balk_threshold
X047,asymmetric_stress,S091,sparse_asymmetry_3_dimension,1.25,0.3,16,20.0,6.0,14.0,28,21,0.1,0.1,12,12,0.0,0.1,0.7,0.3,4,4,0.5,0.5,0.5,0.5,class2:horizon;class1:balk_low;class2:balk_high
X048,asymmetric_stress,S093,sparse_asymmetry_2_dimension,4.0,0.3,32,128.0,38.4,89.6,14,14,0.0,0.5,6,6,0.3,0.7,0.7,0.7,4,4,0.7,0.7,0.7,0.7,class2:balk_low;class1:cancel
X049,asymmetric_stress,S109,sparse_asymmetry_2_dimension,4.0,0.3,16,64.0,19.2,44.8,14,21,0.3,0.3,6,6,0.0,0.7,0.7,0.7,6,6,0.0,0.0,0.7,0.7,class2:horizon;class1:balk_low
X050,asymmetric_stress,S124,sparse_asymmetry_3_dimension,3.1,0.9,16,49.6,44.64,4.959999999999999,21,28,0.5,0.5,9,9,0.5,0.5,0.5,0.5,4,12,0.5,0.5,0.7,0.5,class2:noshow_threshold;class1:horizon;class1:noshow_high
X051,asymmetric_stress,S187,sparse_asymmetry_3_dimension,1.25,0.1,16,20.0,2.0,18.0,14,21,0.5,0.0,12,12,0.1,0.1,0.1,0.1,9,9,0.3,0.3,0.5,0.3,class1:horizon;class1:cancel;class1:noshow_high
X052,asymmetric_stress,S116,sparse_asymmetry_2_dimension,4.0,0.7,32,128.0,89.6,38.400000000000006,21,14,0.1,0.1,12,12,0.3,0.3,0.3,0.7,12,12,0.0,0.0,0.5,0.5,class2:balk_high;class2:horizon
X053,asymmetric_stress,S010,sparse_asymmetry_1_dimension,0.8,0.9,32,25.6,23.040000000000003,2.5599999999999996,14,14,0.5,0.5,6,6,0.0,0.0,0.3,0.7,9,9,0.0,0.0,0.7,0.7,class2:balk_high
X054,asymmetric_stress,A027,sparse_asymmetry_3_dimension,1.25,0.5,16,20.0,10.0,10.0,21,21,0.0,0.0,6,6,0.0,0.0,0.3,0.1,9,9,0.0,0.3,0.0,0.3,class2:balk_high;class2:noshow_low;class1:noshow_high
X055,asymmetric_stress,S189,sparse_asymmetry_1_dimension,4.0,0.3,64,256.0,76.8,179.2,7,7,0.3,0.3,4,4,0.0,0.0,0.7,0.7,4,4,0.5,0.5,0.5,0.7,class2:noshow_high
X056,asymmetric_stress,S095,sparse_asymmetry_1_dimension,1.25,0.1,64,80.0,8.0,72.0,7,14,0.0,0.0,4,4,0.7,0.7,0.7,0.7,4,4,0.0,0.0,0.3,0.3,class2:horizon
X057,asymmetric_stress,S190,sparse_asymmetry_1_dimension,2.0,0.7,16,32.0,22.4,9.600000000000001,21,21,0.0,0.0,9,9,0.1,0.1,0.3,0.5,4,4,0.0,0.0,0.1,0.1,class1:balk_high
X058,asymmetric_stress,S016,sparse_asymmetry_1_dimension,3.1,0.9,64,198.4,178.56,19.839999999999996,28,28,0.1,0.1,12,12,0.0,0.0,0.1,0.1,9,6,0.0,0.0,0.7,0.7,class2:noshow_threshold
X059,asymmetric_stress,S125,sparse_asymmetry_1_dimension,4.0,0.1,32,128.0,12.8,115.2,28,28,0.5,0.5,12,12,0.0,0.0,0.5,0.5,6,9,0.0,0.0,0.1,0.1,class1:noshow_threshold
X060,asymmetric_stress,A006,sparse_asymmetry_1_dimension,1.25,0.1,64,80.0,8.0,72.0,14,14,0.1,0.1,6,9,0.0,0.0,0.5,0.5,6,6,0.0,0.0,0.3,0.3,class1:balk_threshold
X061,asymmetric_stress,S216,sparse_asymmetry_3_dimension,2.0,0.9,64,128.0,115.2,12.799999999999997,14,28,0.5,0.5,9,4,0.5,0.3,0.5,0.5,9,9,0.0,0.0,0.5,0.5,class2:balk_threshold;class1:horizon;class2:balk_low
X062,asymmetric_stress,S108,sparse_asymmetry_2_dimension,4.0,0.5,16,64.0,32.0,32.0,14,14,0.0,0.3,4,4,0.0,0.0,0.1,0.1,4,12,0.5,0.5,0.5,0.5,class1:noshow_threshold;class1:cancel
X063,asymmetric_stress,S023,sparse_asymmetry_2_dimension,0.8,0.3,64,51.2,15.36,35.839999999999996,21,21,0.0,0.3,12,6,0.1,0.1,0.1,0.1,4,4,0.0,0.0,0.7,0.7,class2:cancel;class2:balk_threshold
X064,asymmetric_stress,S212,sparse_asymmetry_2_dimension,4.0,0.7,16,64.0,44.8,19.200000000000003,7,7,0.3,0.5,4,4,0.3,0.3,0.5,0.5,4,4,0.7,0.3,0.7,0.7,class1:noshow_low;class2:cancel
X065,asymmetric_stress,S063,sparse_asymmetry_1_dimension,1.25,0.1,32,40.0,4.0,36.0,14,14,0.3,0.3,4,4,0.1,0.3,0.3,0.3,6,6,0.0,0.0,0.7,0.7,class1:balk_low
X066,asymmetric_stress,S192,sparse_asymmetry_1_dimension,3.1,0.7,16,49.6,34.72,14.880000000000003,28,28,0.5,0.5,4,4,0.1,0.3,0.7,0.7,12,12,0.5,0.5,0.7,0.7,class1:balk_low
X067,asymmetric_stress,S096,sparse_asymmetry_1_dimension,3.1,0.9,16,49.6,44.64,4.959999999999999,21,21,0.3,0.3,9,4,0.0,0.0,0.3,0.3,6,6,0.3,0.3,0.7,0.7,class1:balk_threshold
X068,asymmetric_stress,S216,sparse_asymmetry_2_dimension,2.0,0.9,64,128.0,115.2,12.799999999999997,28,21,0.5,0.5,9,9,0.5,0.5,0.7,0.5,9,9,0.0,0.0,0.5,0.5,class1:balk_high;class2:horizon
X069,asymmetric_stress,S178,sparse_asymmetry_2_dimension,0.8,0.9,16,12.8,11.520000000000001,1.2799999999999998,7,7,0.5,0.5,4,4,0.1,0.1,0.7,0.7,4,4,0.3,0.0,0.3,0.5,class2:noshow_high;class1:noshow_low
X070,asymmetric_stress,S181,sparse_asymmetry_3_dimension,4.0,0.3,16,64.0,19.2,44.8,14,14,0.0,0.5,4,12,0.1,0.0,0.5,0.5,6,6,0.0,0.0,0.5,0.5,class2:cancel;class1:balk_low;class2:balk_threshold
X071,asymmetric_stress,S127,sparse_asymmetry_3_dimension,1.25,0.3,16,20.0,6.0,14.0,21,21,0.0,0.0,6,6,0.1,0.3,0.3,0.3,6,6,0.7,0.5,0.7,0.5,class1:noshow_low;class2:noshow_high;class2:balk_low
X072,asymmetric_stress,S125,sparse_asymmetry_1_dimension,4.0,0.1,32,128.0,12.8,115.2,28,28,0.5,0.5,12,12,0.3,0.0,0.5,0.5,9,9,0.0,0.0,0.1,0.1,class1:balk_low
X073,asymmetric_stress,S084,sparse_asymmetry_1_dimension,4.0,0.7,32,128.0,89.6,38.400000000000006,28,7,0.1,0.1,4,4,0.0,0.0,0.3,0.3,4,4,0.3,0.3,0.7,0.7,class1:horizon
X074,asymmetric_stress,S206,sparse_asymmetry_1_dimension,2.0,0.7,32,64.0,44.8,19.200000000000003,14,28,0.5,0.5,12,12,0.0,0.0,0.3,0.3,6,6,0.0,0.0,0.0,0.0,class2:horizon
X075,asymmetric_stress,S220,sparse_asymmetry_2_dimension,3.1,0.7,64,198.4,138.88,59.52000000000001,14,14,0.0,0.0,12,12,0.5,0.1,0.5,0.5,9,9,0.0,0.5,0.5,0.5,class2:noshow_low;class2:balk_low
X076,asymmetric_stress,S106,sparse_asymmetry_2_dimension,0.8,0.9,16,12.8,11.520000000000001,1.2799999999999998,7,14,0.1,0.1,4,4,0.1,0.0,0.1,0.1,4,4,0.0,0.0,0.0,0.0,class2:balk_low;class2:horizon
X077,asymmetric_stress,S013,sparse_asymmetry_2_dimension,4.0,0.5,16,64.0,32.0,32.0,7,7,0.5,0.0,4,4,0.3,0.3,0.3,0.3,4,4,0.0,0.0,0.3,0.7,class2:noshow_high;class1:cancel
X078,asymmetric_stress,S015,sparse_asymmetry_1_dimension,0.8,0.1,16,12.8,1.2800000000000002,11.520000000000001,14,14,0.5,0.5,4,4,0.5,0.3,0.5,0.5,4,4,0.7,0.7,0.7,0.7,class2:balk_low
X079,asymmetric_stress,S128,sparse_asymmetry_1_dimension,3.1,0.5,64,198.4,99.2,99.2,28,7,0.3,0.3,4,4,0.3,0.3,0.5,0.5,4,4,0.0,0.0,0.3,0.3,class1:horizon
X080,asymmetric_stress,S094,sparse_asymmetry_1_dimension,2.0,0.5,32,64.0,32.0,32.0,14,28,0.1,0.1,9,9,0.1,0.1,0.5,0.5,9,9,0.0,0.0,0.7,0.7,class1:horizon
X081,asymmetric_stress,S034,sparse_asymmetry_1_dimension,1.25,0.9,16,20.0,18.0,1.9999999999999996,21,21,0.1,0.1,9,9,0.5,0.1,0.5,0.5,12,12,0.0,0.0,0.5,0.5,class2:balk_low
X082,asymmetric_stress,S157,sparse_asymmetry_2_dimension,4.0,0.3,32,128.0,38.4,89.6,28,21,0.3,0.3,12,12,0.3,0.3,0.5,0.7,4,4,0.0,0.0,0.7,0.7,class1:horizon;class1:balk_high
X083,asymmetric_stress,S007,sparse_asymmetry_1_dimension,0.8,0.5,32,25.6,12.8,12.8,7,7,0.1,0.1,4,4,0.0,0.3,0.5,0.5,4,4,0.0,0.0,0.0,0.0,class1:balk_low
X084,asymmetric_stress,A018,sparse_asymmetry_1_dimension,2.0,0.7,16,32.0,22.4,9.600000000000001,28,28,0.5,0.5,12,12,0.3,0.3,0.3,0.3,12,12,0.3,0.0,0.3,0.3,class2:noshow_low
X085,asymmetric_stress,A007,sparse_asymmetry_3_dimension,2.0,0.3,16,32.0,9.6,22.4,14,21,0.1,0.1,4,9,0.0,0.0,0.1,0.5,6,6,0.0,0.0,0.3,0.3,class1:balk_high;class1:balk_threshold;class2:horizon
X086,asymmetric_stress,S155,sparse_asymmetry_1_dimension,1.25,0.5,64,80.0,40.0,40.0,7,7,0.0,0.0,4,4,0.5,0.5,0.7,0.7,4,4,0.0,0.5,0.7,0.7,class2:noshow_low
X087,asymmetric_stress,S222,sparse_asymmetry_1_dimension,1.25,0.9,16,20.0,18.0,1.9999999999999996,28,28,0.3,0.3,6,6,0.5,0.0,0.7,0.7,9,9,0.3,0.3,0.3,0.3,class2:balk_low
X088,asymmetric_stress,S116,sparse_asymmetry_3_dimension,4.0,0.7,32,128.0,89.6,38.400000000000006,21,14,0.1,0.5,9,12,0.3,0.3,0.3,0.3,12,12,0.0,0.0,0.5,0.5,class2:horizon;class2:cancel;class1:balk_threshold
X089,asymmetric_stress,S205,sparse_asymmetry_1_dimension,4.0,0.3,64,256.0,76.8,179.2,28,28,0.1,0.1,4,4,0.0,0.5,0.7,0.7,12,12,0.3,0.3,0.5,0.5,class1:balk_low
X090,asymmetric_stress,S166,sparse_asymmetry_1_dimension,1.25,0.9,32,40.0,36.0,3.999999999999999,14,14,0.5,0.5,6,6,0.0,0.0,0.5,0.5,4,4,0.0,0.3,0.7,0.7,class1:noshow_low
X091,asymmetric_stress,S163,sparse_asymmetry_3_dimension,2.0,0.3,64,128.0,38.4,89.6,14,14,0.5,0.1,4,4,0.5,0.5,0.5,0.5,9,4,0.0,0.0,0.0,0.3,class2:cancel;class2:noshow_high;class2:noshow_threshold
X092,asymmetric_stress,S134,sparse_asymmetry_2_dimension,1.25,0.5,32,40.0,20.0,20.0,14,28,0.5,0.5,12,12,0.3,0.3,0.5,0.3,9,9,0.0,0.0,0.5,0.5,class2:balk_high;class1:horizon
X093,asymmetric_stress,S150,sparse_asymmetry_2_dimension,1.25,0.9,16,20.0,18.0,1.9999999999999996,14,14,0.3,0.3,6,9,0.1,0.1,0.1,0.5,6,6,0.0,0.0,0.1,0.1,class1:balk_high;class2:balk_threshold
X094,asymmetric_stress,S106,sparse_asymmetry_1_dimension,0.8,0.9,16,12.8,11.520000000000001,1.2799999999999998,7,7,0.1,0.1,4,4,0.1,0.1,0.1,0.1,4,4,0.0,0.0,0.0,0.3,class2:noshow_high
X095,asymmetric_stress,S206,sparse_asymmetry_2_dimension,2.0,0.7,32,64.0,44.8,19.200000000000003,14,14,0.5,0.5,12,9,0.3,0.0,0.3,0.3,6,6,0.0,0.0,0.0,0.0,class2:balk_threshold;class1:balk_low
X096,asymmetric_stress,S001,sparse_asymmetry_2_dimension,3.1,0.3,16,49.6,14.879999999999999,34.72,28,21,0.5,0.5,12,12,0.1,0.1,0.7,0.7,12,9,0.0,0.0,0.3,0.3,class1:horizon;class2:noshow_threshold
X097,asymmetric_stress,S156,sparse_asymmetry_1_dimension,3.1,0.5,16,49.6,24.8,24.8,21,21,0.3,0.3,4,9,0.0,0.0,0.1,0.1,9,9,0.7,0.7,0.7,0.7,class1:balk_threshold
X098,asymmetric_stress,S143,sparse_asymmetry_1_dimension,0.8,0.5,16,12.8,6.4,6.4,28,14,0.0,0.0,12,12,0.0,0.0,0.5,0.5,4,4,0.5,0.5,0.7,0.7,class1:horizon
X099,asymmetric_stress,A008,sparse_asymmetry_2_dimension,2.0,0.5,32,64.0,32.0,32.0,14,14,0.1,0.1,6,9,0.1,0.0,0.5,0.5,6,6,0.0,0.0,0.3,0.3,class1:balk_threshold;class1:balk_low
X100,asymmetric_stress,S224,sparse_asymmetry_2_dimension,3.1,0.5,32,99.2,49.6,49.6,21,21,0.0,0.1,12,12,0.1,0.3,0.3,0.3,6,6,0.5,0.5,0.5,0.5,class1:balk_low;class1:cancel
X101,asymmetric_stress,S064,sparse_asymmetry_1_dimension,3.1,0.9,16,49.6,44.64,4.959999999999999,28,28,0.0,0.0,12,12,0.1,0.1,0.7,0.1,12,12,0.7,0.7,0.7,0.7,class1:balk_high
X102,asymmetric_stress,S021,sparse_asymmetry_3_dimension,4.0,0.3,32,128.0,38.4,89.6,28,14,0.1,0.5,4,6,0.0,0.0,0.3,0.3,12,12,0.3,0.3,0.7,0.7,class1:balk_threshold;class2:horizon;class1:cancel
X103,asymmetric_stress,S092,sparse_asymmetry_2_dimension,3.1,0.7,64,198.4,138.88,59.52000000000001,14,14,0.1,0.5,4,4,0.1,0.1,0.1,0.1,9,9,0.0,0.0,0.5,0.7,class1:cancel;class2:noshow_high
X104,asymmetric_stress,S185,sparse_asymmetry_3_dimension,3.1,0.5,32,99.2,49.6,49.6,28,21,0.5,0.5,6,12,0.0,0.0,0.3,0.3,12,6,0.0,0.0,0.3,0.3,class2:horizon;class2:balk_threshold;class1:noshow_threshold
X105,asymmetric_stress,S029,sparse_asymmetry_3_dimension,4.0,0.1,16,64.0,6.4,57.6,14,21,0.1,0.1,4,4,0.0,0.0,0.7,0.7,4,12,0.0,0.3,0.3,0.3,class2:noshow_low;class2:noshow_threshold;class1:horizon
X106,asymmetric_stress,A003,sparse_asymmetry_1_dimension,0.8,0.5,64,51.2,25.6,25.6,14,28,0.1,0.1,9,9,0.0,0.0,0.5,0.5,6,6,0.0,0.0,0.3,0.3,class2:horizon
X107,asymmetric_stress,S163,sparse_asymmetry_3_dimension,2.0,0.3,64,128.0,38.4,89.6,14,14,0.5,0.5,4,6,0.5,0.3,0.5,0.5,9,9,0.0,0.0,0.0,0.5,class2:noshow_high;class2:balk_threshold;class2:balk_low
X108,asymmetric_stress,A016,sparse_asymmetry_2_dimension,0.8,0.5,32,25.6,12.8,12.8,28,7,0.0,0.0,4,4,0.0,0.0,0.0,0.0,4,4,0.0,0.0,0.7,0.0,class1:horizon;class1:noshow_high
X109,asymmetric_stress,S116,sparse_asymmetry_1_dimension,4.0,0.7,32,128.0,89.6,38.400000000000006,21,21,0.1,0.1,6,12,0.3,0.3,0.3,0.3,12,12,0.0,0.0,0.5,0.5,class1:balk_threshold
X110,asymmetric_stress,S089,sparse_asymmetry_1_dimension,2.0,0.1,16,32.0,3.2,28.8,21,21,0.3,0.3,6,6,0.5,0.5,0.5,0.7,12,12,0.0,0.0,0.0,0.0,class2:balk_high
X111,asymmetric_stress,A020,sparse_asymmetry_3_dimension,4.0,0.5,32,128.0,64.0,64.0,14,14,0.3,0.3,4,6,0.0,0.7,0.7,0.7,6,12,0.7,0.7,0.7,0.7,class1:balk_threshold;class1:balk_low;class2:noshow_threshold
X112,asymmetric_stress,S082,sparse_asymmetry_2_dimension,0.8,0.7,16,12.8,8.959999999999999,3.8400000000000007,28,14,0.3,0.3,12,12,0.1,0.1,0.5,0.3,9,9,0.0,0.0,0.7,0.7,class1:balk_high;class1:horizon
X113,asymmetric_stress,S062,sparse_asymmetry_3_dimension,2.0,0.7,16,32.0,22.4,9.600000000000001,21,21,0.5,0.0,6,6,0.0,0.0,0.0,0.0,4,9,0.0,0.0,0.5,0.3,class2:cancel;class2:noshow_threshold;class1:noshow_high
X114,asymmetric_stress,S207,sparse_asymmetry_1_dimension,0.8,0.1,64,51.2,5.120000000000001,46.080000000000005,21,21,0.3,0.3,9,9,0.3,0.3,0.5,0.5,4,4,0.3,0.0,0.5,0.5,class1:noshow_low
X115,asymmetric_stress,S046,sparse_asymmetry_2_dimension,2.0,0.9,32,64.0,57.6,6.399999999999999,14,7,0.3,0.3,4,4,0.3,0.5,0.5,0.5,4,4,0.0,0.0,0.5,0.5,class1:horizon;class1:balk_low
X116,asymmetric_stress,S131,sparse_asymmetry_1_dimension,2.0,0.3,16,32.0,9.6,22.4,28,28,0.5,0.3,9,9,0.1,0.1,0.1,0.1,4,4,0.7,0.7,0.7,0.7,class2:cancel
X117,asymmetric_stress,S160,sparse_asymmetry_1_dimension,3.1,0.7,64,198.4,138.88,59.52000000000001,14,14,0.5,0.5,9,9,0.0,0.0,0.5,0.7,6,6,0.0,0.0,0.0,0.0,class1:balk_high
X118,asymmetric_stress,S180,sparse_asymmetry_1_dimension,4.0,0.5,16,64.0,32.0,32.0,14,14,0.0,0.0,6,6,0.5,0.5,0.7,0.7,12,12,0.7,0.3,0.7,0.7,class2:noshow_low
X119,asymmetric_stress,S084,sparse_asymmetry_2_dimension,4.0,0.7,32,128.0,89.6,38.400000000000006,7,7,0.1,0.3,4,4,0.1,0.0,0.3,0.3,4,4,0.3,0.3,0.7,0.7,class1:balk_low;class2:cancel
X120,asymmetric_stress,A019,sparse_asymmetry_2_dimension,3.1,0.5,32,99.2,49.6,49.6,14,21,0.0,0.0,4,4,0.5,0.5,0.7,0.7,4,4,0.3,0.5,0.5,0.5,class1:noshow_low;class2:horizon
X121,asymmetric_stress,A002,sparse_asymmetry_3_dimension,0.8,0.3,32,25.6,7.68,17.919999999999998,28,14,0.1,0.1,9,9,0.0,0.0,0.5,0.5,6,4,0.3,0.0,0.3,0.3,class1:noshow_low;class2:noshow_threshold;class1:horizon
X122,asymmetric_stress,S110,sparse_asymmetry_2_dimension,2.0,0.7,64,128.0,89.6,38.400000000000006,28,28,0.1,0.0,9,9,0.0,0.0,0.5,0.5,9,12,0.7,0.7,0.7,0.7,class1:noshow_threshold;class1:cancel
X123,asymmetric_stress,A029,sparse_asymmetry_1_dimension,3.1,0.3,32,99.2,29.759999999999998,69.44,14,14,0.5,0.0,9,9,0.0,0.0,0.5,0.5,6,6,0.0,0.0,0.0,0.0,class2:cancel
X124,asymmetric_stress,S016,sparse_asymmetry_2_dimension,3.1,0.9,64,198.4,178.56,19.839999999999996,14,28,0.1,0.1,12,12,0.0,0.1,0.1,0.1,9,9,0.0,0.0,0.7,0.7,class2:balk_low;class1:horizon
X125,asymmetric_stress,A004,sparse_asymmetry_2_dimension,1.25,0.7,16,20.0,14.0,6.000000000000001,14,28,0.1,0.1,9,9,0.0,0.0,0.1,0.5,6,6,0.0,0.0,0.3,0.3,class2:horizon;class1:balk_high
X126,asymmetric_stress,S165,sparse_asymmetry_1_dimension,3.1,0.1,16,49.6,4.960000000000001,44.64,28,28,0.1,0.1,9,12,0.7,0.7,0.7,0.7,9,9,0.0,0.0,0.1,0.1,class2:balk_threshold
X127,asymmetric_stress,S119,sparse_asymmetry_2_dimension,0.8,0.1,32,25.6,2.5600000000000005,23.040000000000003,28,28,0.3,0.3,4,4,0.0,0.0,0.0,0.7,9,9,0.0,0.0,0.5,0.3,class1:noshow_high;class2:balk_high
X128,asymmetric_stress,S122,sparse_asymmetry_1_dimension,0.8,0.7,32,25.6,17.919999999999998,7.6800000000000015,28,21,0.0,0.0,4,4,0.1,0.1,0.7,0.7,12,12,0.3,0.3,0.3,0.3,class1:horizon
