class1_high_balk,seed,average_utilization,overall_percent_serviced,total_served
0.0,1,0.8407534246575342,0.26771997922532326,9794
0.0,2,0.8458904109589042,0.2711384683026023,9867
0.0,3,0.8382705479452055,0.264892578125,9765
0.0,4,0.8359589041095891,0.26350931257264887,9748
0.0,5,0.8377568493150684,0.26631946338005125,9767
0.0,6,0.848458904109589,0.27276735278719244,9899
0.0,7,0.8425513698630137,0.2698569585152239,9829
0.0,8,0.8365582191780822,0.26795269324698845,9765
0.0,9,0.8361301369863013,0.26738202124165117,9768
0.0,10,0.8413527397260274,0.2679000874508089,9803
0.0,11,0.8375,0.2680834685068595,9751
0.0,12,0.8363869863013699,0.26772129301584685,9748
0.0,13,0.844777397260274,0.2722788647010196,9881
0.0,14,0.8393835616438357,0.27000911073686534,9780
0.0,15,0.835445205479452,0.2672700762056728,9715
0.0,16,0.8401541095890411,0.26996699669966995,9816
0.0,17,0.8428938356164384,0.2707189939049615,9816
0.0,18,0.8443493150684932,0.2700944328538487,9839
0.0,19,0.8381849315068494,0.2675566032564004,9761
0.0,20,0.8348458904109589,0.2662900394910048,9710
0.0,21,0.8419520547945205,0.2695879840154334,9782
0.0,22,0.8403253424657534,0.2684331797235023,9786
0.0,23,0.8386130136986302,0.266732229689122,9764
0.0,24,0.8346746575342465,0.26945181255526085,9752
0.0,25,0.8409246575342466,0.26997275504306906,9810
0.0,26,0.8425513698630137,0.27014400351764317,9830
0.0,27,0.8398116438356165,0.2683968462549277,9804
0.0,28,0.8444349315068493,0.2691349916536683,9835
0.0,29,0.8409246575342466,0.2716777408637874,9813
0.0,30,0.8417808219178082,0.26673927842069434,9796
0.0,31,0.8388698630136986,0.26751278754889357,9780
0.0,32,0.842722602739726,0.26868322540098916,9833
0.0,33,0.8342465753424657,0.26713382797471835,9721
0.0,34,0.839041095890411,0.2661384736856435,9775
0.0,35,0.8398116438356165,0.2673643368490081,9785
0.0,36,0.8426369863013699,0.2709666740233944,9822
0.0,37,0.8458047945205479,0.27015411568257097,9869
0.0,38,0.8363013698630137,0.26752554664322603,9739
0.0,39,0.8359589041095891,0.26630732187807815,9733
0.0,40,0.841181506849315,0.2675822229488542,9820
0.0,41,0.8404965753424658,0.2689802984090347,9789
0.0,42,0.8361301369863013,0.2671418779986292,9744
0.0,43,0.8417808219178082,0.2685808039376538,9822
0.0,44,0.8383561643835616,0.26701327130934466,9758
0.0,45,0.8410102739726028,0.27021505673191065,9788
0.0,46,0.8379280821917808,0.2702127659574468,9779
0.0,47,0.8422945205479452,0.2692908637372879,9824
0.0,48,0.839041095890411,0.2689346020570926,9779
0.0,49,0.842722602739726,0.2679742132867133,9810
0.0,50,0.8384417808219178,0.26560674004620194,9773
0.0,51,0.8394691780821918,0.268011843403882,9776
0.0,52,0.844263698630137,0.2697733135737417,9830
0.0,53,0.8451198630136987,0.27258425105572576,9876
0.0,54,0.8329623287671233,0.26494791809060336,9691
0.0,55,0.8446917808219178,0.27033130456335547,9816
0.0,56,0.8392123287671233,0.26843504233688653,9796
0.0,57,0.8394691780821918,0.26737880032867706,9762
0.0,58,0.8471746575342466,0.2709458163181407,9886
0.0,59,0.8479452054794521,0.2686133369550455,9889
0.0,60,0.8404965753424658,0.2682445759368836,9792
0.0,61,0.8441780821917808,0.2724957790140884,9845
0.0,62,0.8412671232876713,0.2687049669872058,9808
0.0,63,0.8385273972602739,0.2678963548528766,9760
0.0,64,0.8415239726027397,0.2670479302832244,9806
0.0,65,0.8395547945205479,0.2692793584532572,9805
0.0,66,0.8389554794520548,0.26780712834312703,9753
0.0,67,0.8358732876712329,0.26668858027227654,9736
0.0,68,0.84375,0.26845527566799626,9826
0.0,69,0.8422945205479452,0.26964565092086845,9824
0.0,70,0.8467465753424658,0.26913620717915093,9852
0.0,71,0.8436643835616439,0.2672071385820774,9822
0.0,72,0.8446917808219178,0.27087346579338434,9843
0.0,73,0.8466609589041096,0.2699843797100655,9852
0.0,74,0.8395547945205479,0.26718703092164514,9790
0.0,75,0.8450342465753424,0.27164335279215773,9865
0.0,76,0.843236301369863,0.26894498169698955,9845
0.0,77,0.8375856164383562,0.26719019344953077,9765
0.0,78,0.8417808219178082,0.26585299701654463,9802
0.0,79,0.8357876712328767,0.2665318614056181,9754
0.0,80,0.8396404109589041,0.2697130887743571,9786
0.0,81,0.8355308219178083,0.2677228048981385,9751
0.0,82,0.8394691780821918,0.26652510072960905,9790
0.0,83,0.8450342465753424,0.26907916347311944,9830
0.0,84,0.8423801369863013,0.2690928991654125,9834
0.0,85,0.8426369863013699,0.2689606165787532,9841
0.0,86,0.8425513698630137,0.2703163686382393,9826
0.0,87,0.8436643835616439,0.27129172072992297,9827
0.0,88,0.8439212328767123,0.26747472551364276,9842
0.0,89,0.8327054794520548,0.26331248300244764,9682
0.0,90,0.8404109589041096,0.26990125227561096,9785
0.0,91,0.841181506849315,0.2660630285232618,9785
0.0,92,0.8426369863013699,0.2690146635603673,9815
0.0,93,0.84375,0.2699945145364783,9844
0.0,94,0.8452054794520548,0.2684287891986063,9861
0.0,95,0.8400684931506849,0.26779910970314336,9806
0.0,96,0.8384417808219178,0.26866000385451944,9758
0.0,97,0.8448630136986301,0.27044869336547417,9873
0.0,98,0.8333904109589041,0.26722171846234166,9725
0.0,99,0.8379280821917808,0.2675113817124678,9754
0.0,100,0.8388698630136986,0.2676356483252281,9796
0.1,1,0.8414383561643836,0.2683266823375062,9817
0.1,2,0.8436643835616439,0.27002552070470076,9840
0.1,3,0.8384417808219178,0.2683537340118278,9756
0.1,4,0.8416095890410958,0.26725596115021555,9796
0.1,5,0.8420376712328768,0.2686713782847163,9846
0.1,6,0.8345890410958904,0.26761493383222823,9727
0.1,7,0.8387842465753425,0.26925724986918564,9777
0.1,8,0.8388698630136986,0.2673726731808505,9796
0.1,9,0.8351883561643836,0.2667636483407899,9719
0.1,10,0.8454623287671232,0.27023473664028047,9866
0.1,11,0.8392123287671233,0.2673091138062255,9764
0.1,12,0.8403253424657534,0.2659814558011801,9782
0.1,13,0.8401541095890411,0.2665230668557095,9775
0.1,14,0.8361301369863013,0.26900181888331587,9761
0.1,15,0.8357020547945205,0.26509436531495956,9734
0.1,16,0.8353595890410959,0.26508950010914645,9715
0.1,17,0.8418664383561644,0.26828400098573424,9798
0.1,18,0.8421232876712329,0.26847492883731117,9809
0.1,19,0.8418664383561644,0.26590082016185973,9791
0.1,20,0.8412671232876713,0.2685672034176799,9807
0.1,21,0.8417808219178082,0.2664034848897359,9785
0.1,22,0.8408390410958904,0.26853938760925733,9770
0.1,23,0.842208904109589,0.26981677917068464,9793
0.1,24,0.8363869863013699,0.2671390271926465,9765
0.1,25,0.8416095890410958,0.26821137767091097,9816
0.1,26,0.8389554794520548,0.2665432670060157,9792
0.1,27,0.8353595890410959,0.2652094618504505,9743
0.1,28,0.8361301369863013,0.2675668986001485,9729
0.1,29,0.8380993150684931,0.26557439512288056,9758
0.1,30,0.8430650684931507,0.2690750970847235,9839
0.1,31,0.8388698630136986,0.2659661127403063,9795
0.1,32,0.8428082191780822,0.26972980386778217,9833
0.1,33,0.8407534246575342,0.2671578660117342,9790
0.1,34,0.8488013698630137,0.26844379228825305,9879
0.1,35,0.8434075342465753,0.2697563384919328,9831
0.1,36,0.839041095890411,0.26508568179972386,9792
0.1,37,0.8388698630136986,0.2682633091556042,9801
0.1,38,0.8445205479452055,0.27100308302136095,9845
0.1,39,0.844777397260274,0.2711644948896664,9843
0.1,40,0.8389554794520548,0.26489439381236984,9795
0.1,41,0.8485445205479452,0.2709194993015421,9891
0.1,42,0.8440924657534247,0.26870274843745734,9845
0.1,43,0.8404109589041096,0.26792442527166493,9813
0.1,44,0.836472602739726,0.26678915183590646,9729
0.1,45,0.8421232876712329,0.26805108333788136,9823
0.1,46,0.8456335616438356,0.2711286954610397,9868
0.1,47,0.8413527397260274,0.27095812515527096,9816
0.1,48,0.8385273972602739,0.2646795827123696,9768
0.1,49,0.844777397260274,0.26786881673567225,9834
0.1,50,0.8405821917808219,0.26750914351220045,9801
0.1,51,0.8417808219178082,0.2664638122147359,9808
0.1,52,0.8402397260273973,0.2660243324895893,9774
0.1,53,0.8461472602739726,0.2713736263736264,9878
0.1,54,0.8359589041095891,0.2660655737704918,9738
0.1,55,0.8434075342465753,0.2687457256189304,9824
0.1,56,0.8402397260273973,0.2661661089801137,9784
0.1,57,0.8430650684931507,0.2649909554793596,9815
0.1,58,0.8376712328767123,0.26812751197489404,9740
0.1,59,0.8475171232876713,0.2690330477356181,9891
0.1,60,0.842208904109589,0.27047755676331836,9804
0.1,61,0.84375,0.26810511155194433,9866
0.1,62,0.8393835616438357,0.2663835116665305,9784
0.1,63,0.8449486301369863,0.2701590784421284,9850
0.1,64,0.8351027397260274,0.26505039498774174,9730
0.1,65,0.8449486301369863,0.2665352310476139,9869
0.1,66,0.8415239726027397,0.2705171367073238,9803
0.1,67,0.8464041095890411,0.27075158466646543,9867
0.1,68,0.8393835616438357,0.267309425613853,9787
0.1,69,0.8468321917808219,0.2704781192698213,9883
0.1,70,0.8416095890410958,0.26972941726994965,9799
0.1,71,0.8404965753424658,0.2660351239108602,9801
0.1,72,0.8458904109589042,0.2711705759277613,9850
0.1,73,0.8363869863013699,0.26824046115838596,9772
0.1,74,0.8433219178082192,0.2705999227330427,9806
0.1,75,0.8376712328767123,0.2682692571554019,9776
0.1,76,0.8418664383561644,0.2682780445220428,9834
0.1,77,0.8454623287671232,0.2713710566953452,9841
0.1,78,0.8407534246575342,0.2677395557255663,9799
0.1,79,0.8392123287671233,0.26783325598536756,9811
0.1,80,0.8363869863013699,0.26694613403474166,9743
0.1,81,0.843236301369863,0.26907916347311944,9830
0.1,82,0.8417808219178082,0.26841817186644773,9808
0.1,83,0.8404109589041096,0.26791430682098005,9792
0.1,84,0.8446917808219178,0.2686542714391023,9840
0.1,85,0.8363869863013699,0.26617193681281204,9756
0.1,86,0.8415239726027397,0.27028738163400134,9819
0.1,87,0.838013698630137,0.264904432696218,9771
0.1,88,0.8374143835616439,0.266113228089276,9777
0.1,89,0.8418664383561644,0.2705089985646461,9800
0.1,90,0.8386986301369863,0.26653055668980535,9791
0.1,91,0.8392123287671233,0.268477366255144,9786
0.1,92,0.8368150684931507,0.2660775650466372,9756
0.1,93,0.8470890410958904,0.2708378970427163,9891
0.1,94,0.8420376712328768,0.2672040521772283,9812
0.1,95,0.8435787671232877,0.26881867008369914,9860
0.1,96,0.8429794520547945,0.2676950750865335,9822
0.1,97,0.8416952054794521,0.269186587167004,9842
0.1,98,0.8389554794520548,0.26529394210683377,9779
0.1,99,0.8416095890410958,0.2674909447425039,9822
0.1,100,0.8399828767123287,0.26858993714144547,9785
0.2,1,0.8436643835616439,0.2674807582474367,9835
0.2,2,0.8415239726027397,0.26981116516863196,9816
0.2,3,0.8398116438356165,0.2703322194913148,9789
0.2,4,0.8440924657534247,0.2685498852584417,9830
0.2,5,0.8346746575342465,0.2688647930958177,9720
0.2,6,0.8416095890410958,0.2696926297234769,9792
0.2,7,0.8395547945205479,0.26916524701873934,9796
0.2,8,0.8387842465753425,0.2690677966101695,9779
0.2,9,0.8460616438356164,0.2683635770944257,9879
0.2,10,0.8431506849315068,0.2686591629330128,9834
0.2,11,0.8412671232876713,0.2701717567791462,9784
0.2,12,0.8404109589041096,0.26936304856238824,9790
0.2,13,0.8394691780821918,0.2678615473156294,9774
0.2,14,0.8392979452054794,0.2679454600103834,9806
0.2,15,0.8430650684931507,0.26979689170298493,9843
0.2,16,0.8417808219178082,0.26699531539383375,9803
0.2,17,0.8367294520547945,0.26587290750703185,9736
0.2,18,0.8440068493150685,0.2713077961060777,9852
0.2,19,0.8410958904109589,0.2683500670259623,9809
0.2,20,0.843236301369863,0.27071975329037945,9832
0.2,21,0.8357020547945205,0.265023743245456,9711
0.2,22,0.8401541095890411,0.26690469052356164,9793
0.2,23,0.8360445205479452,0.267200263143468,9748
0.2,24,0.843236301369863,0.26564144071226226,9846
0.2,25,0.8417808219178082,0.26890319046967,9819
0.2,26,0.8404109589041096,0.2687356195902268,9811
0.2,27,0.8383561643835616,0.26605404817573813,9786
0.2,28,0.839041095890411,0.26709384156192667,9754
0.2,29,0.8369006849315068,0.26889598942265314,9762
0.2,30,0.8386986301369863,0.2683535966188215,9778
0.2,31,0.839041095890411,0.26780579972069335,9780
0.2,32,0.8416095890410958,0.2709461700011053,9805
0.2,33,0.8360445205479452,0.26606455837812765,9751
0.2,34,0.8420376712328768,0.27030002752546106,9820
0.2,35,0.8446061643835616,0.271758044468996,9839
0.2,36,0.8475171232876713,0.27271724137931036,9886
0.2,37,0.8369006849315068,0.26797224279327464,9770
0.2,38,0.8322773972602739,0.26541591566988915,9719
0.2,39,0.8424657534246576,0.2670462284453404,9803
0.2,40,0.8403253424657534,0.2678415061295972,9788
0.2,41,0.8398116438356165,0.26864116275880984,9796
0.2,42,0.8410102739726028,0.2678126625242931,9784
0.2,43,0.8400684931506849,0.2714732847685788,9801
0.2,44,0.8385273972602739,0.26766748085737024,9753
0.2,45,0.8420376712328768,0.2687147472756147,9814
0.2,46,0.8401541095890411,0.26529783026789827,9794
0.2,47,0.8413527397260274,0.2685195316774264,9816
0.2,48,0.8382705479452055,0.2676118134203527,9759
0.2,49,0.8404965753424658,0.2700910666629983,9817
0.2,50,0.8403253424657534,0.26922020867655133,9805
0.2,51,0.8404109589041096,0.26814405946005027,9813
0.2,52,0.8405821917808219,0.2669425763062597,9804
0.2,53,0.8397260273972603,0.26931221296372687,9793
0.2,54,0.8422945205479452,0.27190768121168407,9802
0.2,55,0.8393835616438357,0.2664813452157087,9778
0.2,56,0.8355308219178083,0.2674150518746226,9743
0.2,57,0.8404965753424658,0.270100814804585,9779
0.2,58,0.8386130136986302,0.265121214594727,9744
0.2,59,0.8420376712328768,0.2691611842105263,9819
0.2,60,0.8413527397260274,0.2665888040850694,9815
0.2,61,0.8386130136986302,0.2686423949994517,9799
0.2,62,0.8423801369863013,0.26743679163034,9816
0.2,63,0.8400684931506849,0.269741015528036,9780
0.2,64,0.8404109589041096,0.2669246702278426,9794
0.2,65,0.8425513698630137,0.2686269146608315,9821
0.2,66,0.8363869863013699,0.2689860342120486,9765
0.2,67,0.8381849315068494,0.2708864972817042,9766
0.2,68,0.8377568493150684,0.2657658884742161,9756
0.2,69,0.844263698630137,0.2688075148139046,9844
0.2,70,0.8421232876712329,0.2690579273305201,9819
0.2,71,0.8361301369863013,0.2675414516306138,9746
0.2,72,0.8457191780821918,0.2718610175109098,9843
0.2,73,0.8351027397260274,0.26497005988023953,9735
0.2,74,0.84375,0.26891238423080077,9843
0.2,75,0.8449486301369863,0.27132103565224586,9840
0.2,76,0.8401541095890411,0.267612564586238,9789
0.2,77,0.8394691780821918,0.2651891686357587,9764
0.2,78,0.8398116438356165,0.2684305868145139,9780
0.2,79,0.8383561643835616,0.2670473172330893,9775
0.2,80,0.8386986301369863,0.27101975233398895,9783
0.2,81,0.8405821917808219,0.26896684233640755,9799
0.2,82,0.839041095890411,0.2658661160617257,9786
0.2,83,0.8386986301369863,0.26691996501202714,9765
0.2,84,0.8490582191780822,0.2689762235476755,9876
0.2,85,0.8428082191780822,0.2699582142071696,9820
0.2,86,0.8440924657534247,0.2670952342203054,9847
0.2,87,0.8422945205479452,0.2698068097501992,9818
0.2,88,0.8428082191780822,0.26940676805041786,9832
0.2,89,0.8435787671232877,0.26870813397129184,9828
0.2,90,0.8305650684931507,0.2653117125013696,9686
0.2,91,0.8421232876712329,0.27016627731207915,9830
0.2,92,0.8405821917808219,0.2702247965797821,9797
0.2,93,0.8422945205479452,0.2692307692307692,9814
0.2,94,0.8499143835616438,0.27217570350034315,9914
0.2,95,0.8422945205479452,0.2689140011492051,9828
0.2,96,0.8420376712328768,0.267881075462925,9794
0.2,97,0.8448630136986301,0.2701982753885868,9839
0.2,98,0.8418664383561644,0.26885731526688245,9802
0.2,99,0.846318493150685,0.27292805477334214,9886
0.2,100,0.8352739726027397,0.26452595230974196,9729
0.3,1,0.8419520547945205,0.26885075403016123,9823
0.3,2,0.8468321917808219,0.27006700396554084,9875
0.3,3,0.8428082191780822,0.2686501739678365,9806
0.3,4,0.8459760273972603,0.27018505825908157,9855
0.3,5,0.8368150684931507,0.2662458326501612,9743
0.3,6,0.8402397260273973,0.2680003283982376,9793
0.3,7,0.8431506849315068,0.2711308375144732,9835
0.3,8,0.8429794520547945,0.2677135301654808,9820
0.3,9,0.8387842465753425,0.269301647550678,9791
0.3,10,0.8401541095890411,0.2683207046530076,9809
0.3,11,0.8371575342465754,0.26415860892175186,9753
0.3,12,0.8382705479452055,0.27079127139972897,9791
0.3,13,0.8508561643835616,0.2724254314957605,9928
0.3,14,0.8416952054794521,0.26852737760039364,9823
0.3,15,0.8402397260273973,0.26559361598175996,9785
0.3,16,0.8404109589041096,0.27018976169461606,9796
0.3,17,0.8367294520547945,0.26844437106139407,9755
0.3,18,0.841181506849315,0.2679342184341365,9808
0.3,19,0.8421232876712329,0.26749207390401225,9787
0.3,20,0.8353595890410959,0.2642346092113496,9713
0.3,21,0.8425513698630137,0.2685672034176799,9807
0.3,22,0.8438356164383561,0.26741719693261545,9834
0.3,23,0.8428082191780822,0.2664314789687924,9818
0.3,24,0.8378424657534247,0.26573769153308113,9764
0.3,25,0.8399828767123287,0.26779133568094343,9810
0.3,26,0.841181506849315,0.2693750171096937,9840
0.3,27,0.8418664383561644,0.2671601981383703,9816
0.3,28,0.8409246575342466,0.2694478865482583,9785
0.3,29,0.8392123287671233,0.26873952811272556,9784
0.3,30,0.8404109589041096,0.27249450335365005,9791
0.3,31,0.8391267123287671,0.2715251982036924,9795
0.3,32,0.844777397260274,0.26996875171317364,9849
0.3,33,0.8386130136986302,0.26790791776027995,9799
0.3,34,0.8416095890410958,0.26680471921746,9792
0.3,35,0.8351027397260274,0.26753025770508,9748
0.3,36,0.8418664383561644,0.26863960250075075,9840
0.3,37,0.8389554794520548,0.2704485852311939,9797
0.3,38,0.8387842465753425,0.2680485865482164,9776
0.3,39,0.8456335616438356,0.2691086289969339,9830
0.3,40,0.8433219178082192,0.2688813485113835,9826
0.3,41,0.8347602739726028,0.2684917156011358,9739
0.3,42,0.8398972602739726,0.2693121547720465,9800
0.3,43,0.8426369863013699,0.27083735421434285,9823
0.3,44,0.8328767123287671,0.26632641861486117,9706
0.3,45,0.8376712328767123,0.2675562374989725,9765
0.3,46,0.8363869863013699,0.26469155844155845,9783
0.3,47,0.8424657534246576,0.2675253090293885,9804
0.3,48,0.8424657534246576,0.2706511845988361,9813
0.3,49,0.8412671232876713,0.2681979764834564,9808
0.3,50,0.8440068493150685,0.26891902955544034,9854
0.3,51,0.8357020547945205,0.2698381912889283,9739
0.3,52,0.8369006849315068,0.2678149552222405,9749
0.3,53,0.8433219178082192,0.26967614771825127,9851
0.3,54,0.8433219178082192,0.2664026689088394,9822
0.3,55,0.8340753424657534,0.26772390628011344,9724
0.3,56,0.8436643835616439,0.26922235590068905,9846
0.3,57,0.8392979452054794,0.2679523103126202,9754
0.3,58,0.843236301369863,0.2680091683038638,9822
0.3,59,0.8396404109589041,0.2690374845530688,9797
0.3,60,0.8404965753424658,0.2662327050877002,9775
0.3,61,0.8344178082191781,0.26523043359694576,9726
0.3,62,0.8408390410958904,0.2703253712428024,9812
0.3,63,0.8431506849315068,0.26920755131160135,9811
0.3,64,0.8451198630136987,0.26876109821062694,9838
0.3,65,0.8360445205479452,0.2656845659514214,9757
0.3,66,0.8398116438356165,0.2671903553991763,9796
0.3,67,0.8381849315068494,0.2678204108499493,9765
0.3,68,0.8439212328767123,0.2698782627769248,9843
0.3,69,0.839041095890411,0.266212719596895,9774
0.3,70,0.8410102739726028,0.2684819567840298,9791
0.3,71,0.8394691780821918,0.26947989305697195,9777
0.3,72,0.8418664383561644,0.2663500678426052,9815
0.3,73,0.8409246575342466,0.26958980835758606,9819
0.3,74,0.8413527397260274,0.2674018671179778,9796
0.3,75,0.839041095890411,0.2676252699488806,9790
0.3,76,0.842208904109589,0.267411748671119,9810
0.3,77,0.8395547945205479,0.2679955096788325,9788
0.3,78,0.8405821917808219,0.26658677415840504,9788
0.3,79,0.84375,0.2721976808393153,9859
0.3,80,0.8392123287671233,0.2706409334734281,9788
0.3,81,0.8454623287671232,0.26940477488280823,9885
0.3,82,0.8389554794520548,0.2690089001208658,9793
0.3,83,0.8410958904109589,0.2686440445868595,9809
0.3,84,0.8315068493150685,0.2645506984882036,9677
0.3,85,0.8398972602739726,0.2686739375291888,9780
0.3,86,0.8435787671232877,0.27101465241819983,9840
0.3,87,0.8438356164383561,0.2692739264895044,9839
0.3,88,0.836986301369863,0.26666666666666666,9760
0.3,89,0.8363013698630137,0.26713117902013495,9738
0.3,90,0.8348458904109589,0.26612507496864946,9762
0.3,91,0.8337328767123288,0.2674558807409843,9760
0.3,92,0.8474315068493151,0.27326530047844244,9881
0.3,93,0.8410958904109589,0.2686501739678365,9806
0.3,94,0.8470890410958904,0.27087912087912086,9860
0.3,95,0.8367294520547945,0.26528286528286527,9777
0.3,96,0.8352739726027397,0.26587940109635366,9749
0.3,97,0.8386986301369863,0.26853558557319324,9761
0.3,98,0.834931506849315,0.26733814529187366,9741
0.3,99,0.836472602739726,0.2678223125738304,9749
0.3,100,0.843236301369863,0.2695752513874389,9812
0.4,1,0.8400684931506849,0.2673437627979359,9792
0.4,2,0.8383561643835616,0.2657700579891645,9762
0.4,3,0.8433219178082192,0.2711281176017178,9849
0.4,4,0.8404109589041096,0.26749713161776756,9792
0.4,5,0.841181506849315,0.2688893759246069,9815
0.4,6,0.8422945205479452,0.2696505951401459,9832
0.4,7,0.8352739726027397,0.26722315274993824,9732
0.4,8,0.8336472602739726,0.26684207641287067,9736
0.4,9,0.8422945205479452,0.2690706971140682,9827
0.4,10,0.8425513698630137,0.2675188748671264,9815
0.4,11,0.8373287671232876,0.26804123711340205,9776
0.4,12,0.842208904109589,0.26761715235940353,9817
0.4,13,0.8392123287671233,0.26796079290329644,9787
0.4,14,0.8444349315068493,0.26772572980312287,9859
0.4,15,0.8435787671232877,0.2686665027456766,9834
0.4,16,0.836986301369863,0.26901358014489163,9766
0.4,17,0.8443493150684932,0.26883187772925765,9850
0.4,18,0.842722602739726,0.2689080239126858,9806
0.4,19,0.8428938356164384,0.2693172470523718,9822
0.4,20,0.8453767123287671,0.2705452145940447,9840
0.4,21,0.8402397260273973,0.26895832189336116,9796
0.4,22,0.8440924657534247,0.2693454416149238,9847
0.4,23,0.8375856164383562,0.2663142693659573,9774
0.4,24,0.8415239726027397,0.2672204820917881,9811
0.4,25,0.8453767123287671,0.27004358194227446,9852
0.4,26,0.8404109589041096,0.2694101508916324,9820
0.4,27,0.8440924657534247,0.26862487692812603,9822
0.4,28,0.8464041095890411,0.2702021585492796,9864
0.4,29,0.842722602739726,0.271448275862069,9840
0.4,30,0.8429794520547945,0.26997146932952926,9841
0.4,31,0.8425513698630137,0.2721178882056396,9824
0.4,32,0.8405821917808219,0.26854058792909785,9802
0.4,33,0.8386130136986302,0.26758677234217,9791
0.4,34,0.8430650684931507,0.26849749719631283,9816
0.4,35,0.8413527397260274,0.26995633907241123,9831
0.4,36,0.8398972602739726,0.2658516707416463,9786
0.4,37,0.8443493150684932,0.2679701134380454,9827
0.4,38,0.8422945205479452,0.27121170300855646,9826
0.4,39,0.8416095890410958,0.2728333333333333,9822
0.4,40,0.8386130136986302,0.2687332127391328,9805
0.4,41,0.8439212328767123,0.2683565718027777,9835
0.4,42,0.8389554794520548,0.2668689021890629,9765
0.4,43,0.8422945205479452,0.2681814457765519,9820
0.4,44,0.8456335616438356,0.27102161909732714,9866
0.4,45,0.8436643835616439,0.26853570648613234,9837
0.4,46,0.8371575342465754,0.2672114569952718,9777
0.4,47,0.8403253424657534,0.26842639037359867,9793
0.4,48,0.8425513698630137,0.2690422064583276,9823
0.4,49,0.8416952054794521,0.268298011798121,9824
0.4,50,0.8425513698630137,0.2699890170236134,9833
0.4,51,0.8382705479452055,0.26780143396639483,9786
0.4,52,0.8414383561643836,0.26858736059479554,9826
0.4,53,0.8500856164383561,0.2720243481121987,9921
0.4,54,0.8393835616438357,0.2681073965389573,9776
0.4,55,0.8394691780821918,0.272347302719572,9774
0.4,56,0.8395547945205479,0.26519172443674177,9793
0.4,57,0.8402397260273973,0.2688115957943284,9792
0.4,58,0.8374143835616439,0.26639433551198255,9782
0.4,59,0.8419520547945205,0.2665995975855131,9805
0.4,60,0.8392123287671233,0.2702822112994974,9788
0.4,61,0.8321061643835617,0.2663955820534659,9696
0.4,62,0.8398116438356165,0.26901807576966463,9778
0.4,63,0.8367294520547945,0.2677896466721446,9777
0.4,64,0.8458047945205479,0.26793088459030645,9862
0.4,65,0.8434075342465753,0.27096756429318797,9841
0.4,66,0.842208904109589,0.26926558942141504,9815
0.4,67,0.8392123287671233,0.27012319761339154,9779
0.4,68,0.8415239726027397,0.2701483091654514,9818
0.4,69,0.8455479452054795,0.2698825526322994,9858
0.4,70,0.842722602739726,0.26883631888417886,9830
0.4,71,0.8382705479452055,0.2689584882792056,9764
0.4,72,0.8436643835616439,0.267661529261464,9847
0.4,73,0.8381849315068494,0.26842105263157895,9792
0.4,74,0.8392123287671233,0.2701861643533818,9811
0.4,75,0.8389554794520548,0.2682586574757919,9807
0.4,76,0.8413527397260274,0.2678864008738394,9810
0.4,77,0.8368150684931507,0.2677943760984183,9752
0.4,78,0.8357876712328767,0.2658621819373157,9738
0.4,79,0.8397260273972603,0.2689288566943014,9764
0.4,80,0.8387842465753425,0.2679962690661692,9769
0.4,81,0.8435787671232877,0.2664861938278289,9844
0.4,82,0.8393835616438357,0.26686464690496947,9795
0.4,83,0.8418664383561644,0.26795708318545414,9815
0.4,84,0.842208904109589,0.2700139775810563,9852
0.4,85,0.8449486301369863,0.2674652325076054,9847
0.4,86,0.8405821917808219,0.2677251275336225,9814
0.4,87,0.8345890410958904,0.2684232307904539,9729
0.4,88,0.8422945205479452,0.26983690420528617,9811
0.4,89,0.8412671232876713,0.268870901358211,9799
0.4,90,0.8345034246575342,0.26785125782708996,9753
0.4,91,0.8436643835616439,0.2697060193429957,9844
0.4,92,0.8395547945205479,0.2669485745464466,9785
0.4,93,0.852054794520548,0.2717575624965812,9936
0.4,94,0.8410958904109589,0.2682820106109501,9810
0.4,95,0.8410958904109589,0.2701988941157052,9822
0.4,96,0.8399828767123287,0.2672409093387123,9804
0.4,97,0.8391267123287671,0.2682439278183959,9796
0.4,98,0.8383561643835616,0.2702687771056048,9784
0.4,99,0.8458904109589042,0.27045697524603196,9866
0.4,100,0.8423801369863013,0.26768611232041795,9838
0.5,1,0.8404965753424658,0.2673493844645386,9816
0.5,2,0.8380993150684931,0.2685083479789104,9778
0.5,3,0.8454623287671232,0.2713783249065729,9876
0.5,4,0.8382705479452055,0.26576392854229547,9774
0.5,5,0.8383561643835616,0.2701078115090854,9796
0.5,6,0.8448630136986301,0.2714093147368711,9866
0.5,7,0.8412671232876713,0.27003106016876943,9824
0.5,8,0.8428938356164384,0.27071975329037945,9832
0.5,9,0.8368150684931507,0.2668195718654434,9772
0.5,10,0.8455479452054795,0.2700657894736842,9852
0.5,11,0.8337328767123288,0.2646754801153365,9730
0.5,12,0.8453767123287671,0.27234336185481645,9867
0.5,13,0.8457191780821918,0.2711519978031031,9874
0.5,14,0.8401541095890411,0.26836413415468857,9802
0.5,15,0.8406678082191781,0.26802349405818876,9811
0.5,16,0.8419520547945205,0.26717204651668297,9833
0.5,17,0.8391267123287671,0.2690923081150897,9792
0.5,18,0.8490582191780822,0.2715704786142353,9924
0.5,19,0.8441780821917808,0.2666251657780063,9851
0.5,20,0.8423801369863013,0.270308853809197,9846
0.5,21,0.8409246575342466,0.27013996032620674,9805
0.5,22,0.8385273972602739,0.2680996714129244,9791
0.5,23,0.8428938356164384,0.2679385354403777,9817
0.5,24,0.8495719178082192,0.27082309246818503,9917
0.5,25,0.8375,0.2661878332789204,9784
0.5,26,0.8436643835616439,0.271804770439818,9857
0.5,27,0.8424657534246576,0.2665706834727806,9813
0.5,28,0.8459760273972603,0.2701528032146079,9883
0.5,29,0.8371575342465754,0.2667942060672315,9762
0.5,30,0.8382705479452055,0.2690944070358664,9791
0.5,31,0.8425513698630137,0.27066508640886416,9820
0.5,32,0.8417808219178082,0.26850686655359196,9815
0.5,33,0.8377568493150684,0.26512764801738187,9762
0.5,34,0.8367294520547945,0.2649338681699913,9775
0.5,35,0.8392123287671233,0.26731486777242147,9815
0.5,36,0.8398116438356165,0.270336576894451,9807
0.5,37,0.8385273972602739,0.2660525529197576,9791
0.5,38,0.8428938356164384,0.26770580701419733,9824
0.5,39,0.8403253424657534,0.2685742422584528,9818
0.5,40,0.8395547945205479,0.267365375692568,9796
0.5,41,0.8445205479452055,0.2698190789473684,9843
0.5,42,0.8384417808219178,0.2704709844845674,9797
0.5,43,0.8388698630136986,0.2685131756106944,9772
0.5,44,0.8446917808219178,0.2697181559973782,9876
0.5,45,0.83125,0.26541554959785524,9702
0.5,46,0.8465753424657534,0.2716921976843321,9879
0.5,47,0.8392123287671233,0.2679906862073689,9783
0.5,48,0.8397260273972603,0.266041581736649,9789
0.5,49,0.8428082191780822,0.2697256748617423,9852
0.5,50,0.8444349315068493,0.26918252713093743,9872
0.5,51,0.8373287671232876,0.26810938314270827,9775
0.5,52,0.8430650684931507,0.26984693037801066,9837
0.5,53,0.8368150684931507,0.267544700309411,9771
0.5,54,0.8361301369863013,0.267846331663823,9733
0.5,55,0.8361301369863013,0.2688397211583501,9757
0.5,56,0.8443493150684932,0.26937995083310573,9862
0.5,57,0.8358732876712329,0.2672276739213859,9749
0.5,58,0.8392123287671233,0.2690029615004936,9810
0.5,59,0.8456335616438356,0.2699337820828545,9865
0.5,60,0.8466609589041096,0.2696083778771681,9886
0.5,61,0.8433219178082192,0.26660524105037803,9838
0.5,62,0.8423801369863013,0.26942806199423947,9822
0.5,63,0.833904109589041,0.26372227788458935,9739
0.5,64,0.8413527397260274,0.27205739771184795,9821
0.5,65,0.8446917808219178,0.2698265010125335,9860
0.5,66,0.8405821917808219,0.26650021710811983,9820
0.5,67,0.8404965753424658,0.26916543372239576,9824
0.5,68,0.8381849315068494,0.2680285838970107,9827
0.5,69,0.836986301369863,0.2692857928909431,9788
0.5,70,0.8345890410958904,0.2671759905802459,9757
0.5,71,0.8434931506849315,0.2733514956076949,9833
0.5,72,0.8414383561643836,0.2658296352419093,9824
0.5,73,0.845291095890411,0.2709255339619011,9856
0.5,74,0.84375,0.2694668200997315,9835
0.5,75,0.8417808219178082,0.26756153343498146,9827
0.5,76,0.8393835616438357,0.26709360948358085,9801
0.5,77,0.8410102739726028,0.26800010929857637,9808
0.5,78,0.8401541095890411,0.2674386920980926,9815
0.5,79,0.8387842465753425,0.2661483253588517,9790
0.5,80,0.841181506849315,0.2692919868276619,9813
0.5,81,0.842722602739726,0.27230475558137607,9843
0.5,82,0.8417808219178082,0.2712504826521044,9835
0.5,83,0.8414383561643836,0.2699400011008972,9808
0.5,84,0.8460616438356164,0.2706469845799265,9864
0.5,85,0.8376712328767123,0.2691312486236512,9777
0.5,86,0.8396404109589041,0.269239219994507,9803
0.5,87,0.8434075342465753,0.268591426071741,9824
0.5,88,0.8386130136986302,0.2681347504166553,9814
0.5,89,0.8351027397260274,0.27009200753796697,9746
0.5,90,0.8384417808219178,0.26890017849787173,9792
0.5,91,0.8407534246575342,0.2681685051870911,9797
0.5,92,0.8402397260273973,0.2669791780224572,9796
0.5,93,0.8373287671232876,0.2696805869697137,9777
0.5,94,0.8391267123287671,0.26929735374130964,9800
0.5,95,0.8418664383561644,0.2696687796712494,9827
0.5,96,0.8415239726027397,0.26748791346862966,9793
0.5,97,0.8394691780821918,0.2679338164911801,9797
0.5,98,0.8392123287671233,0.26759023963712875,9793
0.5,99,0.8435787671232877,0.2706504087418458,9833
0.5,100,0.8416952054794521,0.2688983699814025,9832
0.6,1,0.8375856164383562,0.26950550208224167,9772
0.6,2,0.836986301369863,0.26922440879775095,9768
0.6,3,0.8403253424657534,0.2673140394424593,9800
0.6,4,0.8409246575342466,0.2685620557681793,9824
0.6,5,0.838013698630137,0.26829067791965805,9791
0.6,6,0.8428082191780822,0.2702814114543256,9835
0.6,7,0.8371575342465754,0.26776555771920685,9763
0.6,8,0.8383561643835616,0.26617179215270415,9789
0.6,9,0.8398972602739726,0.26738288705895186,9806
0.6,10,0.8357876712328767,0.2656756241661902,9758
0.6,11,0.8431506849315068,0.27186715582158716,9856
0.6,12,0.8426369863013699,0.26700019032600125,9820
0.6,13,0.8378424657534247,0.26820594189418395,9804
0.6,14,0.8376712328767123,0.26903092783505156,9786
0.6,15,0.8422945205479452,0.2692994260291654,9806
0.6,16,0.8425513698630137,0.27216626079256145,9835
0.6,17,0.8407534246575342,0.2692940595688662,9819
0.6,18,0.8407534246575342,0.2689317988298954,9791
0.6,19,0.8336472602739726,0.26723782848669575,9732
0.6,20,0.8470034246575342,0.27127776555970967,9868
0.6,21,0.8404965753424658,0.26738011600359446,9819
0.6,22,0.8424657534246576,0.26878581173260574,9851
0.6,23,0.8389554794520548,0.26643504695727704,9816
0.6,24,0.8453767123287671,0.27170891476068587,9872
0.6,25,0.8410958904109589,0.2687642049344177,9815
0.6,26,0.8414383561643836,0.2678264663376326,9822
0.6,27,0.8366438356164384,0.2668907838635618,9765
0.6,28,0.8416952054794521,0.26886663383133586,9826
0.6,29,0.8451198630136987,0.2704643894950381,9866
0.6,30,0.8459760273972603,0.27141876115918145,9881
0.6,31,0.8458047945205479,0.2706507449605609,9882
0.6,32,0.8392979452054794,0.26707685606163734,9810
0.6,33,0.8398116438356165,0.26778688524590166,9801
0.6,34,0.8353595890410959,0.2661839049050417,9741
0.6,35,0.8405821917808219,0.26950880954344303,9805
0.6,36,0.8415239726027397,0.2706218884946503,9839
0.6,37,0.835445205479452,0.26956089752435625,9767
0.6,38,0.8316780821917809,0.26844245290847235,9705
0.6,39,0.8420376712328768,0.27041447784592537,9832
0.6,40,0.8413527397260274,0.2712407468787979,9820
0.6,41,0.8410102739726028,0.27067503578901003,9832
0.6,42,0.8396404109589041,0.26959678750206284,9802
0.6,43,0.8389554794520548,0.2683100520405368,9796
0.6,44,0.8418664383561644,0.2669511101448488,9823
0.6,45,0.8396404109589041,0.2723859844271413,9795
0.6,46,0.8414383561643836,0.26880894933099364,9804
0.6,47,0.8397260273972603,0.27402224514258633,9830
0.6,48,0.8393835616438357,0.2664818740148921,9806
0.6,49,0.8399828767123287,0.2688782790034025,9799
0.6,50,0.8464041095890411,0.27135236209646374,9868
0.6,51,0.8416095890410958,0.27096685462797415,9851
0.6,52,0.839041095890411,0.27027773176522557,9790
0.6,53,0.8386130136986302,0.26872391829562925,9788
0.6,54,0.8363013698630137,0.2660870513204873,9763
0.6,55,0.8379280821917808,0.2677775041724808,9787
0.6,56,0.8380993150684931,0.26741965406231244,9802
0.6,57,0.839041095890411,0.2675517674698137,9794
0.6,58,0.8429794520547945,0.2672292164098112,9849
0.6,59,0.8387842465753425,0.26915785135320786,9796
0.6,60,0.8465753424657534,0.26793414878902116,9879
0.6,61,0.8393835616438357,0.2688628826705402,9810
0.6,62,0.8426369863013699,0.26920137562094,9863
0.6,63,0.8391267123287671,0.26750252670108443,9793
0.6,64,0.8388698630136986,0.27087942477876104,9795
0.6,65,0.8396404109589041,0.26725079157113224,9791
0.6,66,0.8433219178082192,0.2711434557283052,9836
0.6,67,0.8379280821917808,0.2675809586378692,9775
0.6,68,0.8401541095890411,0.26812645408512387,9796
0.6,69,0.8351027397260274,0.26752727073398014,9761
0.6,70,0.8412671232876713,0.27242755028536597,9833
0.6,71,0.8383561643835616,0.2688180917794652,9771
0.6,72,0.8440924657534247,0.26949092203631186,9841
0.6,73,0.8434075342465753,0.2702309760245789,9851
0.6,74,0.8369006849315068,0.2707883219766218,9776
0.6,75,0.8352739726027397,0.2652372659991293,9748
0.6,76,0.8418664383561644,0.26982297241663233,9831
0.6,77,0.8403253424657534,0.2666213829642712,9813
0.6,78,0.8392123287671233,0.26631704798652245,9801
0.6,79,0.8365582191780822,0.266373638373966,9757
0.6,80,0.8387842465753425,0.26745297185136646,9796
0.6,81,0.8394691780821918,0.26736291004281076,9805
0.6,82,0.8415239726027397,0.27120886389945426,9840
0.6,83,0.8387842465753425,0.2670290052985197,9777
0.6,84,0.842722602739726,0.2717958631355113,9842
0.6,85,0.8361301369863013,0.26867808181467817,9760
0.6,86,0.8422945205479452,0.26971033953577594,9842
0.6,87,0.84375,0.2672535593957179,9836
0.6,88,0.8413527397260274,0.26824473748873784,9825
0.6,89,0.846318493150685,0.2735841233864949,9898
0.6,90,0.8456335616438356,0.26829798803697663,9868
0.6,91,0.8428082191780822,0.2690036093186044,9838
0.6,92,0.842208904109589,0.2695387484231887,9829
0.6,93,0.8420376712328768,0.2685922157490222,9820
0.6,94,0.8408390410958904,0.2696921560035057,9847
0.6,95,0.8407534246575342,0.26865549205654754,9825
0.6,96,0.8406678082191781,0.2689925454944091,9815
0.6,97,0.8400684931506849,0.27080406577968763,9831
0.6,98,0.8448630136986301,0.2692223618776982,9853
0.6,99,0.842722602739726,0.2683126003756431,9857
0.6,100,0.8444349315068493,0.2686933740857985,9846
0.7,1,0.8382705479452055,0.2661228928765634,9788
0.7,2,0.8422945205479452,0.2694449779143461,9821
0.7,3,0.8387842465753425,0.26896836313617606,9777
0.7,4,0.8458047945205479,0.27073960276528036,9869
0.7,5,0.8436643835616439,0.26894591566232134,9841
0.7,6,0.8386130136986302,0.2699584170958059,9803
0.7,7,0.8379280821917808,0.2691408934707904,9790
0.7,8,0.8382705479452055,0.26898542755017874,9783
0.7,9,0.8334760273972602,0.2667487347832034,9751
0.7,10,0.8379280821917808,0.2662397820163488,9771
0.7,11,0.8385273972602739,0.2682151857127205,9792
0.7,12,0.8454623287671232,0.2707217231242617,9854
0.7,13,0.842722602739726,0.2652884978679765,9830
0.7,14,0.8445205479452055,0.2710495963091119,9870
0.7,15,0.8415239726027397,0.26906518221954095,9812
0.7,16,0.8392123287671233,0.2676498702717465,9800
0.7,17,0.8426369863013699,0.26881014873140857,9832
0.7,18,0.842208904109589,0.2697110239029611,9828
0.7,19,0.8398972602739726,0.2684415015869541,9811
0.7,20,0.8426369863013699,0.2696410453286533,9833
0.7,21,0.8401541095890411,0.26807253630918193,9801
0.7,22,0.8429794520547945,0.2709466512828965,9863
0.7,23,0.8425513698630137,0.26888366241864026,9832
0.7,24,0.8370719178082192,0.26745555646862246,9764
0.7,25,0.8440068493150685,0.2692894923387317,9877
0.7,26,0.8436643835616439,0.27270962194546916,9832
0.7,27,0.8394691780821918,0.26885731526688245,9802
0.7,28,0.8404965753424658,0.26989448230380303,9822
0.7,29,0.8415239726027397,0.26990968237845553,9832
0.7,30,0.84375,0.2703028972783143,9852
0.7,31,0.8399828767123287,0.2706739928762736,9803
0.7,32,0.8418664383561644,0.2687162125266204,9842
0.7,33,0.8441780821917808,0.26907641486254064,9856
0.7,34,0.8368150684931507,0.26852106101378437,9779
0.7,35,0.8397260273972603,0.2694772158512774,9799
0.7,36,0.8399828767123287,0.2693785682916118,9814
0.7,37,0.8413527397260274,0.2686020447214477,9826
0.7,38,0.8387842465753425,0.2667882020026121,9805
0.7,39,0.8434075342465753,0.2735474557921328,9854
0.7,40,0.8403253424657534,0.2682706766917293,9812
0.7,41,0.836472602739726,0.26711281070745696,9779
0.7,42,0.8319349315068493,0.2658831264896852,9705
0.7,43,0.846318493150685,0.2701653683203499,9884
0.7,44,0.851027397260274,0.2733504005285325,9930
0.7,45,0.8351883561643836,0.26610262008733626,9750
0.7,46,0.8401541095890411,0.27138781953637797,9799
0.7,47,0.8409246575342466,0.26863587834323416,9813
0.7,48,0.8382705479452055,0.26932592918407744,9797
0.7,49,0.8403253424657534,0.26575832272394834,9811
0.7,50,0.8413527397260274,0.26982732588464603,9829
0.7,51,0.8391267123287671,0.2688039457459926,9810
0.7,52,0.8386986301369863,0.26946058319795135,9786
0.7,53,0.8416095890410958,0.26844536781389244,9820
0.7,54,0.8456335616438356,0.2692412589319806,9872
0.7,55,0.8454623287671232,0.27171878440872055,9871
0.7,56,0.8430650684931507,0.26791785665714674,9850
0.7,57,0.8448630136986301,0.27458379578246395,9896
0.7,58,0.8428082191780822,0.2666486047141696,9842
0.7,59,0.8415239726027397,0.2697729267222466,9837
0.7,60,0.8410958904109589,0.26921497220777085,9832
0.7,61,0.8461472602739726,0.27223065250379364,9867
0.7,62,0.8405821917808219,0.27000990862049984,9810
0.7,63,0.8401541095890411,0.266688392808647,9820
0.7,64,0.8398972602739726,0.26822532130161336,9809
0.7,65,0.836986301369863,0.2690687880205896,9775
0.7,66,0.8406678082191781,0.2680344865218815,9824
0.7,67,0.834931506849315,0.26867974432444347,9752
0.7,68,0.8451198630136987,0.2682893700252642,9876
0.7,69,0.8392979452054794,0.2691105505593332,9815
0.7,70,0.8471746575342466,0.27275483764264846,9895
0.7,71,0.836472602739726,0.26877459478796883,9767
0.7,72,0.8393835616438357,0.2695702383898375,9804
0.7,73,0.8378424657534247,0.2691219686358518,9799
0.7,74,0.8378424657534247,0.268270627243581,9790
0.7,75,0.8357876712328767,0.2653299961913053,9753
0.7,76,0.8345034246575342,0.26563182016586645,9737
0.7,77,0.8338184931506849,0.26653898768809847,9742
0.7,78,0.8398116438356165,0.27019598141887247,9830
0.7,79,0.8404109589041096,0.2685453452140163,9825
0.7,80,0.8376712328767123,0.26945975744211687,9776
0.7,81,0.8404109589041096,0.26938921234757773,9809
0.7,82,0.8397260273972603,0.2701700409306925,9835
0.7,83,0.8397260273972603,0.2718841703117214,9821
0.7,84,0.8404109589041096,0.26868244629908333,9819
0.7,85,0.8385273972602739,0.2656977373606149,9817
0.7,86,0.8416952054794521,0.2685033791148899,9853
0.7,87,0.8458047945205479,0.272752359401733,9884
0.7,88,0.8446061643835616,0.2714560968896229,9862
0.7,89,0.8336472602739726,0.26818657415055897,9740
0.7,90,0.8398116438356165,0.2705101000358255,9816
0.7,91,0.8473458904109589,0.2703582171178562,9887
0.7,92,0.8457191780821918,0.2709002553331686,9867
0.7,93,0.8415239726027397,0.27064094107299913,9847
0.7,94,0.8444349315068493,0.27065089082274135,9859
0.7,95,0.8392123287671233,0.27046086884658826,9818
0.7,96,0.836986301369863,0.26776691564147626,9751
0.7,97,0.8383561643835616,0.2681477017476579,9789
0.7,98,0.8443493150684932,0.27141167083940904,9865
0.7,99,0.8401541095890411,0.2696675444371297,9831
0.7,100,0.8389554794520548,0.26973158981417755,9798
0.8,1,0.8321917808219178,0.2641022155770015,9715
0.8,2,0.8450342465753424,0.26800879073174705,9878
0.8,3,0.8422945205479452,0.27167853397361597,9844
0.8,4,0.8391267123287671,0.2672107877927608,9789
0.8,5,0.8445205479452055,0.2712004178234696,9866
0.8,6,0.8443493150684932,0.2698377904427883,9848
0.8,7,0.8394691780821918,0.26883519376868437,9802
0.8,8,0.8353595890410959,0.2673042143914068,9755
0.8,9,0.8444349315068493,0.27009338116493686,9863
0.8,10,0.8422945205479452,0.2702405498281787,9830
0.8,11,0.8428082191780822,0.26794323536621906,9837
0.8,12,0.8392979452054794,0.2665688432379555,9810
0.8,13,0.8352739726027397,0.2669828389714348,9739
0.8,14,0.8362157534246575,0.2664940727619567,9779
0.8,15,0.8420376712328768,0.26921072124221557,9813
0.8,16,0.8404965753424658,0.2674963237296444,9823
0.8,17,0.8409246575342466,0.26909798334064006,9821
0.8,18,0.8417808219178082,0.26922025371828523,9847
0.8,19,0.8398972602739726,0.2697670581117131,9809
0.8,20,0.8386130136986302,0.2678860339485014,9769
0.8,21,0.8418664383561644,0.27032822035296056,9834
0.8,22,0.8375856164383562,0.2669163682095306,9763
0.8,23,0.8386130136986302,0.2683962522601501,9797
0.8,24,0.8415239726027397,0.27155791100806004,9838
0.8,25,0.8388698630136986,0.27009734976972505,9794
0.8,26,0.8382705479452055,0.26811494945620906,9787
0.8,27,0.834931506849315,0.26699015818186805,9739
0.8,28,0.8448630136986301,0.2709547904520955,9853
0.8,29,0.8412671232876713,0.2691173257592309,9854
0.8,30,0.8366438356164384,0.26487352079035936,9759
0.8,31,0.8429794520547945,0.2707673669429224,9834
0.8,32,0.8409246575342466,0.270709407358449,9830
0.8,33,0.8380993150684931,0.2685858558138258,9787
0.8,34,0.8394691780821918,0.2679586704570304,9803
0.8,35,0.8425513698630137,0.2681431840470742,9843
0.8,36,0.8430650684931507,0.2693967872363676,9861
0.8,37,0.8413527397260274,0.26968973747016706,9831
0.8,38,0.8456335616438356,0.2700434628105951,9879
0.8,39,0.8398972602739726,0.26937421159436187,9823
0.8,40,0.8392123287671233,0.27187690264017267,9824
0.8,41,0.8388698630136986,0.26697005204785135,9797
0.8,42,0.8423801369863013,0.26917819454316805,9846
0.8,43,0.8419520547945205,0.2706704833204888,9834
0.8,44,0.8435787671232877,0.2706554271122216,9857
0.8,45,0.8386130136986302,0.2709827485946889,9786
0.8,46,0.8428938356164384,0.2709576310797064,9855
0.8,47,0.8428938356164384,0.2679179492767441,9835
0.8,48,0.8462328767123287,0.2707893799490369,9883
0.8,49,0.8481164383561643,0.27055673933234986,9904
0.8,50,0.8419520547945205,0.26881632206541956,9829
0.8,51,0.8392123287671233,0.2698548014519855,9813
0.8,52,0.8443493150684932,0.2651052730646159,9859
0.8,53,0.8446061643835616,0.27114872104843807,9869
0.8,54,0.8426369863013699,0.2710409363182157,9819
0.8,55,0.8367294520547945,0.2661294713344585,9776
0.8,56,0.8406678082191781,0.27327878889074414,9820
0.8,57,0.8393835616438357,0.26914750774121066,9822
0.8,58,0.8419520547945205,0.26878723287970707,9836
0.8,59,0.8428082191780822,0.26877459554000876,9835
0.8,60,0.8428082191780822,0.2687251104686051,9852
0.8,61,0.8377568493150684,0.26717432244329814,9789
0.8,62,0.8433219178082192,0.27373773862783785,9851
0.8,63,0.8375856164383562,0.2679386600333488,9802
0.8,64,0.8393835616438357,0.2667265991064618,9791
0.8,65,0.8417808219178082,0.26902843991451586,9819
0.8,66,0.8451198630136987,0.2700038337258338,9860
0.8,67,0.834332191780822,0.2698377540284623,9746
0.8,68,0.8391267123287671,0.2674431291255251,9805
0.8,69,0.8444349315068493,0.2705164678848889,9889
0.8,70,0.8403253424657534,0.2703311804314965,9836
0.8,71,0.8402397260273973,0.26797135516317716,9804
0.8,72,0.8402397260273973,0.2686718300993459,9817
0.8,73,0.8384417808219178,0.26949983474716316,9785
0.8,74,0.8389554794520548,0.26905003984501663,9791
0.8,75,0.8414383561643836,0.2682254720069846,9831
0.8,76,0.8415239726027397,0.2728054122996728,9839
0.8,77,0.8423801369863013,0.2702547089627944,9857
0.8,78,0.842208904109589,0.2682780445220428,9834
0.8,79,0.8410958904109589,0.2693961385731891,9837
0.8,80,0.8388698630136986,0.26841485779979746,9806
0.8,81,0.8372431506849315,0.26525674830782614,9758
0.8,82,0.8471746575342466,0.2732244965608685,9891
0.8,83,0.8428938356164384,0.27108483431871305,9858
0.8,84,0.8408390410958904,0.26747355795442157,9812
0.8,85,0.8368150684931507,0.26722246599385696,9744
0.8,86,0.8443493150684932,0.2708407576962088,9880
0.8,87,0.8462328767123287,0.27126885146828555,9875
0.8,88,0.8409246575342466,0.26894063627418824,9840
0.8,89,0.8327054794520548,0.26569665865909586,9733
0.8,90,0.8393835616438357,0.2657380558792445,9806
0.8,91,0.8402397260273973,0.2686816192560175,9823
0.8,92,0.8507705479452055,0.2712345982569735,9928
0.8,93,0.8421232876712329,0.26947483588621446,9852
0.8,94,0.8434931506849315,0.2666901484772949,9843
0.8,95,0.8393835616438357,0.26652920589272633,9824
0.8,96,0.8405821917808219,0.27015484653110705,9805
0.8,97,0.8469178082191781,0.26879561548688174,9907
0.8,98,0.8363869863013699,0.26694185506137064,9765
0.8,99,0.8438356164383561,0.26904748863449635,9824
0.8,100,0.8418664383561644,0.2701230083381491,9816
0.9,1,0.8381849315068494,0.26732322130074204,9799
0.9,2,0.8422945205479452,0.27135914287292207,9827
0.9,3,0.8431506849315068,0.2697444036998522,9857
0.9,4,0.8461472602739726,0.27045454545454545,9877
0.9,5,0.8464897260273972,0.2694698952879581,9882
0.9,6,0.8377568493150684,0.2697245179063361,9791
0.9,7,0.8338184931506849,0.2681041832833686,9748
0.9,8,0.8391267123287671,0.2700277953601013,9812
0.9,9,0.8396404109589041,0.2698447588954527,9821
0.9,10,0.8458904109589042,0.2711590148647907,9887
0.9,11,0.8394691780821918,0.2696650822870017,9815
0.9,12,0.8436643835616439,0.26869617355281805,9859
0.9,13,0.8375856164383562,0.26827128680300455,9786
0.9,14,0.8359589041095891,0.2686882546652031,9791
0.9,15,0.839041095890411,0.26982856196339344,9774
0.9,16,0.8422945205479452,0.26679160216192727,9823
0.9,17,0.8455479452054795,0.2719924967587101,9860
0.9,18,0.8435787671232877,0.26926016926016927,9863
0.9,19,0.8398972602739726,0.2692740496775079,9811
0.9,20,0.8386986301369863,0.268751889618778,9778
0.9,21,0.8451198630136987,0.26936946781772486,9860
0.9,22,0.8365582191780822,0.26949358020609465,9781
0.9,23,0.8388698630136986,0.2697400956096489,9818
0.9,24,0.8428082191780822,0.2726920736766414,9860
0.9,25,0.8376712328767123,0.26661222267592216,9794
0.9,26,0.848458904109589,0.2730784086519892,9898
0.9,27,0.8350171232876712,0.265229462681692,9744
0.9,28,0.8353595890410959,0.26607659946456863,9740
0.9,29,0.8403253424657534,0.2679043646574521,9827
0.9,30,0.8381849315068494,0.26634000272219954,9784
0.9,31,0.845291095890411,0.2698799135596466,9866
0.9,32,0.8405821917808219,0.26926247526929,9799
0.9,33,0.8392979452054794,0.2676960918283684,9795
0.9,34,0.8403253424657534,0.2687960149984947,9821
0.9,35,0.8419520547945205,0.269907127548497,9823
0.9,36,0.8404109589041096,0.2697469746974697,9808
0.9,37,0.8424657534246576,0.26773561278379704,9835
0.9,38,0.8446061643835616,0.27038144075465487,9860
0.9,39,0.8430650684931507,0.2718336692713367,9845
0.9,40,0.842208904109589,0.2689722996230126,9846
0.9,41,0.8393835616438357,0.2699072417494702,9806
0.9,42,0.8413527397260274,0.26892871801888085,9828
0.9,43,0.842722602739726,0.2703763691767096,9849
0.9,44,0.845291095890411,0.2683518099855637,9852
0.9,45,0.8351027397260274,0.2675166236192779,9736
0.9,46,0.8453767123287671,0.2713039650001376,9860
0.9,47,0.841181506849315,0.26658529970165445,9829
0.9,48,0.8375856164383562,0.2696867762214624,9781
0.9,49,0.8460616438356164,0.2706288721969406,9872
0.9,50,0.8435787671232877,0.27151916184174246,9848
0.9,51,0.8367294520547945,0.26625268948988207,9776
0.9,52,0.8410958904109589,0.27018932212238617,9833
0.9,53,0.8433219178082192,0.26973125496534534,9846
0.9,54,0.8473458904109589,0.2721740327688283,9884
0.9,55,0.842208904109589,0.26881131144845727,9810
0.9,56,0.8353595890410959,0.26760099832697953,9757
0.9,57,0.8391267123287671,0.2698473913283015,9796
0.9,58,0.8409246575342466,0.2698635027876191,9826
0.9,59,0.8441780821917808,0.2713783249065729,9876
0.9,60,0.8424657534246576,0.26906443313078227,9830
0.9,61,0.8392979452054794,0.26768062913003116,9803
0.9,62,0.8406678082191781,0.27043921244664737,9821
0.9,63,0.8471746575342466,0.2704105323536642,9900
0.9,64,0.8461472602739726,0.26874592479895676,9892
0.9,65,0.8383561643835616,0.2682017543859649,9784
0.9,66,0.8404965753424658,0.2691136531972677,9810
0.9,67,0.8434931506849315,0.26878928669035257,9835
0.9,68,0.8379280821917808,0.2656811499509964,9759
0.9,69,0.8413527397260274,0.2694063926940639,9853
0.9,70,0.8440924657534247,0.2701917011765351,9852
0.9,71,0.8397260273972603,0.26721477151675727,9783
0.9,72,0.8384417808219178,0.27063966356795044,9782
0.9,73,0.8404109589041096,0.2674393296332572,9830
0.9,74,0.8410958904109589,0.27318971507991663,9828
0.9,75,0.8379280821917808,0.26627251178377787,9773
0.9,76,0.8462328767123287,0.2704390457670291,9874
0.9,77,0.8383561643835616,0.2690808258291237,9801
0.9,78,0.8377568493150684,0.2657059893077153,9791
0.9,79,0.8391267123287671,0.2665199434844039,9809
0.9,80,0.8387842465753425,0.2685276679841897,9783
0.9,81,0.8381849315068494,0.26491052332349674,9785
0.9,82,0.8350171232876712,0.26940854114195567,9734
0.9,83,0.8353595890410959,0.2697277596775084,9769
0.9,84,0.8446061643835616,0.270283586992226,9874
0.9,85,0.8407534246575342,0.2701802669602312,9817
0.9,86,0.8363013698630137,0.26835770034077167,9765
0.9,87,0.8419520547945205,0.2705554943238179,9819
0.9,88,0.8404109589041096,0.2676248026566498,9832
0.9,89,0.8424657534246576,0.27174512181677873,9860
0.9,90,0.8376712328767123,0.26801381881991665,9775
0.9,91,0.8449486301369863,0.27198611837937586,9875
0.9,92,0.8428938356164384,0.27270967028103565,9859
0.9,93,0.8422945205479452,0.2692086920869209,9849
0.9,94,0.8435787671232877,0.2689252272665229,9851
0.9,95,0.8404109589041096,0.269055963202278,9827
0.9,96,0.8416952054794521,0.2717319360176503,9853
0.9,97,0.8408390410958904,0.270264329285047,9836
0.9,98,0.8398972602739726,0.268102670639368,9808
0.9,99,0.8420376712328768,0.26975761069477616,9827
0.9,100,0.8407534246575342,0.26865671641791045,9810
