class1_no_show_threshold,class1_high_no_show,mean,std,n,se,ci95,metric
3,0.0,0.9204982876712329,0.0023804204301031417,50,0.0003366422856401859,0.0006598188798547643,average_utilization
3,0.1,0.8838647260273973,0.0030441090950362568,50,0.0004305020367543563,0.0008437839920385384,average_utilization
3,0.2,0.8476849315068493,0.00337781424309522,50,0.00047769507137622707,0.000936282339897405,average_utilization
3,0.3,0.8114743150684931,0.003761499617823671,50,0.0005319563774387449,0.0010426344997799398,average_utilization
3,0.4,0.7745376712328768,0.004148572210272024,50,0.0005866967084250824,0.0011499255485131615,average_utilization
3,0.5,0.7376164383561644,0.0045998263162035,50,0.0006505136760935661,0.0012750068051433896,average_utilization
3,0.6,0.7009931506849315,0.0046796016898692765,50,0.0006617956176317185,0.0012971194105581682,average_utilization
3,0.7,0.6646917808219177,0.004890563512654794,50,0.0006916301247243414,0.001355595044459709,average_utilization
3,0.8,0.627875,0.004658715112948323,50,0.0006588418095964024,0.0012913299468089486,average_utilization
3,0.9,0.5919914383561644,0.004312304210301546,50,0.0006098519099287044,0.0011953097434602607,average_utilization
6,0.0,0.9204982876712329,0.0023804204301031417,50,0.0003366422856401859,0.0006598188798547643,average_utilization
6,0.1,0.8938099315068493,0.002876906290471102,50,0.0004068559893660703,0.0007974377391574978,average_utilization
6,0.2,0.8675342465753425,0.003198566755574971,50,0.00045234564858898324,0.0008865974712344071,average_utilization
6,0.3,0.8412208904109589,0.003662265400025744,50,0.0005179225397726135,0.0010151281779543224,average_utilization
6,0.4,0.8143424657534247,0.004287604355851817,50,0.0006063588230135597,0.001188463293106577,average_utilization
6,0.5,0.7874417808219178,0.004423078051796568,50,0.0006255176968285474,0.0012260146857839527,average_utilization
6,0.6,0.7606609589041097,0.004492270142892393,50,0.0006353029361922144,0.0012451937549367402,average_utilization
6,0.7,0.7339058219178082,0.004788260283029895,50,0.0006771622632433311,0.001327238035956929,average_utilization
6,0.8,0.7069349315068493,0.0048015045582721055,50,0.0006790352866104648,0.0013309091617565109,average_utilization
6,0.9,0.680845890410959,0.00433978955976544,50,0.0006137389253265448,0.001202928293640028,average_utilization
9,0.0,0.9204982876712329,0.0023804204301031417,50,0.0003366422856401859,0.0006598188798547643,average_utilization
9,0.1,0.9010273972602739,0.0028798037591236665,50,0.0004072657533125711,0.0007982408764926393,average_utilization
9,0.2,0.8819571917808219,0.0032264976246048,50,0.0004562956699680683,0.0008943395131374138,average_utilization
9,0.3,0.8629589041095891,0.003626163884072599,50,0.0005128170144242969,0.001005121348271622,average_utilization
9,0.4,0.8434623287671232,0.00413816536989862,50,0.0005852249589453303,0.0011470409195328474,average_utilization
9,0.5,0.8238527397260275,0.004175815849348115,50,0.0005905495408120629,0.0011574770999916433,average_utilization
9,0.6,0.8043116438356164,0.004325312555856387,50,0.0006116915677994738,0.0011989154728869686,average_utilization
9,0.7,0.7848801369863014,0.004595246243968664,50,0.0006498659560664508,0.0012737372738902436,average_utilization
9,0.8,0.7649845890410958,0.004629511867077595,50,0.0006547118469588324,0.0012832352200393114,average_utilization
9,0.9,0.745943493150685,0.004449664755446959,50,0.0006292776245166651,0.0012333841440526636,average_utilization
12,0.0,0.9204982876712329,0.0023804204301031417,50,0.0003366422856401859,0.0006598188798547643,average_utilization
12,0.1,0.920318493150685,0.0023631605663944825,50,0.0003342013723060362,0.0006550346897198309,average_utilization
12,0.2,0.9201489726027396,0.0023655756118264913,50,0.0003345429113064056,0.000655704106160555,average_utilization
12,0.3,0.9199948630136986,0.0023877067364636777,50,0.0003376727249676534,0.0006618385409366007,average_utilization
12,0.4,0.9198390410958903,0.0024222804709261793,50,0.00034256218938552905,0.0006714218911956369,average_utilization
12,0.5,0.9196746575342466,0.0024775387753020093,50,0.00035037689373373297,0.0006867387117181166,average_utilization
12,0.6,0.9195171232876713,0.002498699977167668,50,0.0003533695396011859,0.0006926042976183244,average_utilization
12,0.7,0.9193561643835616,0.002533238150239542,50,0.0003582539748789692,0.0007021777907627797,average_utilization
12,0.8,0.9191849315068494,0.0025786561585433715,50,0.0003646770512108942,0.0007147670203733526,average_utilization
12,0.9,0.9190565068493151,0.0026292830721511996,50,0.0003718367779954223,0.0007288000848710278,average_utilization
3,0.0,0.2939626728497289,0.0018902382404866484,50,0.00026732005558124743,0.0005239473089392449,overall_percent_serviced
3,0.1,0.2822902056060414,0.0018989793097336804,50,0.0002685562294491269,0.0005263702097202887,overall_percent_serviced
3,0.2,0.270724004692039,0.0019038117983068712,50,0.00026923964653714885,0.0005277097072128118,overall_percent_serviced
3,0.3,0.2591465802563461,0.001959894615987923,50,0.000277170954675213,0.0005432550711634175,overall_percent_serviced
3,0.4,0.24734783201192692,0.0020108721589823355,50,0.00028438026794312855,0.0005573853251685319,overall_percent_serviced
3,0.5,0.2355890794944125,0.002118374527518434,50,0.00029958339870022666,0.0005871834614524442,overall_percent_serviced
3,0.6,0.2239192437893992,0.0020716751505579782,50,0.0002929791094750416,0.0005742390545710815,overall_percent_serviced
3,0.7,0.21232411235152127,0.002066707609297347,50,0.0002922765930527984,0.0005728621223834848,overall_percent_serviced
3,0.8,0.20058332635582182,0.0020236580298535595,50,0.00028618846314241216,0.0005609293877591278,overall_percent_serviced
3,0.9,0.1890944406054913,0.0018317718731273769,50,0.00025905166261503044,0.0005077412587254597,overall_percent_serviced
6,0.0,0.2939626728497289,0.0018902382404866484,50,0.00026732005558124743,0.0005239473089392449,overall_percent_serviced
6,0.1,0.2854801889475907,0.0019333289787677704,50,0.0002734140062302306,0.000535891452211252,overall_percent_serviced
6,0.2,0.27708844880788996,0.0019656717617313663,50,0.00027798796646143133,0.0005448564142644054,overall_percent_serviced
6,0.3,0.26868478149746766,0.0020458483900155475,50,0.00028932665397191483,0.000567080241784953,overall_percent_serviced
6,0.4,0.2600917213742623,0.002170588380643559,50,0.0003069675526235575,0.0006016564031421726,overall_percent_serviced
6,0.5,0.25154227282390357,0.0022071096633824367,50,0.00031213244196001585,0.0006117795862416311,overall_percent_serviced
6,0.6,0.24301778866367113,0.0021541715734334703,50,0.0003046458654828203,0.0005971058963463278,overall_percent_serviced
6,0.7,0.23447847623992535,0.002209105114203722,50,0.0003124146413214668,0.000612332696990075,overall_percent_serviced
6,0.8,0.2258901796649919,0.0021659569825232274,50,0.0003063125740201053,0.0006003726450794064,overall_percent_serviced
6,0.9,0.21753577975455102,0.001981996277986848,50,0.00028029660169019954,0.0005493813393127911,overall_percent_serviced
9,0.0,0.2939626728497289,0.0018902382404866484,50,0.00026732005558124743,0.0005239473089392449,overall_percent_serviced
9,0.1,0.28778311221424285,0.001926197010211404,50,0.00027240539356434743,0.000533914571386121,overall_percent_serviced
9,0.2,0.2816943150239498,0.001954047808328612,50,0.0002763440912063745,0.000541634418764494,overall_percent_serviced
9,0.3,0.2756412856792754,0.0020284988011497838,50,0.0002868730515843588,0.0005622711811053432,overall_percent_serviced
9,0.4,0.26940914165314767,0.0021188298596956268,50,0.00029964779239426376,0.0005873096730927569,overall_percent_serviced
9,0.5,0.2631768555044347,0.0021447795821352327,50,0.00030331763733565457,0.000594502569177883,overall_percent_serviced
9,0.6,0.25696970251938395,0.002120027579559908,50,0.00029981717556186276,0.000587641664101251,overall_percent_serviced
9,0.7,0.25075421813155213,0.002184151485956365,50,0.000308885665371684,0.0006054159041285006,overall_percent_serviced
9,0.8,0.24443172059143933,0.0021541497956516064,50,0.0003046427856393733,0.0005970998598531717,overall_percent_serviced
9,0.9,0.23833682849002394,0.0019992621453639842,50,0.00028273836407128765,0.0005541671935797238,overall_percent_serviced
12,0.0,0.2939626728497289,0.0018902382404866484,50,0.00026732005558124743,0.0005239473089392449,overall_percent_serviced
12,0.1,0.2939042619836242,0.001913275480233908,50,0.00027057801327026894,0.0005303329060097271,overall_percent_serviced
12,0.2,0.2938479801363326,0.0019274937687873961,50,0.0002725887829208766,0.0005342740145249181,overall_percent_serviced
12,0.3,0.2937988280436206,0.001950383821963119,50,0.0002758259252853315,0.0005406188135592497,overall_percent_serviced
12,0.4,0.29374745622302983,0.001967689113041371,50,0.0002782732630196993,0.0005454155955186106,overall_percent_serviced
12,0.5,0.29369504520433704,0.0019951679926677964,50,0.00028215936344435017,0.0005530323523509263,overall_percent_serviced
12,0.6,0.2936437104569143,0.0020161038707382853,50,0.00028512014371509764,0.0005588354816815914,overall_percent_serviced
12,0.7,0.29359238013415195,0.0020372059215921045,50,0.0002881044243662334,0.0005646846717578175,overall_percent_serviced
12,0.8,0.2935366851658815,0.002063883445640967,50,0.000291877195998277,0.0005720793041566229,overall_percent_serviced
12,0.9,0.2934941081218358,0.00208663642091295,50,0.0002950949526196748,0.0005783861071345626,overall_percent_serviced
3,0.0,0.8513784892496631,0.003489368115562761,50,0.0004934711713141106,0.0009672034957756567,class1_high_delay_exposure_share
3,0.1,0.8513784892496631,0.003489368115562761,50,0.0004934711713141106,0.0009672034957756567,class1_high_delay_exposure_share
3,0.2,0.8513784892496631,0.003489368115562761,50,0.0004934711713141106,0.0009672034957756567,class1_high_delay_exposure_share
3,0.3,0.8513784892496631,0.003489368115562761,50,0.0004934711713141106,0.0009672034957756567,class1_high_delay_exposure_share
3,0.4,0.8513784892496631,0.003489368115562761,50,0.0004934711713141106,0.0009672034957756567,class1_high_delay_exposure_share
3,0.5,0.8513784892496631,0.003489368115562761,50,0.0004934711713141106,0.0009672034957756567,class1_high_delay_exposure_share
3,0.6,0.8513784892496631,0.003489368115562761,50,0.0004934711713141106,0.0009672034957756567,class1_high_delay_exposure_share
3,0.7,0.8513784892496631,0.003489368115562761,50,0.0004934711713141106,0.0009672034957756567,class1_high_delay_exposure_share
3,0.8,0.8513784892496631,0.003489368115562761,50,0.0004934711713141106,0.0009672034957756567,class1_high_delay_exposure_share
3,0.9,0.8513784892496631,0.003489368115562761,50,0.0004934711713141106,0.0009672034957756567,class1_high_delay_exposure_share
6,0.0,0.7027682156817618,0.00452194801459465,50,0.0006395000210585843,0.0012534200412748252,class1_high_delay_exposure_share
6,0.1,0.7027682156817618,0.00452194801459465,50,0.0006395000210585843,0.0012534200412748252,class1_high_delay_exposure_share
6,0.2,0.7027682156817618,0.00452194801459465,50,0.0006395000210585843,0.0012534200412748252,class1_high_delay_exposure_share
6,0.3,0.7027682156817618,0.00452194801459465,50,0.0006395000210585843,0.0012534200412748252,class1_high_delay_exposure_share
6,0.4,0.7027682156817618,0.00452194801459465,50,0.0006395000210585843,0.0012534200412748252,class1_high_delay_exposure_share
6,0.5,0.7027682156817618,0.00452194801459465,50,0.0006395000210585843,0.0012534200412748252,class1_high_delay_exposure_share
6,0.6,0.7027682156817618,0.00452194801459465,50,0.0006395000210585843,0.0012534200412748252,class1_high_delay_exposure_share
6,0.7,0.7027682156817618,0.00452194801459465,50,0.0006395000210585843,0.0012534200412748252,class1_high_delay_exposure_share
6,0.8,0.7027682156817618,0.00452194801459465,50,0.0006395000210585843,0.0012534200412748252,class1_high_delay_exposure_share
6,0.9,0.7027682156817618,0.00452194801459465,50,0.0006395000210585843,0.0012534200412748252,class1_high_delay_exposure_share
9,0.0,0.5529553996835491,0.006005892564687669,50,0.0008493614719137032,0.0016647484849508583,class1_high_delay_exposure_share
9,0.1,0.5529553996835491,0.006005892564687669,50,0.0008493614719137032,0.0016647484849508583,class1_high_delay_exposure_share
9,0.2,0.5529553996835491,0.006005892564687669,50,0.0008493614719137032,0.0016647484849508583,class1_high_delay_exposure_share
9,0.3,0.5529553996835491,0.006005892564687669,50,0.0008493614719137032,0.0016647484849508583,class1_high_delay_exposure_share
9,0.4,0.5529553996835491,0.006005892564687669,50,0.0008493614719137032,0.0016647484849508583,class1_high_delay_exposure_share
9,0.5,0.5529553996835491,0.006005892564687669,50,0.0008493614719137032,0.0016647484849508583,class1_high_delay_exposure_share
9,0.6,0.5529553996835491,0.006005892564687669,50,0.0008493614719137032,0.0016647484849508583,class1_high_delay_exposure_share
9,0.7,0.5529553996835491,0.006005892564687669,50,0.0008493614719137032,0.0016647484849508583,class1_high_delay_exposure_share
9,0.8,0.5529553996835491,0.006005892564687669,50,0.0008493614719137032,0.0016647484849508583,class1_high_delay_exposure_share
9,0.9,0.5529553996835491,0.006005892564687669,50,0.0008493614719137032,0.0016647484849508583,class1_high_delay_exposure_share
12,0.0,0.005728718373132598,0.004537493363210961,50,0.0006416984653430849,0.0012577289920724464,class1_high_delay_exposure_share
12,0.1,0.005728718373132598,0.004537493363210961,50,0.0006416984653430849,0.0012577289920724464,class1_high_delay_exposure_share
12,0.2,0.005728718373132598,0.004537493363210961,50,0.0006416984653430849,0.0012577289920724464,class1_high_delay_exposure_share
12,0.3,0.005728718373132598,0.004537493363210961,50,0.0006416984653430849,0.0012577289920724464,class1_high_delay_exposure_share
12,0.4,0.005728718373132598,0.004537493363210961,50,0.0006416984653430849,0.0012577289920724464,class1_high_delay_exposure_share
12,0.5,0.005728718373132598,0.004537493363210961,50,0.0006416984653430849,0.0012577289920724464,class1_high_delay_exposure_share
12,0.6,0.005728718373132598,0.004537493363210961,50,0.0006416984653430849,0.0012577289920724464,class1_high_delay_exposure_share
12,0.7,0.005728718373132598,0.004537493363210961,50,0.0006416984653430849,0.0012577289920724464,class1_high_delay_exposure_share
12,0.8,0.005728718373132598,0.004537493363210961,50,0.0006416984653430849,0.0012577289920724464,class1_high_delay_exposure_share
12,0.9,0.005728718373132598,0.004537493363210961,50,0.0006416984653430849,0.0012577289920724464,class1_high_delay_exposure_share
3,0.0,0.0,0.0,50,0.0,0.0,class1_no_show_slot_loss
3,0.1,0.03651883561643836,0.00192458953858303,50,0.0002721780627465498,0.0005334690029832376,class1_no_show_slot_loss
3,0.2,0.0727054794520548,0.0024743365314574862,50,0.0003499240280662379,0.0006858510950098263,class1_no_show_slot_loss
3,0.3,0.10892808219178082,0.0029811365936423207,50,0.00042159638020157004,0.0008263289051950773,class1_no_show_slot_loss
3,0.4,0.14584246575342466,0.0034089466997033746,50,0.00048209786561275147,0.0009449118166009929,class1_no_show_slot_loss
3,0.5,0.18263356164383562,0.00374599189270413,50,0.0005297632539201841,0.0010383359776835607,class1_no_show_slot_loss
3,0.6,0.21914383561643835,0.003703202580623311,50,0.0005237119313732531,0.0010264753854915762,class1_no_show_slot_loss
3,0.7,0.25542123287671237,0.0039887217807410575,50,0.0005640904438856966,0.0011056172700159652,class1_no_show_slot_loss
3,0.8,0.2921558219178082,0.0040344941674824,50,0.0005705636368968759,0.0011183047283178768,class1_no_show_slot_loss
3,0.9,0.32809931506849316,0.003996798095009788,50,0.0005652326072029792,0.0011078559101178392,class1_no_show_slot_loss
6,0.0,0.0,0.0,50,0.0,0.0,class1_no_show_slot_loss
6,0.1,0.026539383561643835,0.0016784895425090995,50,0.000237374267531778,0.0004652535643622849,class1_no_show_slot_loss
6,0.2,0.05279452054794521,0.0021560971202243652,50,0.0003049181789214871,0.0005976396306861147,class1_no_show_slot_loss
6,0.3,0.0790873287671233,0.0027098490853909394,50,0.00038323053285441936,0.000751131844394662,class1_no_show_slot_loss
6,0.4,0.10597260273972603,0.003417729573424134,50,0.0004833399515260023,0.0009473463049909645,class1_no_show_slot_loss
6,0.5,0.13272260273972603,0.003455619058005929,50,0.0004886983338226923,0.0009578487342924769,class1_no_show_slot_loss
6,0.6,0.15939212328767124,0.0034356586130340617,50,0.0004858755006236707,0.0009523159812223946,class1_no_show_slot_loss
6,0.7,0.18610958904109587,0.003744721751061489,50,0.0005295836287664683,0.0010379839123822777,class1_no_show_slot_loss
6,0.8,0.21297945205479452,0.0038646222811121876,50,0.0005465401243398103,0.0010712186437060282,class1_no_show_slot_loss
6,0.9,0.2391164383561644,0.003640815916089117,50,0.0005148891246637053,0.0010091826843408624,class1_no_show_slot_loss
9,0.0,0.0,0.0,50,0.0,0.0,class1_no_show_slot_loss
9,0.1,0.01933390410958904,0.0015639028144644144,50,0.0002211692570449029,0.0004334917438080097,class1_no_show_slot_loss
9,0.2,0.03838356164383561,0.002075687624630999,50,0.00029354655900031527,0.0005753512556406179,class1_no_show_slot_loss
9,0.3,0.05732191780821918,0.0025615669357076606,50,0.00036226027014042635,0.0007100301294752356,class1_no_show_slot_loss
9,0.4,0.07682020547945205,0.0031496368674409567,50,0.0004454259174485311,0.0008730347981991209,class1_no_show_slot_loss
9,0.5,0.09632020547945207,0.003191472840598209,50,0.0004513424175119374,0.0008846311383233972,class1_no_show_slot_loss
9,0.6,0.11573972602739727,0.0032345804480840503,50,0.00045743875382673064,0.000896579957500392,class1_no_show_slot_loss
9,0.7,0.13518664383561643,0.003571909817320322,50,0.0005051443307228004,0.0009900828882166888,class1_no_show_slot_loss
9,0.8,0.15496746575342465,0.003754095082269386,50,0.0005309092179783505,0.001040582067237567,class1_no_show_slot_loss
9,0.9,0.17403424657534244,0.0036375438069442137,50,0.0005144263785506766,0.001008275701959326,class1_no_show_slot_loss
12,0.0,0.0,0.0,50,0.0,0.0,class1_no_show_slot_loss
12,0.1,0.0001832191780821918,0.0002118528059727957,50,2.996051114335235e-05,5.8722601840970606e-05,class1_no_show_slot_loss
12,0.2,0.00035958904109589036,0.00033851155829496207,50,4.787276367607859e-05,9.383061680511404e-05,class1_no_show_slot_loss
12,0.3,0.0005136986301369863,0.00043963309089069063,50,6.217350796056183e-05,0.00012186007560270117,class1_no_show_slot_loss
12,0.4,0.0006746575342465753,0.0005774859561292736,50,8.166884712380129e-05,0.00016007094036265052,class1_no_show_slot_loss
12,0.5,0.000839041095890411,0.0007034639845669474,50,9.948483076155945e-05,0.0001949902682926565,class1_no_show_slot_loss
12,0.6,0.001,0.0008409039756865574,50,0.00011892178070693848,0.00023308669018559942,class1_no_show_slot_loss
12,0.7,0.0011609589041095892,0.000991106076955425,50,0.00014016356557807543,0.0002747205885330278,class1_no_show_slot_loss
12,0.8,0.0013356164383561645,0.0011193797640555335,50,0.00015830420437733304,0.00031027624057957277,class1_no_show_slot_loss
12,0.9,0.0014691780821917807,0.0012260678084121763,50,0.00017339217230455574,0.0003398486577169292,class1_no_show_slot_loss
3,0.0,0.3191726482978694,0.0028294721345843293,50,0.00040014778670859096,0.0007842896619488383,class1_served_rate
3,0.1,0.295843038161901,0.002828302425382011,50,0.00039998236484679585,0.0007839654350997199,class1_served_rate
3,0.2,0.2727273415249461,0.002870565348695786,50,0.0004059592447803833,0.0007956801197695513,class1_served_rate
3,0.3,0.2495886654562627,0.002658329327398806,50,0.0003759445388061539,0.0007368512960600616,class1_served_rate
3,0.4,0.2260089302030231,0.0027766524341349477,50,0.000392677953034991,0.0007696487879485824,class1_served_rate
3,0.5,0.20250906136612845,0.0028757009937029868,50,0.000406685534662455,0.0007971036479384118,class1_served_rate
3,0.6,0.17918396688783186,0.002878305577354301,50,0.0004070538784148574,0.0007978256016931205,class1_served_rate
3,0.7,0.15601239115951535,0.0027740773847842203,50,0.00039231378606343313,0.0007689350206843289,class1_served_rate
3,0.8,0.13254666483448962,0.0025628447664331777,50,0.00036244098269467065,0.0007103843260815544,class1_served_rate
3,0.9,0.10958477495406538,0.0023404277434302327,50,0.00033098646565132936,0.0006487334726766055,class1_served_rate
6,0.0,0.3191726482978694,0.0028294721345843293,50,0.00040014778670859096,0.0007842896619488383,class1_served_rate
6,0.1,0.3022187703948851,0.002833360264528416,50,0.0004006976513185106,0.0007853673965842807,class1_served_rate
6,0.2,0.28544708044867834,0.0028615487680456924,50,0.000404684107716224,0.000793180851123799,class1_served_rate
6,0.3,0.2686512092333979,0.0027680843970390324,50,0.00039146624960859506,0.0007672738492328463,class1_served_rate
6,0.4,0.2514775878292801,0.0030184607786110955,50,0.00042687481706030634,0.0008366746414382004,class1_served_rate
6,0.5,0.23439163561832876,0.0030885371729031004,50,0.0004367851157813021,0.0008560988269313521,class1_served_rate
6,0.6,0.2173533069007491,0.003013981511385305,50,0.0004262413530142857,0.000835433051908,class1_served_rate
6,0.7,0.2002888249846643,0.0030516999752810757,50,0.0004315755493336136,0.0008458880766938826,class1_served_rate
6,0.8,0.18312379895773379,0.0028775915610770773,50,0.0004069529012645569,0.0007976276864785314,class1_served_rate
6,0.9,0.1664262780542404,0.0027013220067765658,50,0.0003820246218320325,0.0007487682587907836,class1_served_rate
9,0.0,0.3191726482978694,0.0028294721345843293,50,0.00040014778670859096,0.0007842896619488383,class1_served_rate
9,0.1,0.30682116567038514,0.002837311808443828,50,0.00040125648401825945,0.0007864627086757886,class1_served_rate
9,0.2,0.29465207649628944,0.0028516783790849937,50,0.0004032882239228122,0.0007904449188887119,class1_served_rate
9,0.3,0.28255444160245247,0.002758052025532206,50,0.00039004745802382316,0.0007644930177266934,class1_served_rate
9,0.4,0.2700994887685433,0.0029214258696826363,50,0.0004131520086372798,0.0008097779369290684,class1_served_rate
9,0.5,0.2576448864040259,0.003044228929415986,50,0.0004305189838948615,0.0008438172084339285,class1_served_rate
9,0.6,0.24523813201625125,0.002997149466224167,50,0.00042386094235935,0.0008307674470243259,class1_served_rate
9,0.7,0.23281755041825739,0.0031295897344533127,50,0.0004425908247127488,0.0008674780164369876,class1_served_rate
9,0.8,0.220181902176163,0.003050472183014568,50,0.00043140191328610645,0.0008455477500407686,class1_served_rate
9,0.9,0.20800013899782807,0.0029291270395576307,50,0.00041424111852561546,0.0008119125923102063,class1_served_rate
12,0.0,0.3191726482978694,0.0028294721345843293,50,0.00040014778670859096,0.0007842896619488383,class1_served_rate
12,0.1,0.3190559157656036,0.0028444712667205895,50,0.0004022689843176835,0.0007884472092626597,class1_served_rate
12,0.2,0.3189435234073041,0.002849699102223608,50,0.0004030083119047059,0.0007898962913332235,class1_served_rate
12,0.3,0.31884525417545656,0.00287679920333461,50,0.0004068408449579921,0.0007974080561176644,class1_served_rate
12,0.4,0.31874264895627763,0.002902359065038483,50,0.0004104555552653918,0.0008044928883201679,class1_served_rate
12,0.5,0.3186379743500206,0.0029239901079063666,50,0.00041351464668459533,0.0008104887075018069,class1_served_rate
12,0.6,0.3185354307474976,0.0029353525454143756,50,0.0004151215380071396,0.0008136382144939936,class1_served_rate
12,0.7,0.318432965476052,0.0029556542601029572,50,0.00041799263403234177,0.0008192655627033899,class1_served_rate
12,0.8,0.31832176879769014,0.00299670928190831,50,0.000423798690896407,0.0008306454341569578,class1_served_rate
12,0.9,0.3182367891320618,0.0030174607544734516,50,0.00042673339229049067,0.0008363974488893617,class1_served_rate
