background_id,source_scenario_ids,scenario_type,rho,class1_share,slots_per_day,lambda_total,lambda_class1,lambda_class2,horizon_class1,horizon_class2,cancel_class1,cancel_class2,balk_threshold_class1,balk_threshold_class2,balk_low_class1,balk_low_class2,balk_high_class1,balk_high_class2,noshow_threshold_class1,noshow_threshold_class2,noshow_low_class1,noshow_low_class2,noshow_high_class1,noshow_high_class2,start_within_step,start_post_gap,baseline_class1_low,baseline_class1_high,baseline_class2_low,baseline_class2_high,n_paired_seeds,mean_class1_low_regime_offer_share,mean_class1_high_regime_offer_share,mean_class2_high_regime_offer_share,exposure_active,delta_step_effect,delta_step_effect_ci_low,delta_step_effect_ci_high,absolute_step_effect,delta_gap_effect,delta_gap_effect_ci_low,delta_gap_effect_ci_high,absolute_gap_effect,absolute_effect_difference,absolute_effect_difference_ci_low,absolute_effect_difference_ci_high,share_seeds_gap_effect_larger,failure_component,classification
H8B0007,A007,anchor,2.0,0.3,16,32.0,9.6,22.4,14,14,0.1,0.1,9,9,0.4,0.0,0.5,0.4,6,6,0.0,0.0,0.3,0.3,0.1,0.1,0.4,0.5,0.0,0.4,20,0.944090248817842,0.05590975118215793,0.04295191445426594,True,0.035949619761065796,0.03171736295741204,0.040181876564719554,0.035949619761065796,-0.0014347705051647008,-0.00651820898032565,0.003648667969996248,0.0084070199349354,-0.027542599826130398,-0.032766325713654995,-0.022318873938605797,0.0,within_class_effect_larger,reversed
H8B0010,A010,anchor,3.1,0.9,16,49.6,44.64,4.959999999999999,14,14,0.1,0.1,9,9,0.4,0.0,0.5,0.1,6,6,0.0,0.0,0.3,0.3,0.1,0.4,0.4,0.5,0.0,0.1,20,0.5300470128265754,0.4699529871734246,0.3747792356167035,True,0.0033616670850899547,0.001995195487513124,0.004728138682666786,0.003919014399876915,-0.0008804642404879742,-0.002570271009003351,0.0008093425280274024,0.0028703314803560976,-0.0010486829195208171,-0.002367088765492942,0.0002697229264513076,0.2,absolute_effect_difference_inconclusive,inconclusive
H8B0011,A011,anchor,3.1,0.1,32,99.2,9.920000000000002,89.28,14,14,0.1,0.1,9,9,0.3,0.0,0.5,0.5,6,6,0.0,0.0,0.3,0.3,0.2,0.0,0.3,0.5,0.0,0.5,20,0.29877351451501094,0.701226485484989,0.6969203192799537,True,0.015819798967308146,0.012219847447942092,0.0194197504866742,0.015819798967308146,-0.01686709327902961,-0.02108882423937727,-0.012645362318681953,0.016972998133265537,0.0011531991659573914,-0.005557194381799355,0.007863592713714137,0.5,absolute_effect_difference_inconclusive,inconclusive
H8B0012,A012,anchor,3.1,0.3,64,198.4,59.52,138.88,14,14,0.1,0.1,9,9,0.3,0.0,0.5,0.4,6,6,0.0,0.0,0.3,0.3,0.2,0.1,0.3,0.5,0.0,0.4,20,0.3144036006554658,0.6855963993445343,0.6750511602720866,True,0.015290727262291267,0.01371675015578715,0.016864704368795384,0.015290727262291267,-0.007843062974317952,-0.009408274386858229,-0.006277851561777676,0.007843062974317952,-0.007447664287973313,-0.010172244792511493,-0.004723083783435134,0.15,within_class_effect_larger,reversed
H8B0013,A013,anchor,4.0,0.5,16,64.0,32.0,32.0,14,14,0.1,0.1,9,9,0.3,0.0,0.5,0.3,6,6,0.0,0.0,0.3,0.3,0.2,0.2,0.3,0.5,0.0,0.3,20,0.3216717858727745,0.6783282141272254,0.6606248398543949,True,0.009980600344768005,0.007975346253275752,0.011985854436260258,0.009980600344768005,-0.004563762162529965,-0.006841332407426461,-0.0022861919176334696,0.005476583328158295,-0.00450401701660971,-0.007944459372619554,-0.0010635746605998668,0.25,within_class_effect_larger,reversed
H8B0014,A014,anchor,4.0,0.7,32,128.0,89.6,38.400000000000006,14,14,0.1,0.1,9,9,0.3,0.0,0.5,0.2,6,6,0.0,0.0,0.3,0.3,0.2,0.3,0.3,0.5,0.0,0.2,20,0.3313647659357596,0.6686352340642404,0.6525385994798134,True,0.0063552302704003565,0.005261969631643203,0.00744849090915751,0.0063552302704003565,-0.002367253345910034,-0.0034068974686952006,-0.0013276092231248669,0.0028173661930392447,-0.0035378640773611122,-0.004971927834684947,-0.002103800320037277,0.15,within_class_effect_larger,reversed
H8B0015,A015;X036,anchor,4.0,0.9,64,256.0,230.4,25.599999999999994,14,14,0.1,0.1,9,9,0.3,0.0,0.5,0.1,6,6,0.0,0.0,0.3,0.3,0.2,0.4,0.3,0.5,0.0,0.1,20,0.32594349062428063,0.6740565093757194,0.6582524900237094,True,0.002239281347343358,0.0017059115947942742,0.002772651099892442,0.002249043589505878,-0.0010724007098874098,-0.0016639445328201863,-0.0004808568869546332,0.0012732522111729941,-0.000975791378332884,-0.0017967007625714472,-0.0001548819940943207,0.25,absolute_effect_difference_inconclusive,inconclusive
H8B0020,A020,anchor,4.0,0.5,32,128.0,64.0,64.0,14,14,0.3,0.3,6,6,0.2,0.0,0.5,0.1,6,6,0.7,0.7,0.7,0.7,0.3,0.4,0.2,0.5,0.0,0.1,20,0.486869279860805,0.5131307201391948,0.49976653094428247,True,0.003942819783637805,0.00277857907733981,0.0051070604899358,0.004144198978649605,-0.0004556387381296566,-0.0017648766161873718,0.0008535991399280587,0.0023115665229560345,-0.0018326324556935704,-0.003141803856125677,-0.0005234610552614636,0.25,absolute_effect_difference_inconclusive,inconclusive
H8B0022,A022,anchor,4.0,0.9,16,64.0,57.6,6.399999999999999,7,7,0.5,0.5,4,4,0.1,0.0,0.5,0.4,4,4,0.5,0.5,0.7,0.7,0.4,0.1,0.1,0.5,0.0,0.4,20,0.5458843602544429,0.45411563974555713,0.42673245926779674,True,-0.00017544213960581645,-0.0015825420880401313,0.0012316578088284983,0.0024571233968677885,-0.0007251387658791936,-0.0022343417632849742,0.0007840642315265873,0.0027465627350842835,0.00028943933821649475,-0.0007298993336761867,0.0013087780101091763,0.45,absolute_effect_difference_inconclusive,inconclusive
H8B0025,A025,anchor,4.0,0.5,32,128.0,64.0,64.0,28,28,0.1,0.1,4,4,0.1,0.0,0.5,0.1,4,4,0.0,0.0,0.7,0.7,0.4,0.4,0.1,0.5,0.0,0.1,20,0.10303534886374262,0.8969646511362572,0.8946373220289342,True,0.004310654433656454,0.0029860889293069647,0.005635219938005944,0.0045997804084025855,-0.002656775260290979,-0.0035206761089532973,-0.0017928744116286607,0.0027050156070349595,-0.0018947648013676259,-0.0034814993811603566,-0.0003080302215748953,0.2,absolute_effect_difference_inconclusive,inconclusive
H8B0041,S009,sobol_symmetric,2.0,0.3,32,64.0,19.2,44.8,28,28,0.1,0.1,9,9,0.2,0.0,0.5,0.5,4,4,0.5,0.5,0.5,0.5,0.3,0.0,0.2,0.5,0.0,0.5,20,0.8794690899409054,0.12053091005909451,0.10209424492310055,True,0.016644624458300582,0.013887162182180278,0.019402086734420884,0.016644624458300582,-0.0030287295832489166,-0.005770147718822237,-0.0002873114476755964,0.005506844427077974,-0.01113778003122261,-0.014979840428968825,-0.007295719633476394,0.1,within_class_effect_larger,reversed
H8B0048,S016,sobol_symmetric,3.1,0.9,64,198.4,178.56,19.84,28,28,0.1,0.1,12,12,0.1,0.0,0.5,0.3,9,9,0.0,0.0,0.7,0.7,0.4,0.2,0.1,0.5,0.0,0.3,20,0.44053448978855236,0.5594655102114476,0.5257108281784878,True,0.002376143872848878,0.0014066956035975395,0.0033455921421002167,0.0025369292470144565,0.0004412608626025341,-0.00020117551315691854,0.0010836972383619868,0.0010527217094779314,-0.0014842075375365248,-0.002255747991046512,-0.0007126670840265377,0.25,absolute_effect_difference_inconclusive,inconclusive
H8B0049,S017,sobol_symmetric,3.1,0.1,32,99.2,9.920000000000002,89.28,7,7,0.3,0.3,4,4,0.1,0.0,0.5,0.2,4,4,0.0,0.0,0.5,0.5,0.4,0.3,0.1,0.5,0.0,0.2,20,0.422697248244946,0.577302751755054,0.5652319941655485,True,0.018789478176255918,0.014974136241382614,0.02260482011112922,0.018789478176255918,-0.003116061017296162,-0.0069126522382352475,0.0006805302036429228,0.006927457911344073,-0.011862020264911843,-0.016781784084134208,-0.0069422564456894775,0.15,within_class_effect_larger,reversed
H8B0052,S020,sobol_symmetric,4.0,0.5,64,256.0,128.0,128.0,28,28,0.5,0.5,4,4,0.5,0.0,0.5,0.4,6,6,0.0,0.0,0.0,0.0,0.0,0.1,0.5,0.5,0.0,0.4,20,0.7033531717758302,0.29664682822416977,0.26956051902567435,True,0.02067231751820898,0.019520247699625435,0.02182438733679252,0.02067231751820898,0.00012136384917172394,-0.0010660571471562408,0.0013087848454996888,0.001835155823170362,-0.018837161695038608,-0.020136128108460296,-0.01753819528161692,0.0,within_class_effect_larger,reversed
H8B0053,S021,sobol_symmetric,4.0,0.3,32,128.0,38.4,89.6,28,28,0.5,0.5,6,6,0.5,0.0,0.5,0.3,12,12,0.3,0.3,0.7,0.7,0.0,0.2,0.5,0.5,0.0,0.3,20,0.9628918138415987,0.037108186158401266,0.025356542617999207,True,0.01674647832577556,0.014933129780577273,0.01855982687097385,0.01674647832577556,0.0006175612100557795,-0.0008551586981409403,0.002090281118252499,0.002773466346876782,-0.013973011978898778,-0.01599320819102157,-0.011952815766775989,0.0,within_class_effect_larger,reversed
H8B0059,S028,sobol_symmetric,3.1,0.9,32,99.2,89.28,9.919999999999998,21,21,0.1,0.1,6,6,0.4,0.0,0.5,0.2,9,9,0.5,0.5,0.7,0.7,0.1,0.3,0.4,0.5,0.0,0.2,20,0.2848353255680073,0.7151646744319927,0.6950099281956688,True,-0.0026193849344056234,-0.003951241597840005,-0.0012875282709712416,0.0028796121693920136,-0.0027211520581313167,-0.004168083681723824,-0.00127422043453881,0.003455547801701715,0.0005759356323097014,-0.0007526716806323715,0.0019045429452517744,0.6,absolute_effect_difference_inconclusive,inconclusive
H8B0060,S029,sobol_symmetric,4.0,0.1,16,64.0,6.4,57.6,21,21,0.1,0.1,4,4,0.4,0.0,0.5,0.1,4,4,0.0,0.0,0.3,0.3,0.1,0.4,0.4,0.5,0.0,0.1,20,0.1252823321227697,0.8747176678772302,0.8687966898935697,True,0.004374464230871331,0.0004285118389831602,0.008320416622759503,0.00801164970592208,-0.007514136658102332,-0.012023910309784273,-0.0030043630064203923,0.010201948834833302,0.002190299128911223,-0.0014023592483343923,0.005782957506156839,0.75,absolute_effect_difference_inconclusive,inconclusive
H8B0064,S033,sobol_symmetric,3.1,0.1,64,198.4,19.840000000000003,178.56,7,7,0.5,0.5,4,4,0.3,0.0,0.5,0.2,4,4,0.5,0.5,0.5,0.5,0.2,0.3,0.3,0.5,0.0,0.2,20,0.7150759917042807,0.28492400829571923,0.28898584333844984,True,0.01506102783635509,0.012310738977058828,0.017811316695651353,0.01506102783635509,-0.0035644750414223552,-0.00680606931376368,-0.0003228807690810304,0.006162134934435565,-0.008898892901919525,-0.013036712298709383,-0.0047610735051296675,0.1,within_class_effect_larger,reversed
H8B0066,S035,sobol_symmetric,1.25,0.3,32,40.0,12.0,28.0,14,14,0.0,0.0,12,12,0.2,0.0,0.5,0.5,9,9,0.0,0.0,0.0,0.0,0.3,0.0,0.2,0.5,0.0,0.5,20,0.6877740057050905,0.31222599429490944,0.3152620672020614,True,0.053349992283376446,0.0492502291803645,0.05744975538638839,0.053349992283376446,-0.016649940799049266,-0.02124272838865078,-0.012057153209447752,0.016721186827517033,-0.036628805455859406,-0.043867283312015115,-0.029390327599703697,0.0,within_class_effect_larger,reversed
H8B0067,S036,sobol_symmetric,4.0,0.7,32,128.0,89.6,38.400000000000006,28,28,0.3,0.3,4,4,0.2,0.0,0.5,0.4,4,4,0.3,0.3,0.5,0.5,0.3,0.1,0.2,0.5,0.0,0.4,20,0.33589687275393604,0.6641031272460639,0.6514950127861632,True,0.004944585280576293,0.003785692668781298,0.0061034778923712875,0.004944585280576293,-0.0013250242679652441,-0.00252047068842902,-0.0001295778475014686,0.0022040947361499003,-0.0027404905444263924,-0.0045947450887922165,-0.000886236000060568,0.15,within_class_effect_larger,reversed
H8B0068,S037,sobol_symmetric,3.1,0.5,16,49.6,24.8,24.8,28,28,0.3,0.3,6,6,0.2,0.0,0.5,0.3,9,9,0.0,0.0,0.3,0.3,0.3,0.2,0.2,0.5,0.0,0.3,20,0.7618678278479616,0.23813217215203827,0.21387156862517326,True,0.018254031128810348,0.015290544420947662,0.021217517836673035,0.018254031128810348,-0.0008877814691610336,-0.0034906373188726757,0.0017150743805506084,0.004262335563262313,-0.013991695565548037,-0.01786653711954437,-0.010116854011551706,0.1,within_class_effect_larger,reversed
H8B0069,S038,sobol_symmetric,1.25,0.5,64,80.0,40.0,40.0,14,14,0.0,0.0,9,9,0.2,0.0,0.5,0.2,4,4,0.3,0.3,0.7,0.7,0.3,0.3,0.2,0.5,0.0,0.2,20,0.5906221893144138,0.40937781068558615,0.3988041346323649,True,-0.0016231547305671043,-0.0048830710322435005,0.0016367615711092916,0.004919146696562711,-0.008119973619449484,-0.010808686075302788,-0.00543126116359618,0.008386486191159734,0.003467339494597023,-6.4094239803423e-05,0.006998773228997468,0.85,absolute_effect_difference_inconclusive,inconclusive
H8B0079,S048,sobol_symmetric,3.1,0.5,16,49.6,24.8,24.8,14,14,0.1,0.1,6,6,0.5,0.0,0.5,0.2,4,4,0.3,0.3,0.3,0.3,0.0,0.3,0.5,0.5,0.0,0.2,20,0.2534132425605579,0.746586757439442,0.736862960742734,True,0.00702060896696851,0.005113440580646011,0.008927777353291009,0.00702060896696851,-0.006452367743784104,-0.007981988112608408,-0.0049227473749598,0.006452367743784104,-0.0005682412231844056,-0.0032588031419283916,0.0021223206955595804,0.45,absolute_effect_difference_inconclusive,inconclusive
H8B0082,S051,sobol_symmetric,2.0,0.1,64,128.0,12.8,115.2,28,28,0.1,0.1,6,6,0.4,0.0,0.5,0.4,6,6,0.0,0.0,0.7,0.7,0.1,0.1,0.4,0.5,0.0,0.4,20,0.5079237010142948,0.49207629898570504,0.5425857268768792,True,0.02877097069626903,0.023729594092788006,0.03381234729975005,0.02877097069626903,-0.034877018836797766,-0.03909249580537957,-0.03066154186821596,0.034877018836797766,0.006106048140528754,-0.0018212781189816058,0.014033374400039114,0.6,absolute_effect_difference_inconclusive,inconclusive
H8B0096,S065,sobol_symmetric,3.1,0.1,64,198.4,19.840000000000003,178.56,14,14,0.1,0.1,9,9,0.1,0.0,0.5,0.5,12,12,0.3,0.3,0.5,0.5,0.4,0.0,0.1,0.5,0.0,0.5,20,0.2921317618085304,0.7078682381914696,0.7048728430271587,True,0.015055716628731123,0.009924339866516706,0.02018709339094554,0.015861840084041564,-0.021879855322892293,-0.025335646189639804,-0.018424064456144782,0.021879855322892293,0.006018015238850731,-0.0011940736790672325,0.013230104156768695,0.65,absolute_effect_difference_inconclusive,inconclusive
H8B0098,S067,sobol_symmetric,2.0,0.5,64,128.0,64.0,64.0,7,7,0.3,0.3,4,4,0.1,0.0,0.5,0.3,4,4,0.0,0.0,0.5,0.5,0.4,0.2,0.1,0.5,0.0,0.3,20,0.9337867577293448,0.06621324227065528,0.03825865904297594,True,0.019791210178674693,0.017827490824884197,0.02175492953246519,0.019791210178674693,-0.0024105483733325578,-0.004527442156247948,-0.00029365459041716694,0.004140369699621812,-0.01565084047905288,-0.01819710304673399,-0.01310457791137177,0.0,within_class_effect_larger,reversed
H8B0106,S075,sobol_symmetric,1.25,0.1,32,40.0,4.0,36.0,14,14,0.0,0.0,6,6,0.4,0.0,0.5,0.5,12,12,0.5,0.5,0.5,0.5,0.1,0.0,0.4,0.5,0.0,0.5,20,0.6456876585549958,0.3543123414450043,0.39175277222803384,True,0.04105103501938019,0.0326102805274291,0.049491789511331284,0.04105103501938019,0.00010140762247262402,-0.008491620345551617,0.008694435590496864,0.013798094084575815,-0.02725294093480437,-0.038120295855752606,-0.016385586013856132,0.05,within_class_effect_larger,reversed
H8B0111,S080,sobol_symmetric,3.1,0.7,32,99.2,69.44,29.760000000000005,7,7,0.5,0.5,4,4,0.3,0.0,0.5,0.5,4,4,0.5,0.5,0.7,0.7,0.2,0.0,0.3,0.5,0.0,0.5,20,0.9311400422843846,0.06885995771561534,0.03459478003489228,True,0.007987613135136186,0.006726823718328988,0.009248402551943384,0.007987613135136186,0.0005049996729555792,-0.0004674079821843747,0.001477407328095533,0.001677414791689051,-0.006310198343447135,-0.007602880247165704,-0.005017516439728566,0.0,within_class_effect_larger,reversed
H8B0115,S084,sobol_symmetric,4.0,0.7,32,128.0,89.6,38.400000000000006,7,7,0.1,0.1,4,4,0.3,0.0,0.5,0.1,4,4,0.3,0.3,0.7,0.7,0.2,0.4,0.3,0.5,0.0,0.1,20,0.21528035928367584,0.7847196407163242,0.7743621071910332,True,0.0025967581086651904,0.001486228942356292,0.0037072872749740887,0.0030278578991497196,-0.00176942648782331,-0.0025134818015483643,-0.0010253711740982555,0.001901255248325001,-0.0011266026508247185,-0.0024440585829836417,0.00019085328133420457,0.35,absolute_effect_difference_inconclusive,inconclusive
H8B0123,S092,sobol_symmetric,3.1,0.7,64,198.4,138.88,59.52000000000001,14,14,0.5,0.5,4,4,0.1,0.0,0.5,0.3,9,9,0.0,0.0,0.5,0.5,0.4,0.2,0.1,0.5,0.0,0.3,20,0.7710104455075928,0.22898955449240727,0.19226114895475507,True,0.009900920391511286,0.008571365106606249,0.011230475676416322,0.009900920391511286,-0.0006994537488439728,-0.0018438602821599437,0.0004449527844719982,0.00195928093469184,-0.007941639456819447,-0.009530984443712236,-0.006352294469926658,0.0,within_class_effect_larger,reversed
H8B0124,S093,sobol_symmetric,4.0,0.3,32,128.0,38.4,89.6,14,14,0.5,0.5,6,6,0.1,0.0,0.5,0.2,4,4,0.7,0.7,0.7,0.7,0.4,0.3,0.1,0.5,0.0,0.2,20,0.826530592346448,0.17346940765355204,0.15762014155076526,True,0.00642585436038082,0.005148815752735256,0.007702892968026383,0.006429174660998691,0.0007673150399963739,-0.0008180976802598198,0.0023527277602525677,0.003060079170171174,-0.0033690954908275174,-0.004755939813489155,-0.0019822511681658796,0.2,within_class_effect_larger,reversed
H8B0125,S094,sobol_symmetric,2.0,0.5,32,64.0,32.0,32.0,28,28,0.1,0.1,9,9,0.1,0.0,0.5,0.1,9,9,0.0,0.0,0.7,0.7,0.4,0.4,0.1,0.5,0.0,0.1,20,0.7846695801876469,0.21533041981235312,0.17883265125726128,True,-0.0017654214908308596,-0.0069768089877962035,0.003445966006134485,0.008828923144920748,-0.012515653645724212,-0.016607468822586617,-0.008423838468861806,0.013078419917406891,0.004249496772486145,-0.0009382209661725101,0.0094372145111448,0.6,absolute_effect_difference_inconclusive,inconclusive
H8B0126,S095,sobol_symmetric,1.25,0.1,64,80.0,8.0,72.0,7,7,0.0,0.0,4,4,0.5,0.0,0.5,0.5,4,4,0.0,0.0,0.3,0.3,0.0,0.0,0.5,0.5,0.0,0.5,20,0.6612122846867357,0.33878771531326424,0.37632530683021453,True,0.06387581178897768,0.05789031856033122,0.06986130501762414,0.06387581178897768,-0.014009091858278217,-0.01930777579858607,-0.008710407917970363,0.014840643850119817,-0.04903516793885785,-0.05739766351155377,-0.04067267236616193,0.0,within_class_effect_larger,reversed
H8B0127,S096,sobol_symmetric,3.1,0.9,16,49.6,44.64,4.959999999999999,21,21,0.3,0.3,4,4,0.5,0.0,0.5,0.4,6,6,0.3,0.3,0.7,0.7,0.0,0.1,0.5,0.5,0.0,0.4,20,0.9175780028505999,0.08242199714940004,0.017413335415271285,True,0.006168772335495715,0.004198395962640791,0.008139148708350639,0.006300090584921305,-0.0010368932604767234,-0.002768163618542498,0.0006943770975890514,0.0028119263267621874,-0.0034881642581591184,-0.005827785413068198,-0.0011485431032500393,0.25,within_class_effect_larger,reversed
H8B0135,S104,sobol_symmetric,2.0,0.7,16,32.0,22.4,9.6,28,28,0.1,0.1,6,6,0.4,0.0,0.5,0.1,12,12,0.5,0.5,0.7,0.7,0.1,0.4,0.4,0.5,0.0,0.1,20,0.8787467810014273,0.12125321899857244,0.04454632412754095,True,0.012139052268017553,0.008972934649777008,0.015305169886258099,0.012377984789600404,-0.0016908007098895713,-0.004094720037084096,0.0007131186173049528,0.004409128291840629,-0.007968856497759774,-0.011486266010694706,-0.004451446984824843,0.1,within_class_effect_larger,reversed
H8B0138,S107,sobol_symmetric,1.25,0.5,32,40.0,20.0,20.0,28,28,0.0,0.0,12,12,0.3,0.0,0.5,0.3,6,6,0.0,0.0,0.5,0.5,0.2,0.2,0.3,0.5,0.0,0.3,20,0.8127335076456695,0.1872664923543304,0.12392732330088181,True,-0.024837977054372108,-0.03986422143453683,-0.009811732674207386,0.034228476839877175,-0.00633236253658945,-0.009825776539055872,-0.0028389485341230284,0.007120931622346974,-0.027107545217530206,-0.0359906408072396,-0.018224449627820813,0.0,within_class_effect_larger,reversed
H8B0139,S108,sobol_symmetric,4.0,0.5,16,64.0,32.0,32.0,14,14,0.3,0.3,4,4,0.3,0.0,0.5,0.2,12,12,0.5,0.5,0.5,0.5,0.2,0.3,0.3,0.5,0.0,0.2,20,0.3430252516684563,0.6569747483315437,0.6472255831772611,True,0.006215124221623663,0.005010151890780809,0.007420096552466516,0.006218333833411243,-0.002914854747691097,-0.004514891252853346,-0.0013148182425288483,0.0038660993220063977,-0.002352234511404845,-0.004247860500951524,-0.00045660852185816546,0.2,absolute_effect_difference_inconclusive,inconclusive
H8B0140,S109,sobol_symmetric,4.0,0.3,16,64.0,19.2,44.8,14,14,0.3,0.3,6,6,0.3,0.0,0.5,0.1,6,6,0.0,0.0,0.7,0.7,0.2,0.4,0.3,0.5,0.0,0.1,20,0.486955919335499,0.513044080664501,0.5061204776480867,True,0.018028881719238825,0.01601615454175996,0.02004160889671769,0.018028881719238825,-0.00045134066796605475,-0.0027689334726985213,0.0018662521367664119,0.004206733080695924,-0.013822148638542902,-0.016127046030623773,-0.01151725124646203,0.0,within_class_effect_larger,reversed
H8B0143,S112,sobol_symmetric,3.1,0.9,32,99.2,89.28,9.919999999999998,21,21,0.5,0.5,4,4,0.2,0.0,0.5,0.3,4,4,0.0,0.0,0.3,0.3,0.3,0.2,0.2,0.5,0.0,0.3,20,0.888269405905677,0.11173059409432291,0.06055951890482163,True,0.0032163981953468755,0.0024637192587446542,0.003969077131949096,0.0032163981953468755,-0.000500897417837845,-0.0017017296836742645,0.0006999348479985745,0.0021733165653505886,-0.0010430816299962869,-0.0021584274668736895,7.22642068811158e-05,0.3,absolute_effect_difference_inconclusive,inconclusive
H8B0147,S116,sobol_symmetric,4.0,0.7,32,128.0,89.6,38.400000000000006,21,21,0.1,0.1,12,12,0.1,0.0,0.5,0.4,12,12,0.0,0.0,0.5,0.5,0.4,0.1,0.1,0.5,0.0,0.4,20,0.31105196976756644,0.6889480302324336,0.6775406947263554,True,0.005886461220310718,0.004529917664668949,0.007243004775952488,0.005926874311752947,-0.001991432467799946,-0.0028444354427820647,-0.0011384294928178272,0.0021919262593249876,-0.0037349480524279596,-0.0055711797069137635,-0.001898716397942156,0.15,within_class_effect_larger,reversed
H8B0148,S117,sobol_symmetric,4.0,0.5,64,256.0,128.0,128.0,21,21,0.1,0.1,9,9,0.1,0.0,0.5,0.3,6,6,0.7,0.7,0.7,0.7,0.4,0.2,0.1,0.5,0.0,0.3,20,0.23102712121676733,0.7689728787832326,0.7612068535209318,True,0.002116316637185741,0.001279548788568686,0.0029530844858027955,0.0022644863211057293,-0.002013136928359996,-0.002854215071542866,-0.0011720587851771261,0.002344175046048816,7.968872494308679e-05,-0.0011245227718495844,0.001283900221735758,0.5,absolute_effect_difference_inconclusive,inconclusive
H8B0151,S120,sobol_symmetric,2.0,0.9,32,64.0,57.6,6.399999999999999,14,14,0.0,0.0,12,12,0.5,0.0,0.5,0.5,4,4,0.3,0.3,0.7,0.7,0.0,0.0,0.5,0.5,0.0,0.5,20,0.31808728883679294,0.6819127111632071,0.5376064483374605,True,-0.008109555199569199,-0.012436768634772702,-0.0037823417643656956,0.009302894024708127,-0.0010350204744751916,-0.0020493623640317586,-2.0678584918624272e-05,0.0017846412403261388,-0.007518252784381989,-0.01129860253417843,-0.003737903034585547,0.0,within_class_effect_larger,reversed
H8B0152,S121;X012,sobol_symmetric,3.1,0.3,32,99.2,29.76,69.44,7,7,0.3,0.3,4,4,0.5,0.0,0.5,0.4,4,4,0.5,0.5,0.7,0.7,0.0,0.1,0.5,0.5,0.0,0.4,20,0.47911474863062187,0.5208852513693781,0.5215490451320048,True,0.013264316106666615,0.011775364907092543,0.014753267306240686,0.013264316106666615,-0.0015617288290031763,-0.0034030349014043983,0.0002795772433980459,0.0034259365881849765,-0.009838379518481637,-0.012025111207213569,-0.007651647829749706,0.05,within_class_effect_larger,reversed
H8B0157,S126,sobol_symmetric,2.0,0.9,64,128.0,115.2,12.799999999999995,14,14,0.1,0.1,4,4,0.4,0.0,0.5,0.4,4,4,0.3,0.3,0.3,0.3,0.1,0.1,0.4,0.5,0.0,0.4,20,0.8381298518055796,0.16187014819442025,0.02747182126697295,True,0.008882834648470237,0.00752287273450487,0.010242796562435603,0.008882834648470237,-0.00036432569036482507,-0.0016238860579701891,0.0008952346772405391,0.0019484498495516422,-0.0069343847989185945,-0.008618913042091461,-0.005249856555745727,0.05,within_class_effect_larger,reversed
H8B0158,S127,sobol_symmetric,1.25,0.3,16,20.0,6.0,14.0,21,21,0.0,0.0,6,6,0.4,0.0,0.5,0.3,6,6,0.5,0.5,0.7,0.7,0.1,0.2,0.4,0.5,0.0,0.3,20,0.6475723311967145,0.35242766880328547,0.379881073252126,True,0.017918210559235377,0.011990694357251041,0.023845726761219713,0.018636692782523757,-0.022031013919943648,-0.02878204639328478,-0.015279981446602519,0.022901172268015035,0.004264479485491282,-0.0062715104002563395,0.014800469371238904,0.6,absolute_effect_difference_inconclusive,inconclusive
H8B0159,S128,sobol_symmetric,3.1,0.5,64,198.4,99.2,99.2,7,7,0.3,0.3,4,4,0.4,0.0,0.5,0.2,4,4,0.0,0.0,0.3,0.3,0.1,0.3,0.4,0.5,0.0,0.2,20,0.47858102613564435,0.5214189738643555,0.5087846562762058,True,0.017511940167249246,0.01612912581335096,0.01889475452114753,0.017511940167249246,-0.004268461933862326,-0.0055270130310564386,-0.003009910836668214,0.004459614541769725,-0.013052325625479519,-0.015319244197384422,-0.010785407053574616,0.0,within_class_effect_larger,reversed
H8B0163,S132,sobol_symmetric,4.0,0.7,64,256.0,179.2,76.80000000000001,14,14,0.1,0.1,6,6,0.3,0.0,0.5,0.3,9,9,0.0,0.0,0.7,0.7,0.2,0.2,0.3,0.5,0.0,0.3,20,0.20304759825009988,0.7969524017499,0.7850132751732872,True,0.005028355261846173,0.004332429891106317,0.0057242806325860296,0.005028355261846173,-0.0036495920502980367,-0.004266361136383513,-0.0030328229642125606,0.0036495920502980367,-0.001378763211548137,-0.0025288524266579328,-0.0002286739964383411,0.25,absolute_effect_difference_inconclusive,inconclusive
H8B0164,S133,sobol_symmetric,3.1,0.5,32,99.2,49.6,49.6,14,14,0.1,0.1,4,4,0.3,0.0,0.5,0.2,4,4,0.5,0.5,0.5,0.5,0.2,0.3,0.3,0.5,0.0,0.2,20,0.14836964297808186,0.8516303570219181,0.8446986370546007,True,0.00384233498199622,0.002208989314119965,0.0054756806498724745,0.004293610427628488,-0.005811472018972122,-0.007312286424973953,-0.004310657612970292,0.005811472018972122,0.001517861591343634,-0.0008980306070930934,0.003933753789780361,0.6,absolute_effect_difference_inconclusive,inconclusive
H8B0171,S140,sobol_symmetric,4.0,0.9,32,128.0,115.2,12.799999999999995,7,7,0.5,0.5,4,4,0.1,0.0,0.5,0.5,4,4,0.3,0.3,0.3,0.3,0.4,0.0,0.1,0.5,0.0,0.5,20,0.5423092405094205,0.4576907594905794,0.42859737384694513,True,0.0017433818883640373,0.0010931592918695626,0.002393604484858512,0.0018588329235371764,-0.00047878056953288005,-0.0013958151447534283,0.0004382540056876683,0.001535414145959041,-0.0003234187775781355,-0.0011479890889578616,0.0005011515338015906,0.35,absolute_effect_difference_inconclusive,inconclusive
H8B0172,S141,sobol_symmetric,4.0,0.1,16,64.0,6.4,57.6,7,7,0.5,0.5,4,4,0.1,0.0,0.5,0.4,4,4,0.0,0.0,0.1,0.1,0.4,0.1,0.1,0.5,0.0,0.4,20,0.5115733048124694,0.48842669518753057,0.4840315822941756,True,0.02037250427486755,0.012804658668826416,0.027940349880908683,0.022303237767926726,-0.00031611531989964996,-0.00744353686377931,0.00681130622398001,0.011736105281142339,-0.010567132486784389,-0.017083967016511756,-0.00405029795705702,0.25,within_class_effect_larger,reversed
H8B0173,S142,sobol_symmetric,2.0,0.9,64,128.0,115.2,12.799999999999995,21,21,0.1,0.1,9,9,0.1,0.0,0.5,0.3,6,6,0.3,0.3,0.7,0.7,0.4,0.2,0.1,0.5,0.0,0.3,20,0.8873991934482746,0.11260080655172544,0.043224652465177225,True,0.0032873475810691554,0.0022602208501675547,0.004314474311970756,0.0033001560402789176,-8.695982767879806e-05,-0.0015699542409230813,0.0013960345855654852,0.0026594979027454112,-0.0006406581375335063,-0.001961854461571912,0.0006805381865048994,0.45,absolute_effect_difference_inconclusive,inconclusive
H8B0175,S144,sobol_symmetric,3.1,0.5,32,99.2,49.6,49.6,28,28,0.3,0.3,4,4,0.1,0.0,0.5,0.1,9,9,0.3,0.3,0.3,0.3,0.4,0.4,0.1,0.5,0.0,0.1,20,0.3971263006599741,0.6028736993400259,0.5923133053307714,True,0.007972794189864851,0.00609048402807439,0.009855104351655312,0.007972794189864851,-0.004190875545917733,-0.006217693282678401,-0.0021640578091570643,0.004990643428546623,-0.002982150761318228,-0.005850796410026093,-0.00011350511261036273,0.35,within_class_effect_larger,reversed
H8B0176,S145,sobol_symmetric,3.1,0.3,16,49.6,14.88,34.72,7,7,0.1,0.1,4,4,0.5,0.0,0.5,0.5,4,4,0.0,0.0,0.5,0.5,0.0,0.0,0.5,0.5,0.0,0.5,20,0.17531044850864502,0.8246895514913548,0.8128811296415759,True,0.012677112050485773,0.010001142248430649,0.015353081852540897,0.012677112050485773,-0.011809929573306666,-0.01433100578436962,-0.009288853362243712,0.011809929573306666,-0.0008671824771791057,-0.005493810927657857,0.003759445973299646,0.45,absolute_effect_difference_inconclusive,inconclusive
H8B0178,S147,sobol_symmetric,2.0,0.1,32,64.0,6.4,57.6,14,14,0.3,0.3,4,4,0.5,0.0,0.5,0.3,12,12,0.3,0.3,0.5,0.5,0.0,0.2,0.5,0.5,0.0,0.3,20,0.936960519199449,0.0630394808005511,0.0614186581938835,True,0.03121447098909459,0.025688955288184344,0.03673998669000483,0.03121447098909459,0.004496039620245311,4.001798572096475e-05,0.008952061254769658,0.008506918569210823,-0.022707552419883766,-0.02841002883961488,-0.01700507600015265,0.0,within_class_effect_larger,reversed
H8B0183,S152,sobol_symmetric,2.0,0.7,16,32.0,22.4,9.6,7,7,0.1,0.1,4,4,0.4,0.0,0.5,0.3,4,4,0.7,0.7,0.7,0.7,0.1,0.2,0.4,0.5,0.0,0.3,20,0.5927661789627795,0.4072338210372205,0.34958347642693155,True,0.006721664414098287,0.004821215940715287,0.008622112887481288,0.006734375670941366,-0.0009536073493240295,-0.0035072406213568254,0.0016000259227087665,0.004675511731206793,-0.0020588639397345725,-0.004518045495027921,0.0004003176155587757,0.35,absolute_effect_difference_inconclusive,inconclusive
H8B0186,S155,sobol_symmetric,1.25,0.5,64,80.0,40.0,40.0,7,7,0.0,0.0,4,4,0.3,0.0,0.5,0.5,4,4,0.0,0.0,0.7,0.7,0.2,0.0,0.3,0.5,0.0,0.5,20,0.8121383190983353,0.1878616809016646,0.13823702260605317,True,0.01194062495626742,0.007675668787797861,0.016205581124736978,0.013112538678022279,-0.009063659489396803,-0.014430580742283487,-0.0036967382365101177,0.011597814820635165,-0.0015147238573871124,-0.007077342796771164,0.004047895081996939,0.4,absolute_effect_difference_inconclusive,inconclusive
H8B0195,S164,sobol_symmetric,4.0,0.7,16,64.0,44.8,19.200000000000003,28,28,0.1,0.1,12,12,0.2,0.0,0.5,0.1,4,4,0.3,0.3,0.3,0.3,0.3,0.4,0.2,0.5,0.0,0.1,20,0.33678694738490195,0.6632130526150981,0.650836216797306,True,0.003844137466344583,0.002022554330933923,0.005665720601755243,0.004283640214774273,-0.002845196971520021,-0.003971232608357152,-0.0017191613346828904,0.0029327163167143107,-0.0013509238980599623,-0.0032785058205645687,0.0005766580244446439,0.3,absolute_effect_difference_inconclusive,inconclusive
H8B0196,S165,sobol_symmetric,3.1,0.1,16,49.6,4.960000000000001,44.64,28,28,0.1,0.1,9,9,0.1,0.0,0.5,0.5,9,9,0.0,0.0,0.1,0.1,0.4,0.0,0.1,0.5,0.0,0.5,20,0.29516723182015897,0.704832768179841,0.7036360788961893,True,0.01772412490321343,0.011827312194526422,0.023620937611900435,0.018365923180056427,-0.015365631192352514,-0.020867024869282887,-0.009864237515422142,0.01691945300270952,-0.0014464701773469035,-0.008629148969744028,0.00573620861505022,0.55,absolute_effect_difference_inconclusive,inconclusive
H8B0205,S174,sobol_symmetric,2.0,0.7,16,32.0,22.4,9.6,7,7,0.1,0.1,4,4,0.5,0.0,0.5,0.1,4,4,0.0,0.0,0.5,0.5,0.0,0.4,0.5,0.5,0.0,0.1,20,0.7073655452945586,0.29263445470544136,0.18351644126599093,True,-0.01327624023739779,-0.019623450922640367,-0.006929029552155213,0.015285283938278021,-0.0043274110839143535,-0.011650761990157752,0.0029959398223290447,0.013187866715087024,-0.0020974172231909977,-0.007672470201846067,0.0034776357554640713,0.55,absolute_effect_difference_inconclusive,inconclusive
H8B0208,S177,sobol_symmetric,3.1,0.1,64,198.4,19.840000000000003,178.56,21,21,0.1,0.1,4,4,0.4,0.0,0.5,0.3,9,9,0.3,0.3,0.7,0.7,0.1,0.2,0.4,0.5,0.0,0.3,20,0.1337832875145264,0.8662167124854736,0.8658074112557197,True,0.007498637279984741,0.005169617726351643,0.009827656833617839,0.00750377070977278,-0.00861893627782374,-0.011477973589567736,-0.005759898966079745,0.00861893627782374,0.0011151655680509604,-0.0035223434598065343,0.0057526745959084555,0.45,absolute_effect_difference_inconclusive,inconclusive
H8B0215,S184,sobol_symmetric,2.0,0.9,32,64.0,57.6,6.399999999999999,21,21,0.1,0.1,6,6,0.3,0.0,0.5,0.1,4,4,0.0,0.0,0.0,0.0,0.2,0.4,0.3,0.5,0.0,0.1,20,0.8793515580241881,0.12064844197581208,0.026017875288943747,True,0.007430539607028807,0.005330697665665503,0.00953038154839211,0.007430539607028807,0.0007958156513439479,-0.0010663898044018546,0.0026580211070897503,0.0030613334297710875,-0.00436920617725772,-0.005926039357443534,-0.002812372997071907,0.1,within_class_effect_larger,reversed
H8B0218,S187,sobol_symmetric,1.25,0.1,16,20.0,2.0,18.0,21,21,0.0,0.0,12,12,0.2,0.0,0.5,0.3,9,9,0.3,0.3,0.3,0.3,0.3,0.2,0.2,0.5,0.0,0.3,20,0.43123428573497796,0.568765714265022,0.6729137716457607,True,0.031021232059301518,0.018577697511512694,0.04346476660709034,0.03499202942916823,-0.04399953516414583,-0.05608418998648486,-0.0319148803418068,0.04399953516414583,0.009007505734977588,-0.010684878627667094,0.02869989009762227,0.65,absolute_effect_difference_inconclusive,inconclusive
H8B0219,S188,sobol_symmetric,3.1,0.9,64,198.4,178.56,19.84,7,7,0.3,0.3,4,4,0.2,0.0,0.5,0.2,4,4,0.0,0.0,0.1,0.1,0.3,0.3,0.2,0.5,0.0,0.2,20,0.49730653443356604,0.5026934655664339,0.4653406879244927,True,0.0014394433652580418,0.0003190795083114549,0.0025598072222046287,0.002416041450584672,-0.0018582566724217931,-0.002830176892378158,-0.0008863364524654282,0.002264426133816444,-0.00015161531676822771,-0.0013387997772269936,0.0010355691436905383,0.4,absolute_effect_difference_inconclusive,inconclusive
H8B0220,S189,sobol_symmetric,4.0,0.3,64,256.0,76.8,179.2,7,7,0.3,0.3,4,4,0.2,0.0,0.5,0.1,4,4,0.5,0.5,0.5,0.5,0.3,0.4,0.2,0.5,0.0,0.1,20,0.4302576482224595,0.5697423517775404,0.5551058964192632,True,0.006749576195891368,0.005458755046720603,0.008040397345062133,0.006749576195891368,-0.0013836330801280708,-0.0022237029441260106,-0.0005435632161301311,0.0018855218792986606,-0.004864054316592708,-0.006313152760014685,-0.003414955873170732,0.05,within_class_effect_larger,reversed
H8B0223,S192;X066,sobol_symmetric,3.1,0.7,16,49.6,34.72,14.880000000000004,28,28,0.5,0.5,4,4,0.1,0.0,0.5,0.3,12,12,0.5,0.5,0.7,0.7,0.4,0.2,0.1,0.5,0.0,0.3,20,0.7641388785188674,0.2358611214811325,0.20299255712287093,True,0.005298311198704426,0.0037770422429137585,0.006819580154495094,0.0055276447953813545,0.000524509518122393,-0.0014942793589943345,0.0025432983952391203,0.0031428783425428235,-0.0023847664528385314,-0.004006624299378182,-0.0007629086062988801,0.25,absolute_effect_difference_inconclusive,inconclusive
H8B0224,S193,sobol_symmetric,3.1,0.5,64,198.4,99.2,99.2,14,14,0.3,0.3,6,6,0.1,0.0,0.5,0.2,12,12,0.3,0.3,0.3,0.3,0.4,0.3,0.1,0.5,0.0,0.2,20,0.6804295358169503,0.31957046418304963,0.2990388344511196,True,0.011419289062894878,0.009820762533739796,0.01301781559204996,0.011419289062894878,-0.0008735366508466818,-0.0025612586242305915,0.0008141853225372278,0.0030703860731481542,-0.008348902989746724,-0.010380850856967624,-0.006316955122525824,0.0,within_class_effect_larger,reversed
H8B0226,S195,sobol_symmetric,2.0,0.1,32,64.0,6.4,57.6,7,7,0.1,0.1,4,4,0.5,0.0,0.5,0.5,4,4,0.0,0.0,0.5,0.5,0.0,0.0,0.5,0.5,0.0,0.5,20,0.39853794646083346,0.6014620535391666,0.6531281113627143,True,0.028983945324805572,0.023555276819713856,0.03441261382989729,0.028983945324805572,-0.016786114082432475,-0.02152701775114834,-0.01204521041371661,0.016786114082432475,-0.012197831242373097,-0.021052801098772424,-0.003342861385973771,0.35,within_class_effect_larger,reversed
H8B0227,S196,sobol_symmetric,4.0,0.9,16,64.0,57.6,6.399999999999999,21,21,0.5,0.5,4,4,0.5,0.0,0.5,0.4,9,9,0.5,0.5,0.5,0.5,0.0,0.1,0.5,0.5,0.0,0.4,20,0.947813461680283,0.05218653831971687,0.01235442324887973,True,0.004585817091034406,0.0033812467042910327,0.00579038747777778,0.004585817091034406,0.0005670538247624007,-0.00018341588322536451,0.001317523532750166,0.0012239802562929321,-0.003361836834741474,-0.00470557125334786,-0.002018102416135088,0.1,within_class_effect_larger,reversed
H8B0228,S197,sobol_symmetric,4.0,0.3,16,64.0,19.2,44.8,21,21,0.5,0.5,6,6,0.5,0.0,0.5,0.3,4,4,0.0,0.0,0.7,0.7,0.0,0.2,0.5,0.5,0.0,0.3,20,0.9465593599523114,0.053440640047688524,0.04243006201212224,True,0.02299572048033894,0.020316911401236287,0.025674529559441592,0.02299572048033894,0.00029478818269285806,-0.0020136595773001184,0.0026032359426858345,0.00363517418803546,-0.019360546292303476,-0.02232142845863499,-0.016399664125971963,0.0,within_class_effect_larger,reversed
H8B0231,S200,sobol_symmetric,3.1,0.7,32,99.2,69.44,29.760000000000005,14,14,0.3,0.3,4,4,0.4,0.0,0.5,0.5,6,6,0.0,0.0,0.1,0.1,0.1,0.0,0.4,0.5,0.0,0.5,20,0.6516702512029097,0.3483297487970903,0.30125909060342054,True,0.0171845030881391,0.01575975741356013,0.01860924876271807,0.0171845030881391,-0.0007353953645259315,-0.0021356799929518424,0.0006648892638999793,0.002578862552981448,-0.014605640535157652,-0.016317765163248163,-0.012893515907067141,0.0,within_class_effect_larger,reversed
H8B0235,S204,sobol_symmetric,4.0,0.7,64,256.0,179.2,76.80000000000001,28,28,0.1,0.1,6,6,0.4,0.0,0.5,0.1,6,6,0.0,0.0,0.3,0.3,0.1,0.4,0.4,0.5,0.0,0.1,20,0.19908240074564115,0.8009175992543588,0.7918885129066736,True,0.0063178310085538255,0.005420408355582037,0.007215253661525614,0.0063178310085538255,-0.003469699890329367,-0.0044196335278786445,-0.002519766252780089,0.0035023493308226185,-0.0028154816777312074,-0.004400500944310873,-0.0012304624111515415,0.3,within_class_effect_larger,reversed
H8B0243,S212,sobol_symmetric,4.0,0.7,16,64.0,44.8,19.200000000000003,7,7,0.3,0.3,4,4,0.2,0.0,0.5,0.3,4,4,0.3,0.3,0.7,0.7,0.3,0.2,0.2,0.5,0.0,0.3,20,0.3734007716431744,0.6265992283568256,0.6100851861313655,True,0.0046669161804732085,0.0030039484756015835,0.006329883885344834,0.0050235131059389055,-0.0006385656830801944,-0.0019338980220181769,0.000656766655857788,0.0019501745869279108,-0.0030733385190109944,-0.004503410477814029,-0.0016432665602079603,0.2,within_class_effect_larger,reversed
H8B0244,S213,sobol_symmetric,4.0,0.3,32,128.0,38.4,89.6,7,7,0.3,0.3,4,4,0.2,0.0,0.5,0.2,4,4,0.0,0.0,0.0,0.0,0.3,0.3,0.2,0.5,0.0,0.2,20,0.4069359311097899,0.59306406889021,0.5782432444488829,True,0.015333167928900007,0.01316570947957165,0.017500626378228364,0.015333167928900007,-0.003518000556711272,-0.005763309384279883,-0.001272691729142661,0.004645762090566401,-0.010687405838333604,-0.014198432235262886,-0.007176379441404323,0.1,within_class_effect_larger,reversed
H8B0248,S217,sobol_symmetric,2.0,0.3,16,32.0,9.6,22.4,21,21,0.1,0.1,9,9,0.1,0.0,0.5,0.3,12,12,0.0,0.0,0.1,0.1,0.4,0.2,0.1,0.5,0.0,0.3,20,0.7828182511071773,0.21718174889282277,0.20793650097028832,True,0.03004181180817726,0.024619208054624336,0.03546441556173018,0.03004181180817726,-0.007462092978055554,-0.012401148723209339,-0.0025230372329017696,0.010658936788940879,-0.01938287501923638,-0.026235891549571178,-0.012529858488901584,0.1,within_class_effect_larger,reversed
H8B0255,S224,sobol_symmetric,3.1,0.5,32,99.2,49.6,49.6,21,21,0.1,0.1,12,12,0.5,0.0,0.5,0.1,6,6,0.5,0.5,0.5,0.5,0.0,0.4,0.5,0.5,0.0,0.1,20,0.5204050119189412,0.4795949880810588,0.460908044140017,True,0.009381129232907976,0.007768875667104555,0.010993382798711397,0.009381129232907976,-0.0020653500523426446,-0.0034354711477807727,-0.0006952289569045163,0.0029574868758299065,-0.006423642357078069,-0.00850509994597196,-0.004342184768184177,0.05,within_class_effect_larger,reversed
H8B0256,X001,asymmetric_stress,4.0,0.3,32,128.0,38.4,89.6,21,21,0.1,0.3,12,12,0.4,0.0,0.5,0.5,12,4,0.0,0.0,0.7,0.7,0.1,0.0,0.4,0.5,0.0,0.5,20,0.9528286849112554,0.04717131508874463,0.01951624953682919,True,0.030327419153913626,0.02811777055580261,0.03253706775202464,0.030327419153913626,-9.04444804092852e-05,-0.002117893820316636,0.0019370048594980656,0.0030935084162005467,-0.027233910737713075,-0.029530612778741094,-0.024937208696685056,0.0,within_class_effect_larger,reversed
H8B0258,X003,asymmetric_stress,1.25,0.1,32,40.0,4.0,36.0,14,14,0.3,0.0,4,9,0.4,0.0,0.5,0.3,6,6,0.0,0.0,0.7,0.7,0.1,0.2,0.4,0.5,0.0,0.3,20,0.011083037026683538,0.9889169629733164,0.4433449942466625,True,0.00045211210224560007,-0.0018129279070019924,0.0027171521114931927,0.004095884152372479,-0.0020651391425579356,-0.0038024783255232886,-0.0003277999595925826,0.003441934970507865,-0.000653949181864615,-0.002114471112434438,0.0008065727487052085,0.45,absolute_effect_difference_inconclusive,inconclusive
H8B0259,X005,asymmetric_stress,4.0,0.5,32,128.0,64.0,64.0,21,28,0.1,0.1,4,4,0.4,0.0,0.5,0.2,4,4,0.0,0.0,0.7,0.7,0.1,0.3,0.4,0.5,0.0,0.2,20,0.12140808817349717,0.8785919118265028,0.874783648326995,True,0.006526795810310712,0.005363705002014139,0.007689886618607285,0.006526795810310712,-0.0026653301959063957,-0.0040585736821818885,-0.001272086709630903,0.003219514447868056,-0.0033072813624426566,-0.005186307171764274,-0.0014282555531210388,0.2,within_class_effect_larger,reversed
H8B0260,X006,asymmetric_stress,2.0,0.1,32,64.0,6.4,57.6,7,21,0.1,0.1,4,4,0.4,0.0,0.5,0.1,4,4,0.0,0.0,0.5,0.5,0.1,0.4,0.4,0.5,0.0,0.1,20,0.6289454487363979,0.371054551263602,0.7912698494595897,True,0.016241524050291417,0.010227986638437998,0.022255061462144836,0.016792028628458727,-0.0005632196837212833,-0.004890233442562222,0.0037637940751196557,0.007732768340703795,-0.009059260287754934,-0.015124830394863925,-0.002993690180645943,0.25,within_class_effect_larger,reversed
H8B0262,X008,asymmetric_stress,3.1,0.1,32,99.2,9.920000000000002,89.28,14,14,0.1,0.1,9,9,0.3,0.0,0.5,0.4,6,6,0.0,0.3,0.3,0.3,0.2,0.1,0.3,0.5,0.0,0.4,20,0.30311307937066145,0.6968869206293384,0.6837434890860854,True,0.018875145260078344,0.013270544381898083,0.024479746138258603,0.01955613161112821,-0.005617440668109859,-0.009128073414418247,-0.0021068079218014703,0.007578132681803513,-0.011977998929324699,-0.017774059452190988,-0.00618193840645841,0.1,within_class_effect_larger,reversed
H8B0272,X021,asymmetric_stress,3.1,0.9,16,49.6,44.64,4.959999999999999,28,21,0.3,0.3,4,4,0.1,0.0,0.5,0.4,6,6,0.3,0.3,0.7,0.3,0.4,0.1,0.1,0.5,0.0,0.4,20,0.4455455128162285,0.5544544871837715,0.5273416285655133,True,0.0015826374396342283,0.00011663705318659592,0.0030486378260818608,0.002681618489790087,-0.0012983398015934899,-0.002917695946889411,0.00032101634370243167,0.0030513582069659566,0.0003697397171758696,-0.0008678032041039362,0.0016072826384556753,0.6,absolute_effect_difference_inconclusive,inconclusive
H8B0274,X023,asymmetric_stress,3.1,0.9,32,99.2,89.28,9.919999999999998,21,21,0.1,0.1,4,6,0.1,0.0,0.5,0.2,9,9,0.5,0.5,0.7,0.7,0.4,0.3,0.1,0.5,0.0,0.2,20,0.13583943058546583,0.864160569414534,0.7405801762638898,True,-0.001293868080018913,-0.0027592335481136042,0.00017149738807577817,0.0026480763007578276,-0.004125035559525282,-0.005732972551728867,-0.0025170985673216976,0.004192268933229655,0.0015441926324718275,-0.000295953948801159,0.003384339213744814,0.6,absolute_effect_difference_inconclusive,inconclusive
H8B0278,X027,asymmetric_stress,4.0,0.7,32,128.0,89.6,38.400000000000006,21,7,0.1,0.1,4,4,0.5,0.0,0.5,0.3,4,4,0.3,0.3,0.7,0.7,0.0,0.2,0.5,0.5,0.0,0.3,20,0.1470534290645344,0.8529465709354656,0.37389083274180634,True,0.005090635663294884,0.0041322638290105,0.006049007497579268,0.005090635663294884,-0.0006925813520392461,-0.0016647140082852337,0.00027955130420674146,0.0016817005920582947,-0.003408935071236589,-0.004639702322359737,-0.0021781678201134415,0.1,within_class_effect_larger,reversed
H8B0280,X030,asymmetric_stress,4.0,0.9,64,256.0,230.4,25.599999999999994,14,14,0.1,0.1,9,9,0.5,0.0,0.5,0.1,6,6,0.3,0.0,0.3,0.3,0.0,0.4,0.5,0.5,0.0,0.1,20,0.3916789545051159,0.6083210454948841,0.5849072693552304,True,0.003056463642946229,0.0024165145070504995,0.0036964127788419584,0.003056463642946229,-0.0006371609929545705,-0.0012380786440689211,-3.624334184021969e-05,0.0011354835541195082,-0.0019209800888267208,-0.0028721998235525428,-0.0009697603541008987,0.3,absolute_effect_difference_inconclusive,inconclusive
H8B0287,X040,asymmetric_stress,3.1,0.5,32,99.2,49.6,49.6,14,21,0.1,0.1,12,12,0.3,0.0,0.5,0.4,6,6,0.5,0.5,0.5,0.5,0.2,0.1,0.3,0.5,0.0,0.4,20,0.5273337624373564,0.4726662375626436,0.4816527387066804,True,0.007698691184308469,0.00593001890404552,0.009467363464571419,0.007894467354559688,-0.004460325020917859,-0.006255854190064049,-0.002664795851771669,0.004594122368339608,-0.00330034498622008,-0.006282536499595846,-0.0003181534728443143,0.3,within_class_effect_larger,reversed
H8B0293,X048,asymmetric_stress,4.0,0.3,32,128.0,38.4,89.6,14,14,0.0,0.5,6,6,0.2,0.0,0.5,0.3,4,4,0.7,0.7,0.7,0.7,0.3,0.2,0.2,0.5,0.0,0.3,20,0.34280603557241796,0.657193964427582,0.6414922769635484,True,0.00737343303717729,0.0053267317612385665,0.009420134313116014,0.00737343303717729,0.00012330082037077805,-0.0017087074998073722,0.001955309140548928,0.0030709796647947402,-0.0043024533723825505,-0.006413423738313422,-0.0021914830064516783,0.15,within_class_effect_larger,reversed
H8B0294,X049,asymmetric_stress,4.0,0.3,16,64.0,19.2,44.8,14,21,0.3,0.3,6,6,0.2,0.0,0.5,0.2,6,6,0.0,0.0,0.7,0.7,0.3,0.3,0.2,0.5,0.0,0.2,20,0.47129940390749,0.52870059609251,0.5213870345615153,True,0.01840688024057976,0.015546684657802338,0.021267075823357184,0.01840688024057976,0.0001954125608276125,-0.0022619254387838666,0.0026527505604390916,0.004211362589474033,-0.01419551765110573,-0.016944785392109078,-0.011446249910102381,0.0,within_class_effect_larger,reversed
H8B0296,X051,asymmetric_stress,1.25,0.1,16,20.0,2.0,18.0,14,21,0.5,0.0,12,12,0.1,0.0,0.5,0.5,9,9,0.3,0.3,0.5,0.3,0.4,0.0,0.1,0.5,0.0,0.5,20,0.810201678178224,0.1897983218217759,0.21308168974200176,True,-7.517637457122514e-05,-0.0017363779906675563,0.0015860252415251061,0.0028080380672631145,-3.9570637016640055e-05,-0.0006941035475572088,0.0006149622735239288,0.0008798878886236997,-0.0019281501786394147,-0.003111513137299864,-0.0007447872199789656,0.2,absolute_effect_difference_inconclusive,inconclusive
H8B0297,X052,asymmetric_stress,4.0,0.7,32,128.0,89.6,38.400000000000006,21,14,0.1,0.1,12,12,0.1,0.0,0.5,0.4,12,12,0.0,0.0,0.5,0.5,0.4,0.1,0.1,0.5,0.0,0.4,20,0.3118697799836407,0.6881302200163593,0.3358670235241879,True,0.005946948011389959,0.004715912219820877,0.007177983802959041,0.005946948011389959,-0.0007985296088911797,-0.0019218553193681561,0.00032479610158579666,0.002012879484237712,-0.003934068527152247,-0.005170189782623864,-0.00269794727168063,0.05,within_class_effect_larger,reversed
H8B0299,X055,asymmetric_stress,4.0,0.3,64,256.0,76.8,179.2,7,7,0.3,0.3,4,4,0.1,0.0,0.5,0.2,4,4,0.5,0.5,0.5,0.7,0.4,0.3,0.1,0.5,0.0,0.2,20,0.39889514528519926,0.6011048547148008,0.5858447002830482,True,0.006167512047555427,0.00521767352826386,0.0071173505668469935,0.006167512047555427,-0.0023224384398893546,-0.003835241783224122,-0.0008096350965545872,0.003248145496073476,-0.002919366551481951,-0.004662678886607366,-0.001176054216356536,0.2,within_class_effect_larger,reversed
H8B0305,X062,asymmetric_stress,4.0,0.5,16,64.0,32.0,32.0,14,14,0.0,0.3,4,4,0.5,0.0,0.5,0.1,4,12,0.5,0.5,0.5,0.5,0.0,0.4,0.5,0.5,0.0,0.1,20,0.10532016898006709,0.8946798310199329,0.8846644299422131,True,0.0027966476812223084,0.000997453147777759,0.004595842214666858,0.004048065225772729,-0.0036874990548732096,-0.004668302318992281,-0.002706695790754138,0.0037931841322946984,-0.00025488109347803075,-0.0018170352922846993,0.001307273105328638,0.45,absolute_effect_difference_inconclusive,inconclusive
H8B0307,X064,asymmetric_stress,4.0,0.7,16,64.0,44.8,19.200000000000003,7,7,0.3,0.5,4,4,0.4,0.0,0.5,0.4,4,4,0.7,0.3,0.7,0.7,0.1,0.1,0.4,0.5,0.0,0.4,20,0.4995148845112441,0.500485115488756,0.4703262572745556,True,0.0037168376056594303,0.0024450572543173073,0.004988617957001553,0.00393333782005615,-9.362321589927447e-05,-0.001345471986063663,0.001158225554265114,0.001925517170577136,-0.002007820649479014,-0.003411200995143386,-0.0006044403038146418,0.2,absolute_effect_difference_inconclusive,inconclusive
H8B0312,X071,asymmetric_stress,1.25,0.3,16,20.0,6.0,14.0,21,21,0.0,0.0,6,6,0.3,0.0,0.5,0.4,6,6,0.7,0.5,0.7,0.5,0.2,0.1,0.3,0.5,0.0,0.4,20,0.6573441007292915,0.3426558992707084,0.3515685222203822,True,0.016895085336305703,0.012200207442401568,0.021589963230209838,0.017214773804498013,-0.005057100816007109,-0.010265698545706591,0.00015149691369237273,0.00984618207484667,-0.007368591729651343,-0.013677632768601348,-0.0010595506907013375,0.25,within_class_effect_larger,reversed
H8B0313,X073,asymmetric_stress,4.0,0.7,32,128.0,89.6,38.400000000000006,28,7,0.1,0.1,4,4,0.3,0.0,0.5,0.3,4,4,0.3,0.3,0.7,0.7,0.2,0.2,0.3,0.5,0.0,0.3,20,0.1217097871411716,0.8782902128588284,0.4118579326924546,True,0.002499102328904458,0.0013907056945507803,0.0036074989632581354,0.0028917110768005585,-0.00017586471528372726,-0.001070808969334909,0.0007190795387674544,0.001504750624959994,-0.0013869604518405645,-0.002447255687401003,-0.00032666521628012604,0.3,absolute_effect_difference_inconclusive,inconclusive
H8B0317,X077,asymmetric_stress,4.0,0.5,16,64.0,32.0,32.0,7,7,0.5,0.0,4,4,0.2,0.0,0.5,0.4,4,4,0.0,0.0,0.3,0.7,0.3,0.1,0.2,0.5,0.0,0.4,20,0.17616462982420358,0.8238353701757963,0.82346174747291,True,0.0038184134394933047,0.002885503315459064,0.004751323563527545,0.0038184134394933047,-0.003906319501015695,-0.005119284647958446,-0.002693354354072945,0.003906319501015695,8.79060615223897e-05,-0.0018296223223763172,0.0020054344454210967,0.5,absolute_effect_difference_inconclusive,inconclusive
H8B0318,X079,asymmetric_stress,3.1,0.5,64,198.4,99.2,99.2,28,7,0.3,0.3,4,4,0.2,0.0,0.5,0.3,4,4,0.0,0.0,0.3,0.3,0.3,0.2,0.2,0.5,0.0,0.3,20,0.4232748704228019,0.5767251295771981,0.5654775027515437,True,0.013059410330928774,0.011959541945171471,0.014159278716686078,0.013059410330928774,-0.003963938173151357,-0.0054624687560694656,-0.0024654075902332487,0.004368359396546969,-0.008691050934381805,-0.01063100691253853,-0.00675109495622508,0.0,within_class_effect_larger,reversed
H8B0319,X080,asymmetric_stress,2.0,0.5,32,64.0,32.0,32.0,14,28,0.1,0.1,9,9,0.2,0.0,0.5,0.2,9,9,0.0,0.0,0.7,0.7,0.3,0.3,0.2,0.5,0.0,0.2,20,0.9021613536213753,0.09783864637862454,0.056961937844600775,True,0.01748777795272557,0.013515533031407224,0.02146002287404392,0.01748777795272557,0.0024598473574462625,-0.0022975806707929143,0.007217275385685439,0.007707777206890179,-0.009780000745835394,-0.015039532530744873,-0.004520468960925914,0.2,within_class_effect_larger,reversed
H8B0322,X085,asymmetric_stress,2.0,0.3,16,32.0,9.6,22.4,14,21,0.1,0.1,4,9,0.1,0.0,0.5,0.4,6,6,0.0,0.0,0.3,0.3,0.4,0.1,0.1,0.5,0.0,0.4,20,0.20520475441588718,0.7947952455841127,0.03462743408495484,True,0.01062324876749553,0.006199058146149561,0.0150474393888415,0.012418333167440909,-0.0012768153619172884,-0.005578554046135158,0.003024923322300581,0.007442163376657129,-0.0049761697907837795,-0.00911443412650263,-0.0008379054550649283,0.35,within_class_effect_larger,reversed
H8B0324,X088,asymmetric_stress,4.0,0.7,32,128.0,89.6,38.400000000000006,21,14,0.1,0.5,9,12,0.1,0.0,0.5,0.2,12,12,0.0,0.0,0.5,0.5,0.4,0.3,0.1,0.5,0.0,0.2,20,0.3610314888807221,0.6389685111192779,0.14864954538484487,True,-0.005021901189650513,-0.0077400066385300325,-0.002303795740770993,0.005790710567997631,-0.00015518595840972315,-0.0019340123714501195,0.0016236404546306734,0.0027830824985960096,-0.0030076280694016216,-0.005244559367192677,-0.0007706967716105671,0.3,within_class_effect_larger,reversed
H8B0326,X091,asymmetric_stress,2.0,0.3,64,128.0,38.4,89.6,14,14,0.5,0.1,4,4,0.5,0.0,0.5,0.5,9,4,0.0,0.0,0.0,0.3,0.0,0.0,0.5,0.5,0.0,0.5,20,0.7226089856750653,0.27739101432493474,0.29120936845199064,True,0.018892812018163486,0.017192310930820937,0.020593313105506036,0.018892812018163486,-0.002891034178681127,-0.004460726138776472,-0.001321342218585782,0.0035182264696378062,-0.01537458554852568,-0.017984236948098982,-0.012764934148952377,0.0,within_class_effect_larger,reversed
H8B0335,X100,asymmetric_stress,3.1,0.5,32,99.2,49.6,49.6,21,21,0.0,0.1,12,12,0.4,0.0,0.5,0.1,6,6,0.5,0.5,0.5,0.5,0.1,0.4,0.4,0.5,0.0,0.1,20,0.22566455090806645,0.7743354490919335,0.7555443193756649,True,0.0049032377695677936,0.0031798520470926964,0.006626623492042891,0.0052629656852987445,-0.00615239059591188,-0.00796181282918694,-0.00434296836263682,0.006318868841489541,0.0010559031561907975,-0.0015304037250280414,0.003642210037409636,0.55,absolute_effect_difference_inconclusive,inconclusive
H8B0336,X102,asymmetric_stress,4.0,0.3,32,128.0,38.4,89.6,28,14,0.1,0.5,4,6,0.3,0.0,0.5,0.5,12,12,0.3,0.3,0.7,0.7,0.2,0.0,0.3,0.5,0.0,0.5,20,0.3680454825155884,0.6319545174844116,0.3454220841629782,True,0.016458556764959255,0.013838522489694558,0.01907859104022395,0.016458556764959255,0.0005161358961534607,-0.0021380538237917553,0.003170325616098677,0.004441364015658436,-0.01201719274930082,-0.014880669046345208,-0.009153716452256433,0.05,within_class_effect_larger,reversed
H8B0337,X103,asymmetric_stress,3.1,0.7,64,198.4,138.88,59.52000000000001,14,14,0.1,0.5,4,4,0.3,0.0,0.5,0.4,9,9,0.0,0.0,0.5,0.7,0.2,0.1,0.3,0.5,0.0,0.4,20,0.28397758361926223,0.7160224163807378,0.6951263469689513,True,0.007965812644265635,0.006628133408386809,0.00930349188014446,0.007965812644265635,-0.0013768195556437795,-0.002283884458834459,-0.00046975465245309986,0.0017394829063229172,-0.006226329737942718,-0.007877856243044745,-0.004574803232840691,0.05,within_class_effect_larger,reversed
H8B0339,X105,asymmetric_stress,4.0,0.1,16,64.0,6.4,57.6,14,21,0.1,0.1,4,4,0.3,0.0,0.5,0.2,4,12,0.0,0.3,0.3,0.3,0.2,0.3,0.3,0.5,0.0,0.2,20,0.2612821632990958,0.7387178367009042,0.8846897738255795,True,0.007082441974890613,0.0025864625552794772,0.01157842139450175,0.009445770163260406,-0.008058972344689299,-0.011975956362117707,-0.004141988327260892,0.009431780366166213,-1.3989797094192403e-05,-0.005169287334660665,0.00514130774047228,0.5,absolute_effect_difference_inconclusive,inconclusive
H8B0343,X109,asymmetric_stress,4.0,0.7,32,128.0,89.6,38.400000000000006,21,21,0.1,0.1,6,12,0.2,0.0,0.5,0.3,12,12,0.0,0.0,0.5,0.5,0.3,0.2,0.2,0.5,0.0,0.3,20,0.16813540726561366,0.8318645927343862,0.5941399660443898,True,0.0037884137518361507,0.0028676644206645473,0.004709163083007754,0.0037884137518361507,-0.001832527467053996,-0.0031448253036171726,-0.0005202296304908196,0.002712803349180848,-0.0010756104026553026,-0.0024246628729765653,0.0002734420676659599,0.25,absolute_effect_difference_inconclusive,inconclusive
H8B0344,X111,asymmetric_stress,4.0,0.5,32,128.0,64.0,64.0,14,14,0.3,0.3,4,6,0.2,0.0,0.5,0.2,6,12,0.7,0.7,0.7,0.7,0.3,0.3,0.2,0.5,0.0,0.2,20,0.3247094091263757,0.6752905908736243,0.46703121207832476,True,0.0024675114140854815,0.0015844847632764626,0.0033505380648945005,0.0024675114140854815,-0.0009114131268095685,-0.001896334685500539,7.350843188140208e-05,0.0018496394331269008,-0.0006178719809585807,-0.001907751316542569,0.0006720073546254075,0.4,absolute_effect_difference_inconclusive,inconclusive
H8B0348,X115,asymmetric_stress,2.0,0.9,32,64.0,57.6,6.399999999999999,14,7,0.3,0.3,4,4,0.1,0.0,0.5,0.3,4,4,0.0,0.0,0.5,0.5,0.4,0.2,0.1,0.5,0.0,0.3,20,0.9399094279992013,0.060090572000798814,0.021323220547291643,True,0.0002574430819899193,-0.0022354495563241595,0.002750335720303998,0.004172231915340654,0.0002286829950239766,-0.0016128532297535378,0.002070219219801491,0.0032048991714268725,-0.0009673327439137819,-0.002689317609429285,0.0007546521216017213,0.4,absolute_effect_difference_inconclusive,inconclusive
H8B0351,X119,asymmetric_stress,4.0,0.7,32,128.0,89.6,38.400000000000006,7,7,0.1,0.3,4,4,0.5,0.0,0.5,0.5,4,4,0.3,0.3,0.7,0.7,0.0,0.0,0.5,0.5,0.0,0.5,20,0.27365242498035214,0.7263475750196478,0.7062909526624608,True,0.00484096293090038,0.0038470938587521738,0.005834832003048586,0.00484096293090038,0.0004707307910922699,-0.00036724734809267444,0.0013087089302772142,0.0014425995027861301,-0.0033983634281142504,-0.004533168567194719,-0.0022635582890337814,0.1,within_class_effect_larger,reversed
H8B0355,X123,asymmetric_stress,3.1,0.3,32,99.2,29.76,69.44,14,14,0.5,0.0,9,9,0.5,0.0,0.5,0.1,6,6,0.0,0.0,0.0,0.0,0.0,0.4,0.5,0.5,0.0,0.1,20,0.03580500035845596,0.9641949996415441,0.9637004104893755,True,0.00010446805087273918,-1.8029079459181178e-05,0.00022696518120465955,0.00021382805284483915,-0.0001321941471551911,-0.000222709300957256,-4.167899335312624e-05,0.00016908196660400112,-4.4746086240838074e-05,-0.00016253253105174778,7.304035857007162e-05,0.4,absolute_effect_difference_inconclusive,inconclusive
H8B0358,X126,asymmetric_stress,3.1,0.1,16,49.6,4.960000000000001,44.64,28,28,0.1,0.1,9,12,0.4,0.0,0.5,0.3,9,9,0.0,0.0,0.1,0.1,0.1,0.2,0.4,0.5,0.0,0.3,20,0.29823385687865733,0.7017661431213427,0.5951907243547014,True,0.015484664058709019,0.007771578765508598,0.02319774935190944,0.01881653884389032,-0.005469306865578695,-0.011647697361391903,0.0007090836302345131,0.011417798361978036,-0.007398740481912282,-0.014874657158682712,7.717619485814956e-05,0.35,absolute_effect_difference_inconclusive,inconclusive
